dataset_id	sample_id	K	method_id	method_label	implementation_setting	n_alternatives	median_ari	min_ari	max_ari	n_below_0_60	n_union_switching	union_switching_fraction	pairwise_median_switching_fraction	pairwise_median_fraction_switching_in_boundary	pairwise_median_risk_ratio	pairwise_fraction_rr_above_one	n_feature_units	fraction_with_direction_reversal	fraction_with_sign_state_change	fraction_with_block_direction_reversal	median_effect_range	fraction_all_partitions_same_direction	current_method_id	n_comparison_feature_units	fraction_reference_delta_sign_agrees	official_fraction_direction_reversal	current_fraction_direction_reversal	official_fraction_sign_state_change	current_fraction_sign_state_change
GSE267401	GSM8265211_CTC21P	4	Official_BayesSpace_nrep1000	Official_BayesSpace_nrep1000	Bioconductor BayesSpace; nrep=1000; fixed K=4/K=6; seeds 11, 23, 37.	2	0.9755868639147716	0.9748206294386088	0.976353098390934	0	65	0.0138592750533049	0.0090618336886993	1.0	3.6379888651551413	1.0	11	0.0	0.0	0.0	0.0020544884586818	1.0	BayesSpace	11	1.0	0.0	0.0	0.0	0.0
GSE267401	GSM8265211_CTC21P	6	Official_BayesSpace_nrep1000	Official_BayesSpace_nrep1000	Bioconductor BayesSpace; nrep=1000; fixed K=4/K=6; seeds 11, 23, 37.	2	0.7870169698208964	0.7852420245283863	0.7887919151134066	0	875	0.1865671641791045	0.18113006396588485	0.6809866278666944	1.502637887870751	1.0	11	0.0	0.0	0.18181818181818182	0.0328457659284212	1.0	BayesSpace	11	1.0	0.0	0.0	0.0	0.0
GSE311294	GSM9322957_TR11_206	4	Official_BayesSpace_nrep1000	Official_BayesSpace_nrep1000	Bioconductor BayesSpace; nrep=1000; fixed K=4/K=6; seeds 11, 23, 37.	2	0.7116770456254818	0.4502686709438485	0.9730854203071152	1	1302	0.3479422768572955	0.17717797969000532	0.7472910216718266	4.199882580709038	1.0	11	0.36363636363636365	0.36363636363636365	0.2727272727272727	0.0221324808072051	0.6363636363636364	BayesSpace	11	1.0	0.36363636363636365	0.36363636363636365	0.36363636363636365	0.36363636363636365
GSE311294	GSM9322957_TR11_206	6	Official_BayesSpace_nrep1000	Official_BayesSpace_nrep1000	Bioconductor BayesSpace; nrep=1000; fixed K=4/K=6; seeds 11, 23, 37.	2	0.5777063615395578	0.5446228416598097	0.6107898814193059	1	1589	0.4246392303580972	0.29756814537680387	0.8385562831306517	1.6545851869199462	1.0	11	0.09090909090909091	0.09090909090909091	0.2727272727272727	0.0290248041269129	0.9090909090909091	BayesSpace	11	1.0	0.09090909090909091	0.09090909090909091	0.09090909090909091	0.09090909090909091
GSE311294	GSM9322959_TR11_18105	4	Official_BayesSpace_nrep1000	Official_BayesSpace_nrep1000	Bioconductor BayesSpace; nrep=1000; fixed K=4/K=6; seeds 11, 23, 37.	2	0.8110258686757454	0.6556310584478146	0.9664206789036764	0	719	0.1957527906343588	0.1016879934658317	0.7322948328267478	2.6766539878561657	1.0	11	0.09090909090909091	0.09090909090909091	0.0	0.0	0.9090909090909091	BayesSpace	11	1.0	0.09090909090909091	0.09090909090909091	0.09090909090909091	0.09090909090909091
GSE311294	GSM9322959_TR11_18105	6	Official_BayesSpace_nrep1000	Official_BayesSpace_nrep1000	Bioconductor BayesSpace; nrep=1000; fixed K=4/K=6; seeds 11, 23, 37.	2	0.5538018123031635	0.5236968433208414	0.5839067812854856	2	1573	0.4282602777021508	0.2689899264906071	0.6906128107427475	1.810650834821447	1.0	11	0.18181818181818182	0.18181818181818182	0.18181818181818182	0.0	0.8181818181818182	BayesSpace	11	1.0	0.18181818181818182	0.09090909090909091	0.18181818181818182	0.09090909090909091
GSE267401	GSM8265211_CTC21P	4	Official_STAGATE_pyG	Official_STAGATE_pyG	STAGATE-linked PyG implementation; KNN spatial graph; 1000 epochs; KMeans fixed-K clustering of learned embedding.	2	0.9459440638081305	0.9454619202925524	0.9464262073237084	0	121	0.0257995735607675	0.0191897654584221	1.0	1.835242450202038	1.0	11	0.0	0.0	0.0	0.0088882988058943	1.0	M5_stagate	11	0.8181818181818182	0.0	0.0	0.0	0.0
GSE267401	GSM8265211_CTC21P	6	Official_STAGATE_pyG	Official_STAGATE_pyG	STAGATE-linked PyG implementation; KNN spatial graph; 1000 epochs; KMeans fixed-K clustering of learned embedding.	2	0.9061058979146912	0.901568508441724	0.9106432873876588	0	234	0.0498933901918976	0.0430703624733475	0.9603484235063183	1.5793457242091589	1.0	11	0.0	0.0	0.0	0.0047939778304377	1.0	M5_stagate	11	0.9090909090909091	0.0	0.36363636363636365	0.0	0.36363636363636365
GSE311294	GSM9322957_TR11_206	4	Official_STAGATE_pyG	Official_STAGATE_pyG	STAGATE-linked PyG implementation; KNN spatial graph; 1000 epochs; KMeans fixed-K clustering of learned embedding.	2	0.982702196463822	0.9818274295064796	0.9835769634211642	0	26	0.0069481560662747	0.0056119722073757	1.0	2.276537567515974	1.0	11	0.0	0.0	0.0	0.0007267599774644	1.0	M5_stagate	11	1.0	0.0	0.0	0.0	0.0
GSE311294	GSM9322957_TR11_206	6	Official_STAGATE_pyG	Official_STAGATE_pyG	STAGATE-linked PyG implementation; KNN spatial graph; 1000 epochs; KMeans fixed-K clustering of learned embedding.	2	0.975787923187056	0.9739701551274252	0.9776056912466866	0	48	0.0128273650454302	0.00908605024051305	1.0	1.804381986712814	1.0	11	0.0	0.0	0.0	0.0013919871687647	1.0	M5_stagate	11	1.0	0.0	0.2727272727272727	0.0	0.2727272727272727
GSE311294	GSM9322959_TR11_18105	4	Official_STAGATE_pyG	Official_STAGATE_pyG	STAGATE-linked PyG implementation; KNN spatial graph; 1000 epochs; KMeans fixed-K clustering of learned embedding.	2	0.995137995689232	0.9929039619407942	0.9973720294376696	0	9	0.0024503130955622	0.0016335420637081	1.0	2.9265762170790106	1.0	11	0.0	0.0	0.0	0.0	1.0	M5_stagate	11	1.0	0.0	0.09090909090909091	0.0	0.09090909090909091
GSE311294	GSM9322959_TR11_18105	6	Official_STAGATE_pyG	Official_STAGATE_pyG	STAGATE-linked PyG implementation; KNN spatial graph; 1000 epochs; KMeans fixed-K clustering of learned embedding.	2	0.996566022071872	0.99603438158441	0.997097662559334	0	8	0.0021780560849441	0.00136128505309005	1.0	2.5063209906285833	1.0	11	0.0	0.0	0.0	0.0	1.0	M5_stagate	11	1.0	0.0	0.18181818181818182	0.0	0.18181818181818182
GSE267401	GSM8265211_CTC21P	4	Official_SpaGCN_v1_2_7	Official_SpaGCN_v1_2_7	Official SpaGCN 1.2.7 SpaGCN class; histology graph; fixed-K k-means initialization.	2	0.4659169117403084	0.4538735955979723	0.4779602278826446	2	1448	0.3087420042643923	0.2498933901918976	0.9333589958939904	1.2762541040070143	1.0	11	0.0	0.0	0.09090909090909091	0.0644593392578983	1.0	M4_spagcn	11	0.5454545454545454	0.0	0.0	0.0	0.0
GSE267401	GSM8265211_CTC21P	6	Official_SpaGCN_v1_2_7	Official_SpaGCN_v1_2_7	Official SpaGCN 1.2.7 SpaGCN class; histology graph; fixed-K k-means initialization.	2	0.4592991981652998	0.4095206064724822	0.5090777898581176	2	2504	0.5339019189765458	0.3402985074626866	0.9074000701476342	1.197283559225553	1.0	11	0.0	0.0	0.0	0.069882960753275	1.0	M4_spagcn	11	1.0	0.0	0.45454545454545453	0.0	0.45454545454545453
GSE311294	GSM9322957_TR11_206	4	Official_SpaGCN_v1_2_7	Official_SpaGCN_v1_2_7	Official SpaGCN 1.2.7 SpaGCN class; histology graph; fixed-K k-means initialization.	2	0.7797049207152806	0.7548074389488058	0.8046024024817554	0	444	0.1186531266702298	0.07950293960448955	1.0	1.633991970329829	1.0	11	0.0	0.0	0.2727272727272727	0.0201516076747206	1.0	M4_spagcn	11	0.9090909090909091	0.0	0.09090909090909091	0.0	0.09090909090909091
GSE311294	GSM9322957_TR11_206	6	Official_SpaGCN_v1_2_7	Official_SpaGCN_v1_2_7	Official SpaGCN 1.2.7 SpaGCN class; histology graph; fixed-K k-means initialization.	2	0.4781401179681249	0.473495553593898	0.4827846823423517	2	1813	0.4845002672367717	0.2830037413148049	0.9389969819559494	1.291884647604094	1.0	11	0.09090909090909091	0.09090909090909091	0.36363636363636365	0.0208954932995459	0.9090909090909091	M4_spagcn	11	0.9090909090909091	0.09090909090909091	0.0	0.09090909090909091	0.0
GSE311294	GSM9322959_TR11_18105	4	Official_SpaGCN_v1_2_7	Official_SpaGCN_v1_2_7	Official SpaGCN 1.2.7 SpaGCN class; histology graph; fixed-K k-means initialization.	2	0.5925259993581129	0.528441539966942	0.6566104587492837	1	991	0.2698066975224612	0.18731282330520005	0.9869843715606427	1.4507427764624377	1.0	11	0.09090909090909091	0.09090909090909091	0.2727272727272727	0.0	0.9090909090909091	M4_spagcn	11	0.6363636363636364	0.09090909090909091	0.36363636363636365	0.09090909090909091	0.36363636363636365
GSE311294	GSM9322959_TR11_18105	6	Official_SpaGCN_v1_2_7	Official_SpaGCN_v1_2_7	Official SpaGCN 1.2.7 SpaGCN class; histology graph; fixed-K k-means initialization.	2	0.538401088529334	0.4380988400100644	0.6387033370486037	1	1635	0.4451402123604683	0.2756602232507486	0.9874266496417083	1.3293568118965151	1.0	11	0.09090909090909091	0.09090909090909091	0.09090909090909091	0.0	0.9090909090909091	M4_spagcn	11	0.9090909090909091	0.09090909090909091	0.0	0.09090909090909091	0.0
