resource	patient_id	arm	frame	n_attempted_sections	n_evaluable_sections	n_declared_maps	n_evaluable_maps	selected_delta_score	abs_deviation_score	abs_deviation_mad	near_retention	far_retention	selected_stroma_fraction	count_only_excess_mad	block_matched_excess_mad
GSE294385	Patient1	allowed	arm_specific	1	1	24	22	-0.2114979386021003	0.12737847743386876	0.2789469385220017	0.422360248447205	0.7131147540983607	0.544896960724253	0.16397755870668185	0.14970328783981543
GSE294385	Patient1	withheld	arm_specific	1	1	24	24	-0.2559692016947521	0.09016474108966954	0.19745234042893955	0.4399585921325052	0.8176229508196722	0.5983392236219576	0.11743138146988694	0.1359963618558057
GSE294385	Patient10	allowed	arm_specific	2	2	48	40	-0.209371016761578	0.13347355215751633	0.46060719980457465	0.44312114596246205	0.5510914835559384	0.39482745430659827	0.402103208555201	0.16819405356755582
GSE294385	Patient10	withheld	arm_specific	2	2	48	39	-0.21651468924577189	0.13213821240741874	0.4600282485752032	0.46568039869217126	0.5526084302743071	0.3898801713348625	0.3979858671911786	0.18122753722969442
GSE294385	Patient11	allowed	arm_specific	2	2	48	30	-0.010553635846095755	0.09410118484626945	0.30625163227359964	0.5132739001174995	0.6482067510548524	0.37888024863790215	0.21086813375570962	0.08385437732819631
GSE294385	Patient11	withheld	arm_specific	2	2	48	31	-0.006982975421989557	0.07885524828442403	0.2572957090077381	0.4479601211270493	0.5675105485232067	0.37440632018778497	0.1556674485363827	0.083760902470538
GSE294385	Patient6	allowed	arm_specific	1	1	24	7	-0.3277083672149952	0.5959741727488668	1.077115160453404	0.27147766323024053	0.8333333333333334	0.07947269303201507	0.9909949762334711	0.2933426386394919
GSE294385	Patient6	withheld	arm_specific	1	1	24	7	-0.3277083672149952	0.5959741727488668	1.077115160453404	0.27491408934707906	0.8452380952380952	0.08054196462175386	0.9860554698637785	0.28627998484166245
GSE294385	Patient9	allowed	arm_specific	2	2	48	32	0.13947476971419243	0.11491772683770862	0.2732093139045698	0.3430186528169237	0.4387912268451965	0.45293941855637065	0.19099765151506248	-0.017779203296167237
GSE294385	Patient9	withheld	arm_specific	2	2	48	32	0.22510089655935178	0.10464029184337131	0.25006796980658497	0.425182094562498	0.38954833586615734	0.43980935998410575	0.1331580329579026	-0.005716615209736802
Valdeolivas	A120838	allowed	arm_specific	2	1	48	4	-0.49699510636117095	0.2731228676899967	0.6833766906236542	0.2752808988764045	0.49112426035502954	0.8333078335373317	0.4587041063391373	0.031060400079010283
Valdeolivas	A120838	withheld	arm_specific	2	1	48	5	-0.4620608442449071	0.2381886055737329	0.5959681896939972	0.27808988764044945	0.5073964497041421	0.8694345992652766	0.3563267571526081	-0.06920337903075363
Valdeolivas	A121573	allowed	arm_specific	2	2	48	38	-0.013869192189423785	0.08927553637351882	0.3734691718213434	0.408072696534235	0.5879297665011951	0.38623795578139886	0.1684752814488418	0.07511367272028588
Valdeolivas	A121573	withheld	arm_specific	2	2	48	42	-0.02989333449878126	0.0743154253665985	0.311956078338451	0.40567413355874893	0.5804375804375804	0.35353387996273367	0.1270434627599168	-0.029911926386030886
Valdeolivas	A416371	allowed	arm_specific	2	2	48	15	0.016951117291172046	0.06473256527678017	0.2850857924356431	0.21550421389131066	0.3153379889957071	0.5253333914819709	0.08586989817913963	-0.0010963897991578958
Valdeolivas	A416371	withheld	arm_specific	2	2	48	19	0.03885768993401978	0.052575133892441756	0.2309488247437843	0.23057250799186282	0.31644144144144143	0.5210786937131349	0.03481675491256885	-0.061493402268872926
Valdeolivas	A551763	allowed	arm_specific	2	0	48	0								
Valdeolivas	A551763	withheld	arm_specific	2	0	48	0								
Valdeolivas	A595688	allowed	arm_specific	2	1	48	10	-0.028119571184517578	0.11668759796847972	0.511027443556614	0.835820895522388	0.36	0.4219204215116279	0.2573996116466762	0.1341578977076763
Valdeolivas	A595688	withheld	arm_specific	2	1	48	7	-0.03437071765197075	0.12293874443593289	0.5384040238802871	0.9104477611940298	0.30666666666666664	0.4939271255060729	0.2683157954153526	0.2538116843574461
Valdeolivas	A798015	allowed	arm_specific	2	0	48	0								
Valdeolivas	A798015	withheld	arm_specific	2	0	48	0								
Valdeolivas	A938797	allowed	arm_specific	2	2	48	14	-0.10736372202292443	0.0831159493182142	0.36015416172681264	0.36397409030291483	0.39473272499708933	0.8138444435998784	0.23466892007303747	0.1508660332773144
Valdeolivas	A938797	withheld	arm_specific	2	2	48	22	-0.06961126351986396	0.061390134553704845	0.2856524349565871	0.38914555153362546	0.5715177116078705	0.8508224854353663	0.1774878555770729	0.09140693889768493
GSE294385	Patient1	allowed	common_configurations	1	1	24	22	-0.2114979386021003	0.12737847743386876	0.2789469385220017	0.422360248447205	0.7131147540983607	0.544896960724253	0.16397755870668185	0.14970328783981543
GSE294385	Patient1	withheld	common_configurations	1	1	24	22	-0.21370138713582543	0.12517502890014365	0.27412159255260493	0.422360248447205	0.7745901639344261	0.5983392236219576	0.16854936155873904	0.15244787654553804
GSE294385	Patient10	allowed	common_configurations	2	2	48	39	-0.209371016761578	0.13347355215751633	0.46060719980457465	0.4462592212762696	0.5122657259801808	0.40079057269973417	0.402103208555201	0.16819405356755582
GSE294385	Patient10	withheld	common_configurations	2	2	48	39	-0.21651468924577189	0.13213821240741874	0.4600282485752032	0.46568039869217126	0.5526084302743071	0.3898801713348625	0.3979858671911786	0.18122753722969442
GSE294385	Patient11	allowed	common_configurations	2	2	48	29	-0.010553635846095755	0.09410118484626945	0.30625163227359964	0.5132739001174995	0.6482067510548524	0.37888024863790215	0.21086813375570962	0.083760902470538
GSE294385	Patient11	withheld	common_configurations	2	2	48	29	-0.016391273914965365	0.08826354677739984	0.2866156459485441	0.44778958906702204	0.5627637130801688	0.37440632018778497	0.19305919173251798	0.083760902470538
GSE294385	Patient6	allowed	common_configurations	1	1	24	6	-0.3254291369066382	0.5982534030572237	1.0812344556033477	0.2731958762886598	0.8392857142857143	0.07978899788870403	0.9937378106558115	0.2935946331820018
GSE294385	Patient6	withheld	common_configurations	1	1	24	6	-0.3277083672149952	0.5959741727488668	1.077115160453404	0.27491408934707906	0.8452380952380952	0.08055712688919019	0.98931981246614	0.2902647943655752
GSE294385	Patient9	allowed	common_configurations	2	2	48	32	0.13947476971419243	0.11491772683770862	0.2732093139045698	0.3430186528169237	0.4387912268451965	0.45293941855637065	0.19099765151506248	-0.017779203296167237
GSE294385	Patient9	withheld	common_configurations	2	2	48	32	0.22510089655935178	0.10464029184337131	0.25006796980658497	0.425182094562498	0.38954833586615734	0.43980935998410575	0.1331580329579026	-0.005716615209736802
Valdeolivas	A120838	allowed	common_configurations	2	1	48	3	-0.4962017162715158	0.2723294776003416	0.6813915610062486	0.2893258426966292	0.5221893491124261	0.832228436302173	0.4486907053307335	0.025372050396683485
Valdeolivas	A120838	withheld	common_configurations	2	1	48	3	-0.4223520769034196	0.19847983823224535	0.4966134698051789	0.27808988764044945	0.5724852071005917	0.8720172438933758	0.2588337228982485	-0.06920337903075363
Valdeolivas	A121573	allowed	common_configurations	2	2	48	37	-0.011510188799074686	0.09542345398358061	0.3997606365875057	0.3937869822485207	0.5879297665011951	0.38696484403884945	0.192135923168226	0.09172590530792879
Valdeolivas	A121573	withheld	common_configurations	2	2	48	37	-0.014406616090719596	0.07733416702497228	0.3248656755359455	0.4253169907016061	0.6059477845192132	0.38552167508078083	0.14634723255278598	0.03490100353510935
Valdeolivas	A416371	allowed	common_configurations	2	2	48	15	0.016951117291172046	0.06473256527678017	0.2850857924356431	0.21550421389131066	0.3153379889957071	0.5253333914819709	0.08586989817913963	-0.0010963897991578958
Valdeolivas	A416371	withheld	common_configurations	2	2	48	15	0.03885768993401978	0.052575133892441756	0.2309488247437843	0.23057250799186282	0.3186936936936937	0.5214870641169854	0.03481675491256885	-0.06634514477893931
Valdeolivas	A551763	allowed	common_configurations	2	0	48	0								
Valdeolivas	A551763	withheld	common_configurations	2	0	48	0								
Valdeolivas	A595688	allowed	common_configurations	2	1	48	7	-0.03437071765197075	0.12293874443593289	0.5384040238802871	0.9104477611940298	0.3333333333333333	0.4883720930232558	0.2855739489626776	0.2683157954153526
Valdeolivas	A595688	withheld	common_configurations	2	1	48	7	-0.03437071765197075	0.12293874443593289	0.5384040238802871	0.9104477611940298	0.30666666666666664	0.4939271255060729	0.2683157954153526	0.2538116843574461
Valdeolivas	A798015	allowed	common_configurations	2	0	48	0								
Valdeolivas	A798015	withheld	common_configurations	2	0	48	0								
Valdeolivas	A938797	allowed	common_configurations	2	2	48	14	-0.10736372202292443	0.0831159493182142	0.36015416172681264	0.36397409030291483	0.39473272499708933	0.8138444435998784	0.23466892007303747	0.1508660332773144
Valdeolivas	A938797	withheld	common_configurations	2	2	48	14	-0.10862555532988427	0.07937382496396761	0.3437872363751487	0.3696656506001143	0.40738153452089887	0.8130977932245786	0.22667560468622672	0.14445134685677105
