resource	patient_id	sample_id	arm	n_declared_maps	n_evaluable_maps	selected_delta_score	abs_deviation_score	abs_deviation_mad	near_retention	far_retention	selected_stroma_fraction	count_only_excess_mad	block_matched_excess_mad	frame
GSE294385	Patient1	M-ST-13	allowed	24	22	-0.2114979386021003	0.12737847743386876	0.2789469385220017	0.422360248447205	0.7131147540983607	0.544896960724253	0.16397755870668185	0.14970328783981543	arm_specific
GSE294385	Patient1	M-ST-13	withheld	24	24	-0.2559692016947521	0.09016474108966954	0.19745234042893955	0.4399585921325052	0.8176229508196722	0.5983392236219576	0.11743138146988694	0.1359963618558057	arm_specific
GSE294385	Patient10	M-ST-33	allowed	24	18	-0.26521597048545764	0.13918778209064275	0.41415639575531177	0.4592050209205021	0.4469696969696969	0.1636536946808585	0.3362441412920292	0.049880091528998895	arm_specific
GSE294385	Patient10	M-ST-33	withheld	24	17	-0.27472099554655227	0.12968275702954812	0.3858739785651071	0.4989539748953975	0.4962121212121212	0.15209211136828724	0.3096522352772988	0.04796825321704045	arm_specific
GSE294385	Patient10	M-ST-34	allowed	24	22	-0.15352606303769833	0.1277593222243899	0.5070580038538376	0.427037271004422	0.65521327014218	0.6260012139323381	0.4679622758183728	0.2865080156061127	arm_specific
GSE294385	Patient10	M-ST-34	withheld	24	22	-0.1583083829449915	0.13459366778528936	0.5341825185852993	0.432406822488945	0.6090047393364929	0.6276682313014378	0.48631949910505845	0.3144868212423484	arm_specific
GSE294385	Patient11	M-ST-29	allowed	24	18	-0.02258255591520686	0.10510121073195733	0.3535275589771389	0.5641200545702592	0.629746835443038	0.6447661469933185	0.24635575544499547	0.11478659969115419	arm_specific
GSE294385	Patient11	M-ST-29	withheld	24	18	-0.03425783205294608	0.09342593459421811	0.3142555863270278	0.4334924965893588	0.46835443037974683	0.6361631753031973	0.21073787139861222	0.11459964997583756	arm_specific
GSE294385	Patient11	M-ST-30	allowed	24	12	0.0014752842230153496	0.08310115896058157	0.2589757055700604	0.4624277456647399	0.6666666666666666	0.11299435028248588	0.17538051206642374	0.05292215496523844	arm_specific
GSE294385	Patient11	M-ST-30	withheld	24	13	0.020291881208966966	0.06428456197462995	0.20033583168844843	0.4624277456647399	0.6666666666666666	0.11264946507237256	0.10059702567415321	0.05292215496523844	arm_specific
GSE294385	Patient6	M-ST-15	allowed	24	7	-0.3277083672149952	0.5959741727488668	1.077115160453404	0.27147766323024053	0.8333333333333334	0.07947269303201507	0.9909949762334711	0.2933426386394919	arm_specific
GSE294385	Patient6	M-ST-15	withheld	24	7	-0.3277083672149952	0.5959741727488668	1.077115160453404	0.27491408934707906	0.8452380952380952	0.08054196462175386	0.9860554698637785	0.28627998484166245	arm_specific
GSE294385	Patient9	M-ST-31	allowed	24	20	0.0808333982229894	0.05082247124702044	0.14867360470597468	0.3069164265129683	0.5219123505976095	0.48361252731245447	0.07624575585551266	-0.050954848900216114	arm_specific
GSE294385	Patient9	M-ST-31	withheld	24	20	0.12343035390721258	0.049952114600523734	0.14612750537551256	0.4783861671469741	0.5179282868525896	0.4857142857142857	0.056496170165675604	-0.04229576726225973	arm_specific
GSE294385	Patient9	M-ST-32	allowed	24	12	0.19811614120539545	0.1790129824283968	0.3977450231031649	0.3791208791208791	0.35567010309278346	0.4222663098002868	0.3057495471746123	0.015396442307881637	arm_specific
GSE294385	Patient9	M-ST-32	withheld	24	12	0.326771439211491	0.1593284690862189	0.3540084342376574	0.371978021978022	0.26116838487972505	0.39390443425392585	0.2098198957501296	0.03086253684278613	arm_specific
Valdeolivas	A120838	SN84_A120838_Rep1	allowed	24	0									arm_specific
Valdeolivas	A120838	SN84_A120838_Rep1	withheld	24	0									arm_specific
Valdeolivas	A120838	SN84_A120838_Rep2	allowed	24	4	-0.49699510636117095	0.2731228676899967	0.6833766906236542	0.2752808988764045	0.49112426035502954	0.8333078335373317	0.4587041063391373	0.031060400079010283	arm_specific
Valdeolivas	A120838	SN84_A120838_Rep2	withheld	24	5	-0.4620608442449071	0.2381886055737329	0.5959681896939972	0.27808988764044945	0.5073964497041421	0.8694345992652766	0.3563267571526081	-0.06920337903075363	arm_specific
Valdeolivas	A121573	SN048_A121573_Rep1	allowed	24	14	0.12510725198675235	0.08433939689398443	0.3606759918526754	0.4285714285714286	0.6938775510204082	0.4068591819203066	0.22072824370807634	0.06161502223055403	arm_specific
Valdeolivas	A121573	SN048_A121573_Rep1	withheld	24	18	0.06053322542949982	0.08232837124955664	0.3520758749955807	0.41785714285714287	0.6428571428571428	0.34288715486194477	0.1983256036814681	-0.05982385277206177	arm_specific
Valdeolivas	A121573	SN048_A121573_Rep2	allowed	24	24	-0.15284563636559992	0.0942116758530532	0.38626235179001145	0.3875739644970414	0.481981981981982	0.3656167296424911	0.11622231918960725	0.08861232321001773	arm_specific
Valdeolivas	A121573	SN048_A121573_Rep2	withheld	24	24	-0.12031989442706234	0.06630247948364038	0.27183628168132135	0.39349112426035504	0.5180180180180181	0.3641806050635225	0.0557613218383655	0.0	arm_specific
Valdeolivas	A416371	SN048_A416371_Rep1	allowed	24	4	-0.0560131044403287	0.0510693204810283	0.22741137214956714	0.1967741935483871	0.24328859060402686	0.5021903286703131	0.007272687568680103	0.05114605236081433	arm_specific
Valdeolivas	A416371	SN048_A416371_Rep1	withheld	24	6	-0.012199959154633233	0.026754457712351465	0.11913743676584956	0.15483870967741936	0.25	0.4764431017119839	-0.09483359896446146	-0.06964797257861573	arm_specific
Valdeolivas	A416371	SN048_A416371_Rep2	allowed	24	11	0.08991533902267279	0.07839581007253205	0.342760212721719	0.23423423423423423	0.38738738738738737	0.5484764542936288	0.16446710878959916	-0.05333883195913012	arm_specific
Valdeolivas	A416371	SN048_A416371_Rep2	withheld	24	13	0.08991533902267279	0.07839581007253205	0.342760212721719	0.3063063063063063	0.38288288288288286	0.5657142857142857	0.16446710878959916	-0.05333883195913012	arm_specific
Valdeolivas	A551763	SN123_A551763_Rep1	allowed	24	0									arm_specific
Valdeolivas	A551763	SN123_A551763_Rep1	withheld	24	0									arm_specific
Valdeolivas	A551763	SN124_A551763_Rep2	allowed	24	0									arm_specific
Valdeolivas	A551763	SN124_A551763_Rep2	withheld	24	0									arm_specific
Valdeolivas	A595688	SN123_A595688_Rep1	allowed	24	10	-0.028119571184517578	0.11668759796847972	0.511027443556614	0.835820895522388	0.36	0.4219204215116279	0.2573996116466762	0.1341578977076763	arm_specific
Valdeolivas	A595688	SN123_A595688_Rep1	withheld	24	7	-0.03437071765197075	0.12293874443593289	0.5384040238802871	0.9104477611940298	0.30666666666666664	0.4939271255060729	0.2683157954153526	0.2538116843574461	arm_specific
Valdeolivas	A595688	SN124_A595688_Rep2	allowed	24	0									arm_specific
Valdeolivas	A595688	SN124_A595688_Rep2	withheld	24	0									arm_specific
Valdeolivas	A798015	SN123_A798015_Rep1	allowed	24	0									arm_specific
Valdeolivas	A798015	SN123_A798015_Rep1	withheld	24	0									arm_specific
Valdeolivas	A798015	SN124_A798015_Rep2	allowed	24	0									arm_specific
Valdeolivas	A798015	SN124_A798015_Rep2	withheld	24	0									arm_specific
Valdeolivas	A938797	SN123_A938797_Rep1_X	allowed	24	1	-0.15024099492839493	0.059478273267569826	0.19906873590049431	0.46551724137931033	0.29095354523227385	0.7991452991452992	0.07219394961707959	0.10530971048660528	arm_specific
Valdeolivas	A938797	SN123_A938797_Rep1_X	withheld	24	7	-0.07240849069333644	0.01835423096748867	0.061430054310535345	0.5172413793103449	0.6772616136919315	0.8536585365853658	-0.019434613216869803	-0.012185506225738028	arm_specific
Valdeolivas	A938797	SN124_A938797_Rep2	allowed	24	13	-0.06448644911745394	0.10675362536885857	0.5212395875531309	0.26243093922651933	0.49851190476190477	0.8285435880544576	0.39714389052899535	0.1964223560680235	arm_specific
Valdeolivas	A938797	SN124_A938797_Rep2	withheld	24	15	-0.06681403634639149	0.10442603813992102	0.5098748156026388	0.26104972375690605	0.46577380952380953	0.8479864342853667	0.37441032437101557	0.1949993840211079	arm_specific
GSE294385	Patient1	M-ST-13	allowed	24	22	-0.2114979386021003	0.12737847743386876	0.2789469385220017	0.422360248447205	0.7131147540983607	0.544896960724253	0.16397755870668185	0.14970328783981543	common_configurations
GSE294385	Patient1	M-ST-13	withheld	24	22	-0.21370138713582543	0.12517502890014365	0.27412159255260493	0.422360248447205	0.7745901639344261	0.5983392236219576	0.16854936155873904	0.15244787654553804	common_configurations
GSE294385	Patient10	M-ST-33	allowed	24	17	-0.26521597048545764	0.13918778209064275	0.41415639575531177	0.4654811715481172	0.36931818181818177	0.17557993146713022	0.3362441412920292	0.049880091528998895	common_configurations
GSE294385	Patient10	M-ST-33	withheld	24	17	-0.27472099554655227	0.12968275702954812	0.3858739785651071	0.4989539748953975	0.4962121212121212	0.15209211136828724	0.3096522352772988	0.04796825321704045	common_configurations
GSE294385	Patient10	M-ST-34	allowed	24	22	-0.15352606303769833	0.1277593222243899	0.5070580038538376	0.427037271004422	0.65521327014218	0.6260012139323381	0.4679622758183728	0.2865080156061127	common_configurations
GSE294385	Patient10	M-ST-34	withheld	24	22	-0.1583083829449915	0.13459366778528936	0.5341825185852993	0.432406822488945	0.6090047393364929	0.6276682313014378	0.48631949910505845	0.3144868212423484	common_configurations
GSE294385	Patient11	M-ST-29	allowed	24	17	-0.02258255591520686	0.10510121073195733	0.3535275589771389	0.5641200545702592	0.629746835443038	0.6447661469933185	0.24635575544499547	0.11459964997583756	common_configurations
GSE294385	Patient11	M-ST-29	withheld	24	17	-0.03425783205294608	0.09342593459421811	0.3142555863270278	0.4331514324693042	0.4588607594936709	0.6361631753031973	0.21073787139861222	0.11459964997583756	common_configurations
GSE294385	Patient11	M-ST-30	allowed	24	12	0.0014752842230153496	0.08310115896058157	0.2589757055700604	0.4624277456647399	0.6666666666666666	0.11299435028248588	0.17538051206642374	0.05292215496523844	common_configurations
GSE294385	Patient11	M-ST-30	withheld	24	12	0.0014752842230153496	0.08310115896058157	0.2589757055700604	0.4624277456647399	0.6666666666666666	0.11264946507237256	0.17538051206642374	0.05292215496523844	common_configurations
GSE294385	Patient6	M-ST-15	allowed	24	6	-0.3254291369066382	0.5982534030572237	1.0812344556033477	0.2731958762886598	0.8392857142857143	0.07978899788870403	0.9937378106558115	0.2935946331820018	common_configurations
GSE294385	Patient6	M-ST-15	withheld	24	6	-0.3277083672149952	0.5959741727488668	1.077115160453404	0.27491408934707906	0.8452380952380952	0.08055712688919019	0.98931981246614	0.2902647943655752	common_configurations
GSE294385	Patient9	M-ST-31	allowed	24	20	0.0808333982229894	0.05082247124702044	0.14867360470597468	0.3069164265129683	0.5219123505976095	0.48361252731245447	0.07624575585551266	-0.050954848900216114	common_configurations
GSE294385	Patient9	M-ST-31	withheld	24	20	0.12343035390721258	0.049952114600523734	0.14612750537551256	0.4783861671469741	0.5179282868525896	0.4857142857142857	0.056496170165675604	-0.04229576726225973	common_configurations
GSE294385	Patient9	M-ST-32	allowed	24	12	0.19811614120539545	0.1790129824283968	0.3977450231031649	0.3791208791208791	0.35567010309278346	0.4222663098002868	0.3057495471746123	0.015396442307881637	common_configurations
GSE294385	Patient9	M-ST-32	withheld	24	12	0.326771439211491	0.1593284690862189	0.3540084342376574	0.371978021978022	0.26116838487972505	0.39390443425392585	0.2098198957501296	0.03086253684278613	common_configurations
Valdeolivas	A120838	SN84_A120838_Rep1	allowed	24	0									common_configurations
Valdeolivas	A120838	SN84_A120838_Rep1	withheld	24	0									common_configurations
Valdeolivas	A120838	SN84_A120838_Rep2	allowed	24	3	-0.4962017162715158	0.2723294776003416	0.6813915610062486	0.2893258426966292	0.5221893491124261	0.832228436302173	0.4486907053307335	0.025372050396683485	common_configurations
Valdeolivas	A120838	SN84_A120838_Rep2	withheld	24	3	-0.4223520769034196	0.19847983823224535	0.4966134698051789	0.27808988764044945	0.5724852071005917	0.8720172438933758	0.2588337228982485	-0.06920337903075363	common_configurations
Valdeolivas	A121573	SN048_A121573_Rep1	allowed	24	13	0.12982525876745055	0.09663523211410802	0.4132589213849999	0.4	0.6938775510204082	0.4083129584352078	0.26804952714684477	0.09483948740583983	common_configurations
Valdeolivas	A121573	SN048_A121573_Rep1	withheld	24	13	0.09150666224562315	0.08836585456630419	0.37789506939056955	0.45714285714285713	0.6938775510204082	0.4068627450980392	0.23693314326720644	0.0698020070702187	common_configurations
Valdeolivas	A121573	SN048_A121573_Rep2	allowed	24	24	-0.15284563636559992	0.0942116758530532	0.38626235179001145	0.3875739644970414	0.481981981981982	0.3656167296424911	0.11622231918960725	0.08861232321001773	common_configurations
Valdeolivas	A121573	SN048_A121573_Rep2	withheld	24	24	-0.12031989442706234	0.06630247948364038	0.27183628168132135	0.39349112426035504	0.5180180180180181	0.3641806050635225	0.0557613218383655	0.0	common_configurations
Valdeolivas	A416371	SN048_A416371_Rep1	allowed	24	4	-0.0560131044403287	0.0510693204810283	0.22741137214956714	0.1967741935483871	0.24328859060402686	0.5021903286703131	0.007272687568680103	0.05114605236081433	common_configurations
Valdeolivas	A416371	SN048_A416371_Rep1	withheld	24	4	-0.012199959154633233	0.026754457712351465	0.11913743676584956	0.15483870967741936	0.25	0.47725984251968506	-0.09483359896446146	-0.0793514575987485	common_configurations
Valdeolivas	A416371	SN048_A416371_Rep2	allowed	24	11	0.08991533902267279	0.07839581007253205	0.342760212721719	0.23423423423423423	0.38738738738738737	0.5484764542936288	0.16446710878959916	-0.05333883195913012	common_configurations
Valdeolivas	A416371	SN048_A416371_Rep2	withheld	24	11	0.08991533902267279	0.07839581007253205	0.342760212721719	0.3063063063063063	0.38738738738738737	0.5657142857142857	0.16446710878959916	-0.05333883195913012	common_configurations
Valdeolivas	A551763	SN123_A551763_Rep1	allowed	24	0									common_configurations
Valdeolivas	A551763	SN123_A551763_Rep1	withheld	24	0									common_configurations
Valdeolivas	A551763	SN124_A551763_Rep2	allowed	24	0									common_configurations
Valdeolivas	A551763	SN124_A551763_Rep2	withheld	24	0									common_configurations
Valdeolivas	A595688	SN123_A595688_Rep1	allowed	24	7	-0.03437071765197075	0.12293874443593289	0.5384040238802871	0.9104477611940298	0.3333333333333333	0.4883720930232558	0.2855739489626776	0.2683157954153526	common_configurations
Valdeolivas	A595688	SN123_A595688_Rep1	withheld	24	7	-0.03437071765197075	0.12293874443593289	0.5384040238802871	0.9104477611940298	0.30666666666666664	0.4939271255060729	0.2683157954153526	0.2538116843574461	common_configurations
Valdeolivas	A595688	SN124_A595688_Rep2	allowed	24	0									common_configurations
Valdeolivas	A595688	SN124_A595688_Rep2	withheld	24	0									common_configurations
Valdeolivas	A798015	SN123_A798015_Rep1	allowed	24	0									common_configurations
Valdeolivas	A798015	SN123_A798015_Rep1	withheld	24	0									common_configurations
Valdeolivas	A798015	SN124_A798015_Rep2	allowed	24	0									common_configurations
Valdeolivas	A798015	SN124_A798015_Rep2	withheld	24	0									common_configurations
Valdeolivas	A938797	SN123_A938797_Rep1_X	allowed	24	1	-0.15024099492839493	0.059478273267569826	0.19906873590049431	0.46551724137931033	0.29095354523227385	0.7991452991452992	0.07219394961707959	0.10530971048660528	common_configurations
Valdeolivas	A938797	SN123_A938797_Rep1_X	withheld	24	1	-0.14776070388110818	0.05699798222028307	0.19076741213429313	0.47413793103448276	0.29095354523227385	0.7919556171983356	0.0789408850014379	0.09390330969243423	common_configurations
Valdeolivas	A938797	SN124_A938797_Rep2	allowed	24	13	-0.06448644911745394	0.10675362536885857	0.5212395875531309	0.26243093922651933	0.49851190476190477	0.8285435880544576	0.39714389052899535	0.1964223560680235	common_configurations
Valdeolivas	A938797	SN124_A938797_Rep2	withheld	24	13	-0.06949040677866036	0.10174966770765215	0.4968070606160042	0.26519337016574585	0.5238095238095238	0.8342399692508216	0.37441032437101557	0.1949993840211079	common_configurations
