dataset_id	sample_id	method_id	method_label	K	feature_type	feature_id	genes_used	reference_id	reference_delta	n_alternatives	minimum_delta	maximum_delta	delta_range	n_sign_state_changes_vs_reference	any_sign_state_change_vs_reference	n_direction_reversals_vs_reference	any_direction_reversal_vs_reference	n_zero_involved_changes_vs_reference	all_partitions_same_direction	reference_block_delta	median_block_delta	n_partitions_with_evaluable_blocks	n_block_direction_reversals_vs_reference	any_block_direction_reversal_vs_reference
GSE267401	GSM8265211_CTC21P	Official_BayesSpace_nrep1000	Official_BayesSpace_nrep1000	4	gene	COL1A1	COL1A1	seed_11	-0.9018676524931131	2	-0.910177961211303	-0.8889896915458211	0.02118826966548193	0	False	0	False	0	1	-0.22489769652017544	-0.2507474545454299	3	0	False
GSE267401	GSM8265211_CTC21P	Official_BayesSpace_nrep1000	Official_BayesSpace_nrep1000	4	gene	EPCAM	EPCAM	seed_11	0.11424953555301398	2	0.10649763387709932	0.11424953555301398	0.007751901675914663	0	False	0	False	0	1	0.07753182200826436	0.08862601946168103	3	0	False
GSE267401	GSM8265211_CTC21P	Official_BayesSpace_nrep1000	Official_BayesSpace_nrep1000	4	gene	FAP	FAP	seed_11	0.0	2	0.0	0.0	0.0	0	False	0	False	0	1	0.0	0.0	3	0	False
GSE267401	GSM8265211_CTC21P	Official_BayesSpace_nrep1000	Official_BayesSpace_nrep1000	4	gene	PTPRC	PTPRC	seed_11	0.0	2	0.0	0.0	0.0	0	False	0	False	0	1	0.0	0.0	3	0	False
GSE267401	GSM8265211_CTC21P	Official_BayesSpace_nrep1000	Official_BayesSpace_nrep1000	4	gene	SPP1	SPP1	seed_11	0.0	2	0.0	0.0	0.0	0	False	0	False	0	1	0.0	0.0	3	0	False
GSE267401	GSM8265211_CTC21P	Official_BayesSpace_nrep1000	Official_BayesSpace_nrep1000	4	signature	SIG_CAF_FAP	FAP,COL1A1,DCN,COL3A1,LUM	seed_11	-0.5168751569943068	2	-0.5179962751838568	-0.4974182512134293	0.020578023970427517	0	False	0	False	0	1	-0.06094008096391673	-0.06533531607750082	3	0	False
GSE267401	GSM8265211_CTC21P	Official_BayesSpace_nrep1000	Official_BayesSpace_nrep1000	4	signature	SIG_CYTOTOX	NKG7,GNLY,GZMB,PRF1,IFNG	seed_11	0.0	2	0.0	0.0	0.0	0	False	0	False	0	1	0.0	0.0	3	0	False
GSE267401	GSM8265211_CTC21P	Official_BayesSpace_nrep1000	Official_BayesSpace_nrep1000	4	signature	SIG_EXCLUSION_CONTRAST	CAF:FAP,COL1A1,DCN,COL3A1,LUM;MY:SPP1,LST1,TYROBP,C1QA,C1QB,C1QC;TCELL:TRAC,CD3D,CD3E,CD247	seed_11	-0.528363063890918	2	-0.5376838020838983	-0.5169541832097355	0.020729618874162803	0	False	0	False	0	1	-0.0533863786103384	-0.0533863786103384	3	0	False
GSE267401	GSM8265211_CTC21P	Official_BayesSpace_nrep1000	Official_BayesSpace_nrep1000	4	signature	SIG_EXCLUSION_TGFB_CXCL12	TGFB1,CXCL12,ACTA2,TAGLN,FAP,COL1A1	seed_11	-0.3010033905998115	2	-0.3078646724824379	-0.3010033905998115	0.006861281882626358	0	False	0	False	0	1	-0.0381843159815157	-0.03831399734821303	3	0	False
GSE267401	GSM8265211_CTC21P	Official_BayesSpace_nrep1000	Official_BayesSpace_nrep1000	4	signature	SIG_MY_SPP1	SPP1,LST1,TYROBP,C1QA,C1QB,C1QC	seed_11	0.0517788560015795	2	0.0517788560015795	0.05383334446026136	0.0020544884586818635	0	False	0	False	0	1	0.0	0.0	3	0	False
GSE267401	GSM8265211_CTC21P	Official_BayesSpace_nrep1000	Official_BayesSpace_nrep1000	4	signature	SIG_TCELL	TRAC,CD3D,CD3E,CD247	seed_11	0.0	2	0.0	0.0	0.0	0	False	0	False	0	1	0.0	0.0	3	0	False
GSE267401	GSM8265211_CTC21P	Official_BayesSpace_nrep1000	Official_BayesSpace_nrep1000	6	gene	COL1A1	COL1A1	seed_11	-1.0658684729608798	2	-1.3521223699663016	-1.0658684729608798	0.2862538970054218	0	False	0	False	0	1	0.01958695325060722	0.016484275243487057	3	1	True
GSE267401	GSM8265211_CTC21P	Official_BayesSpace_nrep1000	Official_BayesSpace_nrep1000	6	gene	EPCAM	EPCAM	seed_11	0.4403023966650821	2	0.4403023966650821	0.5206842980772675	0.08038190141218537	0	False	0	False	0	1	0.03068431262884408	0.03068431262884408	3	0	False
GSE267401	GSM8265211_CTC21P	Official_BayesSpace_nrep1000	Official_BayesSpace_nrep1000	6	gene	FAP	FAP	seed_11	0.0	2	0.0	0.0	0.0	0	False	0	False	0	1	0.0	0.0	3	0	False
GSE267401	GSM8265211_CTC21P	Official_BayesSpace_nrep1000	Official_BayesSpace_nrep1000	6	gene	PTPRC	PTPRC	seed_11	0.0	2	0.0	0.0	0.0	0	False	0	False	0	1	0.0	0.0	3	0	False
GSE267401	GSM8265211_CTC21P	Official_BayesSpace_nrep1000	Official_BayesSpace_nrep1000	6	gene	SPP1	SPP1	seed_11	0.19008990221301023	2	0.15724413628458894	0.19008990221301023	0.03284576592842128	0	False	0	False	0	1	0.0	0.0	3	0	False
GSE267401	GSM8265211_CTC21P	Official_BayesSpace_nrep1000	Official_BayesSpace_nrep1000	6	signature	SIG_CAF_FAP	FAP,COL1A1,DCN,COL3A1,LUM	seed_11	-0.5816642112577417	2	-0.7350600439316197	-0.5816642112577417	0.15339583267387802	0	False	0	False	0	1	0.05187779035452944	0.05187779035452944	3	0	False
GSE267401	GSM8265211_CTC21P	Official_BayesSpace_nrep1000	Official_BayesSpace_nrep1000	6	signature	SIG_CYTOTOX	NKG7,GNLY,GZMB,PRF1,IFNG	seed_11	0.0	2	0.0	0.0	0.0	0	False	0	False	0	1	0.0	0.0	3	0	False
GSE267401	GSM8265211_CTC21P	Official_BayesSpace_nrep1000	Official_BayesSpace_nrep1000	6	signature	SIG_EXCLUSION_CONTRAST	CAF:FAP,COL1A1,DCN,COL3A1,LUM;MY:SPP1,LST1,TYROBP,C1QA,C1QB,C1QC;TCELL:TRAC,CD3D,CD3E,CD247	seed_11	-0.5741116673654043	2	-0.6853554606047543	-0.5741116673654043	0.11124379323934996	0	False	0	False	0	1	0.10811237091988035	0.06328896634407744	3	0	False
GSE267401	GSM8265211_CTC21P	Official_BayesSpace_nrep1000	Official_BayesSpace_nrep1000	6	signature	SIG_EXCLUSION_TGFB_CXCL12	TGFB1,CXCL12,ACTA2,TAGLN,FAP,COL1A1	seed_11	-0.30381410038058665	2	-0.37315722938565843	-0.30381410038058665	0.06934312900507178	0	False	0	False	0	1	0.013498999550373814	0.008098295539698208	3	1	True
GSE267401	GSM8265211_CTC21P	Official_BayesSpace_nrep1000	Official_BayesSpace_nrep1000	6	signature	SIG_MY_SPP1	SPP1,LST1,TYROBP,C1QA,C1QB,C1QC	seed_11	0.08088756217293987	2	0.07365812490020557	0.08088756217293987	0.007229437272734299	0	False	0	False	0	1	0.025474659658231577	0.0021316203091997082	3	0	False
GSE267401	GSM8265211_CTC21P	Official_BayesSpace_nrep1000	Official_BayesSpace_nrep1000	6	signature	SIG_TCELL	TRAC,CD3D,CD3E,CD247	seed_11	0.0	2	0.0	0.0	0.0	0	False	0	False	0	1	0.0	0.0	3	0	False
GSE267401	GSM8265211_CTC21P	Official_STAGATE_pyG	Official_STAGATE_pyG	4	gene	COL1A1	COL1A1	seed_11	0.17543254465854075	2	0.11018037835190642	0.21964854594839034	0.10946816759648392	0	False	0	False	0	1	0.6974853988495744	0.7557372062242473	3	0	False
GSE267401	GSM8265211_CTC21P	Official_STAGATE_pyG	Official_STAGATE_pyG	4	gene	EPCAM	EPCAM	seed_11	0.22089536670023735	2	0.19996042939143477	0.2532071516146961	0.05324672222326132	0	False	0	False	0	1	-0.01673442128113667	-0.01673442128113667	3	0	False
GSE267401	GSM8265211_CTC21P	Official_STAGATE_pyG	Official_STAGATE_pyG	4	gene	FAP	FAP	seed_11	0.0	2	0.0	0.0	0.0	0	False	0	False	0	1	0.0	0.0	3	0	False
GSE267401	GSM8265211_CTC21P	Official_STAGATE_pyG	Official_STAGATE_pyG	4	gene	PTPRC	PTPRC	seed_11	0.0	2	0.0	0.0	0.0	0	False	0	False	0	1	0.0	0.0	3	0	False
GSE267401	GSM8265211_CTC21P	Official_STAGATE_pyG	Official_STAGATE_pyG	4	gene	SPP1	SPP1	seed_11	0.16369153993128605	2	0.16369153993128605	0.1725798387371804	0.008888298805894368	0	False	0	False	0	1	0.0	0.0	3	0	False
GSE267401	GSM8265211_CTC21P	Official_STAGATE_pyG	Official_STAGATE_pyG	4	signature	SIG_CAF_FAP	FAP,COL1A1,DCN,COL3A1,LUM	seed_11	0.15228563300914288	2	0.13419655452982848	0.16794163095836856	0.03374507642854008	0	False	0	False	0	1	0.3430382878731444	0.3485367321067338	3	0	False
GSE267401	GSM8265211_CTC21P	Official_STAGATE_pyG	Official_STAGATE_pyG	4	signature	SIG_CYTOTOX	NKG7,GNLY,GZMB,PRF1,IFNG	seed_11	0.0	2	0.0	0.0	0.0	0	False	0	False	0	1	0.0	0.0	3	0	False
GSE267401	GSM8265211_CTC21P	Official_STAGATE_pyG	Official_STAGATE_pyG	4	signature	SIG_EXCLUSION_CONTRAST	CAF:FAP,COL1A1,DCN,COL3A1,LUM;MY:SPP1,LST1,TYROBP,C1QA,C1QB,C1QC;TCELL:TRAC,CD3D,CD3E,CD247	seed_11	0.15918201438383917	2	0.1423104234702537	0.20386992650502878	0.06155950303477509	0	False	0	False	0	1	0.38356552373544006	0.39146484954973626	3	0	False
GSE267401	GSM8265211_CTC21P	Official_STAGATE_pyG	Official_STAGATE_pyG	4	signature	SIG_EXCLUSION_TGFB_CXCL12	TGFB1,CXCL12,ACTA2,TAGLN,FAP,COL1A1	seed_11	0.06930133557013551	2	0.04934723392022333	0.06930133557013551	0.01995410164991218	0	False	0	False	0	1	0.17252293369706873	0.17745114714197419	3	0	False
GSE267401	GSM8265211_CTC21P	Official_STAGATE_pyG	Official_STAGATE_pyG	4	signature	SIG_MY_SPP1	SPP1,LST1,TYROBP,C1QA,C1QB,C1QC	seed_11	0.10464871253081945	2	0.10464871253081945	0.11341461904784164	0.008765906517022193	0	False	0	False	0	1	0.06721606874355214	0.06721606874355214	3	0	False
GSE267401	GSM8265211_CTC21P	Official_STAGATE_pyG	Official_STAGATE_pyG	4	signature	SIG_TCELL	TRAC,CD3D,CD3E,CD247	seed_11	0.0	2	0.0	0.0	0.0	0	False	0	False	0	1	0.0	0.0	3	0	False
GSE267401	GSM8265211_CTC21P	Official_STAGATE_pyG	Official_STAGATE_pyG	6	gene	COL1A1	COL1A1	seed_11	-0.229686787537434	2	-0.27604725457068113	-0.229686787537434	0.046360467033247144	0	False	0	False	0	1	0.5192095250417232	0.5525726604543006	3	0	False
GSE267401	GSM8265211_CTC21P	Official_STAGATE_pyG	Official_STAGATE_pyG	6	gene	EPCAM	EPCAM	seed_11	0.24572894603333229	2	0.24572894603333229	0.2811486932780376	0.03541974724470531	0	False	0	False	0	1	-0.025196819647407498	-0.01673442128113667	3	0	False
GSE267401	GSM8265211_CTC21P	Official_STAGATE_pyG	Official_STAGATE_pyG	6	gene	FAP	FAP	seed_11	0.0	2	0.0	0.0	0.0	0	False	0	False	0	1	0.0	0.0	3	0	False
GSE267401	GSM8265211_CTC21P	Official_STAGATE_pyG	Official_STAGATE_pyG	6	gene	PTPRC	PTPRC	seed_11	0.0	2	0.0	0.0	0.0	0	False	0	False	0	1	0.0	0.0	3	0	False
GSE267401	GSM8265211_CTC21P	Official_STAGATE_pyG	Official_STAGATE_pyG	6	gene	SPP1	SPP1	seed_11	0.0	2	0.0	0.0	0.0	0	False	0	False	0	1	0.0	0.0	3	0	False
GSE267401	GSM8265211_CTC21P	Official_STAGATE_pyG	Official_STAGATE_pyG	6	signature	SIG_CAF_FAP	FAP,COL1A1,DCN,COL3A1,LUM	seed_11	-0.08642198380002819	2	-0.10206163316123651	-0.08642198380002819	0.01563964936120832	0	False	0	False	0	1	0.26676248534839603	0.26676248534839603	3	0	False
GSE267401	GSM8265211_CTC21P	Official_STAGATE_pyG	Official_STAGATE_pyG	6	signature	SIG_CYTOTOX	NKG7,GNLY,GZMB,PRF1,IFNG	seed_11	0.0	2	0.0	0.0	0.0	0	False	0	False	0	1	0.0	0.0	3	0	False
GSE267401	GSM8265211_CTC21P	Official_STAGATE_pyG	Official_STAGATE_pyG	6	signature	SIG_EXCLUSION_CONTRAST	CAF:FAP,COL1A1,DCN,COL3A1,LUM;MY:SPP1,LST1,TYROBP,C1QA,C1QB,C1QC;TCELL:TRAC,CD3D,CD3E,CD247	seed_11	-0.08860526656018974	2	-0.09325853868551581	-0.08846456085507803	0.004793977830437779	0	False	0	False	0	1	0.25920230536233657	0.302842773441954	3	0	False
GSE267401	GSM8265211_CTC21P	Official_STAGATE_pyG	Official_STAGATE_pyG	6	signature	SIG_EXCLUSION_TGFB_CXCL12	TGFB1,CXCL12,ACTA2,TAGLN,FAP,COL1A1	seed_11	-0.04344934996604011	2	-0.06232124113381776	-0.04344934996604011	0.018871891167777655	0	False	0	False	0	1	0.15517607858924362	0.16412303883900983	3	0	False
GSE267401	GSM8265211_CTC21P	Official_STAGATE_pyG	Official_STAGATE_pyG	6	signature	SIG_MY_SPP1	SPP1,LST1,TYROBP,C1QA,C1QB,C1QC	seed_11	0.08859699341969382	2	0.08756355908534069	0.09300930694934324	0.005445747864002551	0	False	0	False	0	1	0.02038320085380861	0.03624911309768299	3	0	False
GSE267401	GSM8265211_CTC21P	Official_STAGATE_pyG	Official_STAGATE_pyG	6	signature	SIG_TCELL	TRAC,CD3D,CD3E,CD247	seed_11	0.0	2	0.0	0.0	0.0	0	False	0	False	0	1	0.0	0.0	3	0	False
GSE267401	GSM8265211_CTC21P	Official_SpaGCN_v1_2_7	Official_SpaGCN_v1_2_7	4	gene	COL1A1	COL1A1	seed_11	-1.2046475437872353	2	-1.2046475437872353	-0.6709186440222541	0.5337288997649812	0	False	0	False	0	1	0.09142405081481375	0.15518566196690847	3	0	False
GSE267401	GSM8265211_CTC21P	Official_SpaGCN_v1_2_7	Official_SpaGCN_v1_2_7	4	gene	EPCAM	EPCAM	seed_11	0.6697865525151383	2	0.38405323626719445	0.6697865525151383	0.28573331624794385	0	False	0	False	0	1	0.04190814730151127	0.0	3	0	False
GSE267401	GSM8265211_CTC21P	Official_SpaGCN_v1_2_7	Official_SpaGCN_v1_2_7	4	gene	FAP	FAP	seed_11	0.0	2	0.0	0.0	0.0	0	False	0	False	0	1	0.0	0.0	3	0	False
GSE267401	GSM8265211_CTC21P	Official_SpaGCN_v1_2_7	Official_SpaGCN_v1_2_7	4	gene	PTPRC	PTPRC	seed_11	0.0	2	0.0	0.0	0.0	0	False	0	False	0	1	0.0	0.0	3	0	False
GSE267401	GSM8265211_CTC21P	Official_SpaGCN_v1_2_7	Official_SpaGCN_v1_2_7	4	gene	SPP1	SPP1	seed_11	0.0	2	0.0	0.0	0.0	0	False	0	False	0	1	0.0	0.0	3	0	False
GSE267401	GSM8265211_CTC21P	Official_SpaGCN_v1_2_7	Official_SpaGCN_v1_2_7	4	signature	SIG_CAF_FAP	FAP,COL1A1,DCN,COL3A1,LUM	seed_11	-0.6247243409916394	2	-0.630900851176148	-0.38755120115683894	0.24334965001930908	0	False	0	False	0	1	0.08883065848903732	0.03617403486777765	3	0	False
GSE267401	GSM8265211_CTC21P	Official_SpaGCN_v1_2_7	Official_SpaGCN_v1_2_7	4	signature	SIG_CYTOTOX	NKG7,GNLY,GZMB,PRF1,IFNG	seed_11	0.0	2	0.0	0.0	0.0	0	False	0	False	0	1	0.0	0.0	3	0	False
GSE267401	GSM8265211_CTC21P	Official_SpaGCN_v1_2_7	Official_SpaGCN_v1_2_7	4	signature	SIG_EXCLUSION_CONTRAST	CAF:FAP,COL1A1,DCN,COL3A1,LUM;MY:SPP1,LST1,TYROBP,C1QA,C1QB,C1QC;TCELL:TRAC,CD3D,CD3E,CD247	seed_11	-0.49470948723641994	2	-0.5077965003570368	-0.32318536156005573	0.1846111387969811	0	False	0	False	0	1	0.12040054128497102	0.12040054128497102	3	0	False
GSE267401	GSM8265211_CTC21P	Official_SpaGCN_v1_2_7	Official_SpaGCN_v1_2_7	4	signature	SIG_EXCLUSION_TGFB_CXCL12	TGFB1,CXCL12,ACTA2,TAGLN,FAP,COL1A1	seed_11	-0.33237700604236986	2	-0.3544639872744695	-0.18466663304817654	0.16979735422629294	0	False	0	False	0	1	-0.09391357697989211	-0.01635498104928762	3	1	True
GSE267401	GSM8265211_CTC21P	Official_SpaGCN_v1_2_7	Official_SpaGCN_v1_2_7	4	signature	SIG_MY_SPP1	SPP1,LST1,TYROBP,C1QA,C1QB,C1QC	seed_11	0.07628654651299116	2	0.011827207255092786	0.07628654651299116	0.06445933925789837	0	False	0	False	0	1	0.0	0.0	3	0	False
GSE267401	GSM8265211_CTC21P	Official_SpaGCN_v1_2_7	Official_SpaGCN_v1_2_7	4	signature	SIG_TCELL	TRAC,CD3D,CD3E,CD247	seed_11	0.0	2	0.0	0.0	0.0	0	False	0	False	0	1	0.0	0.0	3	0	False
GSE267401	GSM8265211_CTC21P	Official_SpaGCN_v1_2_7	Official_SpaGCN_v1_2_7	6	gene	COL1A1	COL1A1	seed_11	-1.0609958622225264	2	-1.5702013858800457	-0.5568793116807096	1.013322074199336	0	False	0	False	0	1	0.6976484958360348	0.32702384477383273	3	0	False
GSE267401	GSM8265211_CTC21P	Official_SpaGCN_v1_2_7	Official_SpaGCN_v1_2_7	6	gene	EPCAM	EPCAM	seed_11	0.8486840004649197	2	0.38826285030431684	1.7255361491611476	1.3372732988568308	0	False	0	False	0	1	0.0	0.0	3	0	False
GSE267401	GSM8265211_CTC21P	Official_SpaGCN_v1_2_7	Official_SpaGCN_v1_2_7	6	gene	FAP	FAP	seed_11	0.0	2	0.0	0.0	0.0	0	False	0	False	0	1	0.0	0.0	3	0	False
GSE267401	GSM8265211_CTC21P	Official_SpaGCN_v1_2_7	Official_SpaGCN_v1_2_7	6	gene	PTPRC	PTPRC	seed_11	0.0	2	0.0	0.0	0.0	0	False	0	False	0	1	0.0	0.0	3	0	False
GSE267401	GSM8265211_CTC21P	Official_SpaGCN_v1_2_7	Official_SpaGCN_v1_2_7	6	gene	SPP1	SPP1	seed_11	0.0	2	0.0	0.0	0.0	0	False	0	False	0	1	0.0	0.0	3	0	False
GSE267401	GSM8265211_CTC21P	Official_SpaGCN_v1_2_7	Official_SpaGCN_v1_2_7	6	signature	SIG_CAF_FAP	FAP,COL1A1,DCN,COL3A1,LUM	seed_11	-0.5511776964674271	2	-0.7998585888495136	-0.32429014375180487	0.4755684450977087	0	False	0	False	0	1	0.2957552233000994	0.21513243636160606	3	0	False
GSE267401	GSM8265211_CTC21P	Official_SpaGCN_v1_2_7	Official_SpaGCN_v1_2_7	6	signature	SIG_CYTOTOX	NKG7,GNLY,GZMB,PRF1,IFNG	seed_11	0.0	2	0.0	0.0	0.0	0	False	0	False	0	1	0.0	0.0	3	0	False
GSE267401	GSM8265211_CTC21P	Official_SpaGCN_v1_2_7	Official_SpaGCN_v1_2_7	6	signature	SIG_EXCLUSION_CONTRAST	CAF:FAP,COL1A1,DCN,COL3A1,LUM;MY:SPP1,LST1,TYROBP,C1QA,C1QB,C1QC;TCELL:TRAC,CD3D,CD3E,CD247	seed_11	-0.37396296447277644	2	-0.5942904631441841	-0.24206902774627514	0.35222143539790896	0	False	0	False	0	1	0.3627768412875094	0.2575519755384216	3	0	False
GSE267401	GSM8265211_CTC21P	Official_SpaGCN_v1_2_7	Official_SpaGCN_v1_2_7	6	signature	SIG_EXCLUSION_TGFB_CXCL12	TGFB1,CXCL12,ACTA2,TAGLN,FAP,COL1A1	seed_11	-0.2781043398252738	2	-0.48532791979118894	-0.14936525534000888	0.33596266445118006	0	False	0	False	0	1	0.12963583979719553	0.0915925795127886	3	0	False
GSE267401	GSM8265211_CTC21P	Official_SpaGCN_v1_2_7	Official_SpaGCN_v1_2_7	6	signature	SIG_MY_SPP1	SPP1,LST1,TYROBP,C1QA,C1QB,C1QC	seed_11	0.14176031174411202	2	0.07187735099083699	0.14176031174411202	0.06988296075327503	0	False	0	False	0	1	0.018176352541074373	0.018176352541074373	3	0	False
GSE267401	GSM8265211_CTC21P	Official_SpaGCN_v1_2_7	Official_SpaGCN_v1_2_7	6	signature	SIG_TCELL	TRAC,CD3D,CD3E,CD247	seed_11	0.0	2	0.0	0.0	0.0	0	False	0	False	0	1	0.0	0.0	3	0	False
GSE311294	GSM9322957_TR11_206	Official_BayesSpace_nrep1000	Official_BayesSpace_nrep1000	4	gene	COL1A1	COL1A1	seed_11	0.4430418393273454	2	0.05340090843985257	0.46679969740520866	0.4133987889653561	0	False	0	False	0	1	0.16119911092676764	0.16119911092676764	3	0	False
GSE311294	GSM9322957_TR11_206	Official_BayesSpace_nrep1000	Official_BayesSpace_nrep1000	4	gene	EPCAM	EPCAM	seed_11	-0.39183776829660877	2	-0.39183776829660877	0.16297921995036768	0.5548169882469765	1	True	1	True	0	0	0.0	0.0	3	0	False
GSE311294	GSM9322957_TR11_206	Official_BayesSpace_nrep1000	Official_BayesSpace_nrep1000	4	gene	FAP	FAP	seed_11	0.0	2	0.0	0.0	0.0	0	False	0	False	0	1	0.0	0.0	3	0	False
GSE311294	GSM9322957_TR11_206	Official_BayesSpace_nrep1000	Official_BayesSpace_nrep1000	4	gene	PTPRC	PTPRC	seed_11	0.0	2	0.0	0.0	0.0	0	False	0	False	0	1	0.0	0.0	3	0	False
GSE311294	GSM9322957_TR11_206	Official_BayesSpace_nrep1000	Official_BayesSpace_nrep1000	4	gene	SPP1	SPP1	seed_11	0.0	2	0.0	0.0	0.0	0	False	0	False	0	1	0.0	0.0	3	0	False
GSE311294	GSM9322957_TR11_206	Official_BayesSpace_nrep1000	Official_BayesSpace_nrep1000	4	signature	SIG_CAF_FAP	FAP,COL1A1,DCN,COL3A1,LUM	seed_11	0.2457875694074203	2	-0.10211434824055754	0.2674789076465065	0.36959325588706404	1	True	1	True	0	0	0.041261754444307686	0.041261754444307686	3	1	True
GSE311294	GSM9322957_TR11_206	Official_BayesSpace_nrep1000	Official_BayesSpace_nrep1000	4	signature	SIG_CYTOTOX	NKG7,GNLY,GZMB,PRF1,IFNG	seed_11	0.0	2	0.0	0.0	0.0	0	False	0	False	0	1	0.0	0.0	3	0	False
GSE311294	GSM9322957_TR11_206	Official_BayesSpace_nrep1000	Official_BayesSpace_nrep1000	4	signature	SIG_EXCLUSION_CONTRAST	CAF:FAP,COL1A1,DCN,COL3A1,LUM;MY:SPP1,LST1,TYROBP,C1QA,C1QB,C1QC;TCELL:TRAC,CD3D,CD3E,CD247	seed_11	0.24790611865846257	2	-0.14227786737390247	0.264624186667926	0.40690205404182844	1	True	1	True	0	0	0.10325686373982135	0.10325686373982135	3	0	False
GSE311294	GSM9322957_TR11_206	Official_BayesSpace_nrep1000	Official_BayesSpace_nrep1000	4	signature	SIG_EXCLUSION_TGFB_CXCL12	TGFB1,CXCL12,ACTA2,TAGLN,FAP,COL1A1	seed_11	0.23504195038355946	2	-0.17413991952626695	0.23504195038355946	0.4091818699098264	1	True	1	True	0	0	-0.020370761043411928	-0.020370761043411928	3	1	True
GSE311294	GSM9322957_TR11_206	Official_BayesSpace_nrep1000	Official_BayesSpace_nrep1000	4	signature	SIG_MY_SPP1	SPP1,LST1,TYROBP,C1QA,C1QB,C1QC	seed_11	-0.016169173498506162	2	-0.03787862290797123	-0.01574614210076608	0.022132480807205146	0	False	0	False	0	1	0.022081666063905436	0.022081666063905436	3	1	True
GSE311294	GSM9322957_TR11_206	Official_BayesSpace_nrep1000	Official_BayesSpace_nrep1000	4	signature	SIG_TCELL	TRAC,CD3D,CD3E,CD247	seed_11	0.0	2	0.0	0.0	0.0	0	False	0	False	0	1	0.0	0.0	3	0	False
GSE311294	GSM9322957_TR11_206	Official_BayesSpace_nrep1000	Official_BayesSpace_nrep1000	6	gene	COL1A1	COL1A1	seed_11	-0.35302648976006035	2	-0.35302648976006035	0.047977896652887875	0.4010043864129482	1	True	1	True	0	0	-0.29010838860068633	-0.0389351296236049	3	1	True
GSE311294	GSM9322957_TR11_206	Official_BayesSpace_nrep1000	Official_BayesSpace_nrep1000	6	gene	EPCAM	EPCAM	seed_11	2.1153655075468314	2	0.37797523564757096	2.1153655075468314	1.7373902718992604	0	False	0	False	0	1	0.28201532499066806	0.0	3	0	False
GSE311294	GSM9322957_TR11_206	Official_BayesSpace_nrep1000	Official_BayesSpace_nrep1000	6	gene	FAP	FAP	seed_11	0.0	2	0.0	0.0	0.0	0	False	0	False	0	1	0.0	0.0	3	0	False
GSE311294	GSM9322957_TR11_206	Official_BayesSpace_nrep1000	Official_BayesSpace_nrep1000	6	gene	PTPRC	PTPRC	seed_11	0.0	2	0.0	0.0	0.0	0	False	0	False	0	1	0.0	0.0	3	0	False
GSE311294	GSM9322957_TR11_206	Official_BayesSpace_nrep1000	Official_BayesSpace_nrep1000	6	gene	SPP1	SPP1	seed_11	0.0	2	0.0	0.0	0.0	0	False	0	False	0	1	0.0	0.0	3	0	False
GSE311294	GSM9322957_TR11_206	Official_BayesSpace_nrep1000	Official_BayesSpace_nrep1000	6	signature	SIG_CAF_FAP	FAP,COL1A1,DCN,COL3A1,LUM	seed_11	-0.25855333920713264	2	-0.25855333920713264	-0.09858411941760026	0.15996921978953238	0	False	0	False	0	1	-0.15117033211623565	-0.08105453560398546	3	1	True
GSE311294	GSM9322957_TR11_206	Official_BayesSpace_nrep1000	Official_BayesSpace_nrep1000	6	signature	SIG_CYTOTOX	NKG7,GNLY,GZMB,PRF1,IFNG	seed_11	0.0	2	0.0	0.0	0.0	0	False	0	False	0	1	0.0	0.0	3	0	False
GSE311294	GSM9322957_TR11_206	Official_BayesSpace_nrep1000	Official_BayesSpace_nrep1000	6	signature	SIG_EXCLUSION_CONTRAST	CAF:FAP,COL1A1,DCN,COL3A1,LUM;MY:SPP1,LST1,TYROBP,C1QA,C1QB,C1QC;TCELL:TRAC,CD3D,CD3E,CD247	seed_11	-0.2628576730128114	2	-0.2628576730128114	-0.1450914994053636	0.11776617360744779	0	False	0	False	0	1	-0.10707202697756468	-0.02088251207162961	3	0	False
GSE311294	GSM9322957_TR11_206	Official_BayesSpace_nrep1000	Official_BayesSpace_nrep1000	6	signature	SIG_EXCLUSION_TGFB_CXCL12	TGFB1,CXCL12,ACTA2,TAGLN,FAP,COL1A1	seed_11	-0.4544951073027761	2	-0.4544951073027761	-0.24587584283411612	0.20861926446865997	0	False	0	False	0	1	-0.1260042251507032	-0.021155813106627674	3	0	False
GSE311294	GSM9322957_TR11_206	Official_BayesSpace_nrep1000	Official_BayesSpace_nrep1000	6	signature	SIG_MY_SPP1	SPP1,LST1,TYROBP,C1QA,C1QB,C1QC	seed_11	-0.017159354461783183	2	-0.04618415858869612	-0.017159354461783183	0.02902480412691294	0	False	0	False	0	1	0.018584627189428382	-0.019778999987929577	3	2	True
GSE311294	GSM9322957_TR11_206	Official_BayesSpace_nrep1000	Official_BayesSpace_nrep1000	6	signature	SIG_TCELL	TRAC,CD3D,CD3E,CD247	seed_11	0.0	2	0.0	0.0	0.0	0	False	0	False	0	1	0.0	0.0	3	0	False
GSE311294	GSM9322957_TR11_206	Official_STAGATE_pyG	Official_STAGATE_pyG	4	gene	COL1A1	COL1A1	seed_11	0.13940306698057991	2	0.12401596100996404	0.13940306698057991	0.015387105970615877	0	False	0	False	0	1	0.2292170104758715	0.2292170104758715	3	0	False
GSE311294	GSM9322957_TR11_206	Official_STAGATE_pyG	Official_STAGATE_pyG	4	gene	EPCAM	EPCAM	seed_11	0.36776953903686294	2	0.36776953903686294	0.4067459153159674	0.03897637627910444	0	False	0	False	0	1	0.0	0.0	3	0	False
GSE311294	GSM9322957_TR11_206	Official_STAGATE_pyG	Official_STAGATE_pyG	4	gene	FAP	FAP	seed_11	0.0	2	0.0	0.0	0.0	0	False	0	False	0	1	0.0	0.0	3	0	False
GSE311294	GSM9322957_TR11_206	Official_STAGATE_pyG	Official_STAGATE_pyG	4	gene	PTPRC	PTPRC	seed_11	0.0	2	0.0	0.0	0.0	0	False	0	False	0	1	0.0	0.0	3	0	False
GSE311294	GSM9322957_TR11_206	Official_STAGATE_pyG	Official_STAGATE_pyG	4	gene	SPP1	SPP1	seed_11	0.0	2	0.0	0.0	0.0	0	False	0	False	0	1	0.0	0.0	3	0	False
GSE311294	GSM9322957_TR11_206	Official_STAGATE_pyG	Official_STAGATE_pyG	4	signature	SIG_CAF_FAP	FAP,COL1A1,DCN,COL3A1,LUM	seed_11	-0.032416890339571625	2	-0.0374087094044806	-0.032416890339571625	0.0049918190649089755	0	False	0	False	0	1	0.0896273504059556	0.0896273504059556	3	0	False
GSE311294	GSM9322957_TR11_206	Official_STAGATE_pyG	Official_STAGATE_pyG	4	signature	SIG_CYTOTOX	NKG7,GNLY,GZMB,PRF1,IFNG	seed_11	0.0	2	0.0	0.0	0.0	0	False	0	False	0	1	0.0	0.0	3	0	False
GSE311294	GSM9322957_TR11_206	Official_STAGATE_pyG	Official_STAGATE_pyG	4	signature	SIG_EXCLUSION_CONTRAST	CAF:FAP,COL1A1,DCN,COL3A1,LUM;MY:SPP1,LST1,TYROBP,C1QA,C1QB,C1QC;TCELL:TRAC,CD3D,CD3E,CD247	seed_11	-0.045595764598370225	2	-0.049634471550595416	-0.045595764598370225	0.004038706952225191	0	False	0	False	0	1	0.11955860562488085	0.11251489322669517	3	0	False
GSE311294	GSM9322957_TR11_206	Official_STAGATE_pyG	Official_STAGATE_pyG	4	signature	SIG_EXCLUSION_TGFB_CXCL12	TGFB1,CXCL12,ACTA2,TAGLN,FAP,COL1A1	seed_11	-0.2461668145934801	2	-0.2542511935566618	-0.2461668145934801	0.008084378963181704	0	False	0	False	0	1	0.01126412356276807	0.024444501259740237	3	0	False
GSE311294	GSM9322957_TR11_206	Official_STAGATE_pyG	Official_STAGATE_pyG	4	signature	SIG_MY_SPP1	SPP1,LST1,TYROBP,C1QA,C1QB,C1QC	seed_11	-0.023329074731061467	2	-0.02405583470852596	-0.023329074731061467	0.0007267599774644917	0	False	0	False	0	1	-0.01473536655606937	-0.01473536655606937	3	0	False
GSE311294	GSM9322957_TR11_206	Official_STAGATE_pyG	Official_STAGATE_pyG	4	signature	SIG_TCELL	TRAC,CD3D,CD3E,CD247	seed_11	0.0	2	0.0	0.0	0.0	0	False	0	False	0	1	0.0	0.0	3	0	False
GSE311294	GSM9322957_TR11_206	Official_STAGATE_pyG	Official_STAGATE_pyG	6	gene	COL1A1	COL1A1	seed_11	-0.14859373280072763	2	-0.16758962820069323	-0.14859373280072763	0.0189958953999656	0	False	0	False	0	1	-0.17040267396498177	-0.11503452513115886	3	0	False
GSE311294	GSM9322957_TR11_206	Official_STAGATE_pyG	Official_STAGATE_pyG	6	gene	EPCAM	EPCAM	seed_11	1.0345751086168027	2	1.0345751086168027	1.1146611798698483	0.08008607125304557	0	False	0	False	0	1	0.0	0.0	3	0	False
GSE311294	GSM9322957_TR11_206	Official_STAGATE_pyG	Official_STAGATE_pyG	6	gene	FAP	FAP	seed_11	0.0	2	0.0	0.0	0.0	0	False	0	False	0	1	0.0	0.0	3	0	False
GSE311294	GSM9322957_TR11_206	Official_STAGATE_pyG	Official_STAGATE_pyG	6	gene	PTPRC	PTPRC	seed_11	0.0	2	0.0	0.0	0.0	0	False	0	False	0	1	0.0	0.0	3	0	False
GSE311294	GSM9322957_TR11_206	Official_STAGATE_pyG	Official_STAGATE_pyG	6	gene	SPP1	SPP1	seed_11	0.0	2	0.0	0.0	0.0	0	False	0	False	0	1	0.0	0.0	3	0	False
GSE311294	GSM9322957_TR11_206	Official_STAGATE_pyG	Official_STAGATE_pyG	6	signature	SIG_CAF_FAP	FAP,COL1A1,DCN,COL3A1,LUM	seed_11	-0.18014737524663316	2	-0.1832293065504269	-0.18014737524663316	0.00308193130379375	0	False	0	False	0	1	-0.027839385887426626	-0.0638389568155433	3	0	False
GSE311294	GSM9322957_TR11_206	Official_STAGATE_pyG	Official_STAGATE_pyG	6	signature	SIG_CYTOTOX	NKG7,GNLY,GZMB,PRF1,IFNG	seed_11	0.0	2	0.0	0.0	0.0	0	False	0	False	0	1	0.0	0.0	3	0	False
GSE311294	GSM9322957_TR11_206	Official_STAGATE_pyG	Official_STAGATE_pyG	6	signature	SIG_EXCLUSION_CONTRAST	CAF:FAP,COL1A1,DCN,COL3A1,LUM;MY:SPP1,LST1,TYROBP,C1QA,C1QB,C1QC;TCELL:TRAC,CD3D,CD3E,CD247	seed_11	-0.2341841171316017	2	-0.23901231350699903	-0.2341841171316017	0.004828196375397331	0	False	0	False	0	1	-0.1052413555160332	-0.1052413555160332	3	0	False
GSE311294	GSM9322957_TR11_206	Official_STAGATE_pyG	Official_STAGATE_pyG	6	signature	SIG_EXCLUSION_TGFB_CXCL12	TGFB1,CXCL12,ACTA2,TAGLN,FAP,COL1A1	seed_11	-0.4364264479700579	2	-0.4449926930681811	-0.4364264479700579	0.008566245098123204	0	False	0	False	0	1	-0.0745213126350458	-0.0745213126350458	3	0	False
GSE311294	GSM9322957_TR11_206	Official_STAGATE_pyG	Official_STAGATE_pyG	6	signature	SIG_MY_SPP1	SPP1,LST1,TYROBP,C1QA,C1QB,C1QC	seed_11	-0.039887367637002985	2	-0.039887367637002985	-0.03849538046823825	0.0013919871687647356	0	False	0	False	0	1	-0.010326307502712628	-0.010326307502712628	3	0	False
GSE311294	GSM9322957_TR11_206	Official_STAGATE_pyG	Official_STAGATE_pyG	6	signature	SIG_TCELL	TRAC,CD3D,CD3E,CD247	seed_11	0.0	2	0.0	0.0	0.0	0	False	0	False	0	1	0.0	0.0	3	0	False
GSE311294	GSM9322957_TR11_206	Official_SpaGCN_v1_2_7	Official_SpaGCN_v1_2_7	4	gene	COL1A1	COL1A1	seed_11	-0.03581156717229339	2	-0.13535650537001542	-0.03581156717229339	0.09954493819772203	0	False	0	False	0	1	0.2087209006820041	0.19535086594613116	3	0	False
GSE311294	GSM9322957_TR11_206	Official_SpaGCN_v1_2_7	Official_SpaGCN_v1_2_7	4	gene	EPCAM	EPCAM	seed_11	2.0690406251225024	2	2.0005119668410987	2.0690406251225024	0.06852865828140375	0	False	0	False	0	1	0.0	0.0	3	0	False
GSE311294	GSM9322957_TR11_206	Official_SpaGCN_v1_2_7	Official_SpaGCN_v1_2_7	4	gene	FAP	FAP	seed_11	0.0	2	0.0	0.0	0.0	0	False	0	False	0	1	0.0	0.0	3	0	False
GSE311294	GSM9322957_TR11_206	Official_SpaGCN_v1_2_7	Official_SpaGCN_v1_2_7	4	gene	PTPRC	PTPRC	seed_11	0.0	2	0.0	0.0	0.0	0	False	0	False	0	1	0.0	0.0	3	0	False
GSE311294	GSM9322957_TR11_206	Official_SpaGCN_v1_2_7	Official_SpaGCN_v1_2_7	4	gene	SPP1	SPP1	seed_11	0.0	2	0.0	0.0	0.0	0	False	0	False	0	1	0.0	0.0	3	0	False
GSE311294	GSM9322957_TR11_206	Official_SpaGCN_v1_2_7	Official_SpaGCN_v1_2_7	4	signature	SIG_CAF_FAP	FAP,COL1A1,DCN,COL3A1,LUM	seed_11	-0.0978096521196492	2	-0.14102707519222046	-0.0978096521196492	0.04321742307257126	0	False	0	False	0	1	0.12769483153279548	0.07231875444596403	3	1	True
GSE311294	GSM9322957_TR11_206	Official_SpaGCN_v1_2_7	Official_SpaGCN_v1_2_7	4	signature	SIG_CYTOTOX	NKG7,GNLY,GZMB,PRF1,IFNG	seed_11	0.0	2	0.0	0.0	0.0	0	False	0	False	0	1	0.0	0.0	3	0	False
GSE311294	GSM9322957_TR11_206	Official_SpaGCN_v1_2_7	Official_SpaGCN_v1_2_7	4	signature	SIG_EXCLUSION_CONTRAST	CAF:FAP,COL1A1,DCN,COL3A1,LUM;MY:SPP1,LST1,TYROBP,C1QA,C1QB,C1QC;TCELL:TRAC,CD3D,CD3E,CD247	seed_11	-0.13087825639914796	2	-0.16090379246724873	-0.13087825639914796	0.030025536068100767	0	False	0	False	0	1	0.19005012560755508	0.10662064792375969	3	1	True
GSE311294	GSM9322957_TR11_206	Official_SpaGCN_v1_2_7	Official_SpaGCN_v1_2_7	4	signature	SIG_EXCLUSION_TGFB_CXCL12	TGFB1,CXCL12,ACTA2,TAGLN,FAP,COL1A1	seed_11	-0.5501001456555938	2	-0.5501001456555938	-0.48860783420264386	0.06149231145294998	0	False	0	False	0	1	0.05239210624450941	0.0160404749831895	3	1	True
GSE311294	GSM9322957_TR11_206	Official_SpaGCN_v1_2_7	Official_SpaGCN_v1_2_7	4	signature	SIG_MY_SPP1	SPP1,LST1,TYROBP,C1QA,C1QB,C1QC	seed_11	-0.020106854193546325	2	-0.04025846186826701	-0.020106854193546325	0.020151607674720684	0	False	0	False	0	1	0.04332871536266114	0.014759720959252605	3	0	False
GSE311294	GSM9322957_TR11_206	Official_SpaGCN_v1_2_7	Official_SpaGCN_v1_2_7	4	signature	SIG_TCELL	TRAC,CD3D,CD3E,CD247	seed_11	0.0	2	0.0	0.0	0.0	0	False	0	False	0	1	0.0	0.0	3	0	False
GSE311294	GSM9322957_TR11_206	Official_SpaGCN_v1_2_7	Official_SpaGCN_v1_2_7	6	gene	COL1A1	COL1A1	seed_11	-0.30703707394347113	2	-0.3510687713838059	-0.21901652463506638	0.1320522467487395	0	False	0	False	0	1	0.24107244411053141	0.17979898356868018	3	1	True
GSE311294	GSM9322957_TR11_206	Official_SpaGCN_v1_2_7	Official_SpaGCN_v1_2_7	6	gene	EPCAM	EPCAM	seed_11	1.9891267505550958	2	-0.016858269768264433	1.9891267505550958	2.0059850203233602	1	True	1	True	0	0	0.0	0.0	3	0	False
GSE311294	GSM9322957_TR11_206	Official_SpaGCN_v1_2_7	Official_SpaGCN_v1_2_7	6	gene	FAP	FAP	seed_11	0.0	2	0.0	0.0	0.0	0	False	0	False	0	1	0.0	0.0	3	0	False
GSE311294	GSM9322957_TR11_206	Official_SpaGCN_v1_2_7	Official_SpaGCN_v1_2_7	6	gene	PTPRC	PTPRC	seed_11	0.0	2	0.0	0.0	0.0	0	False	0	False	0	1	0.0	0.0	3	0	False
GSE311294	GSM9322957_TR11_206	Official_SpaGCN_v1_2_7	Official_SpaGCN_v1_2_7	6	gene	SPP1	SPP1	seed_11	0.0	2	0.0	0.0	0.0	0	False	0	False	0	1	0.0	0.0	3	0	False
GSE311294	GSM9322957_TR11_206	Official_SpaGCN_v1_2_7	Official_SpaGCN_v1_2_7	6	signature	SIG_CAF_FAP	FAP,COL1A1,DCN,COL3A1,LUM	seed_11	-0.24831047348894364	2	-0.24831047348894364	-0.15545011489485838	0.09286035859408526	0	False	0	False	0	1	0.14339036609610512	-0.02044943491968043	3	2	True
GSE311294	GSM9322957_TR11_206	Official_SpaGCN_v1_2_7	Official_SpaGCN_v1_2_7	6	signature	SIG_CYTOTOX	NKG7,GNLY,GZMB,PRF1,IFNG	seed_11	0.0	2	0.0	0.0	0.0	0	False	0	False	0	1	0.0	0.0	3	0	False
GSE311294	GSM9322957_TR11_206	Official_SpaGCN_v1_2_7	Official_SpaGCN_v1_2_7	6	signature	SIG_EXCLUSION_CONTRAST	CAF:FAP,COL1A1,DCN,COL3A1,LUM;MY:SPP1,LST1,TYROBP,C1QA,C1QB,C1QC;TCELL:TRAC,CD3D,CD3E,CD247	seed_11	-0.24254934315020904	2	-0.24254934315020904	-0.1876450559261169	0.05490428722409213	0	False	0	False	0	1	0.19231255636249878	0.0623879820224692	3	0	False
GSE311294	GSM9322957_TR11_206	Official_SpaGCN_v1_2_7	Official_SpaGCN_v1_2_7	6	signature	SIG_EXCLUSION_TGFB_CXCL12	TGFB1,CXCL12,ACTA2,TAGLN,FAP,COL1A1	seed_11	-0.5250699043211522	2	-0.5250699043211522	-0.14272683326357694	0.38234307105757526	0	False	0	False	0	1	0.04650922285235193	0.026528770133887658	3	1	True
GSE311294	GSM9322957_TR11_206	Official_SpaGCN_v1_2_7	Official_SpaGCN_v1_2_7	6	signature	SIG_MY_SPP1	SPP1,LST1,TYROBP,C1QA,C1QB,C1QC	seed_11	-0.03278175471322267	2	-0.03278175471322267	-0.011886261413676713	0.02089549329954596	0	False	0	False	0	1	0.005309275850955725	0.005309275850955725	3	1	True
GSE311294	GSM9322957_TR11_206	Official_SpaGCN_v1_2_7	Official_SpaGCN_v1_2_7	6	signature	SIG_TCELL	TRAC,CD3D,CD3E,CD247	seed_11	0.0	2	0.0	0.0	0.0	0	False	0	False	0	1	0.0	0.0	3	0	False
GSE311294	GSM9322959_TR11_18105	Official_BayesSpace_nrep1000	Official_BayesSpace_nrep1000	4	gene	COL1A1	COL1A1	seed_11	-0.07224294862469005	2	-0.07224294862469005	0.07870675948288763	0.15094970810757768	1	True	1	True	0	0	-0.133742705030512	-0.05056572583130503	3	0	False
GSE311294	GSM9322959_TR11_18105	Official_BayesSpace_nrep1000	Official_BayesSpace_nrep1000	4	gene	EPCAM	EPCAM	seed_11	0.0	2	0.0	0.0	0.0	0	False	0	False	0	1	0.0	0.0	3	0	False
GSE311294	GSM9322959_TR11_18105	Official_BayesSpace_nrep1000	Official_BayesSpace_nrep1000	4	gene	FAP	FAP	seed_11	0.0	2	0.0	0.0	0.0	0	False	0	False	0	1	0.0	0.0	3	0	False
GSE311294	GSM9322959_TR11_18105	Official_BayesSpace_nrep1000	Official_BayesSpace_nrep1000	4	gene	PTPRC	PTPRC	seed_11	0.0	2	0.0	0.0	0.0	0	False	0	False	0	1	0.0	0.0	3	0	False
GSE311294	GSM9322959_TR11_18105	Official_BayesSpace_nrep1000	Official_BayesSpace_nrep1000	4	gene	SPP1	SPP1	seed_11	0.0	2	0.0	0.0	0.0	0	False	0	False	0	1	0.0	0.0	3	0	False
GSE311294	GSM9322959_TR11_18105	Official_BayesSpace_nrep1000	Official_BayesSpace_nrep1000	4	signature	SIG_CAF_FAP	FAP,COL1A1,DCN,COL3A1,LUM	seed_11	-0.2468151537013208	2	-0.2468151537013208	-0.15091105422573792	0.09590409947558287	0	False	0	False	0	1	-0.2025943046272931	-0.18419406398299354	3	0	False
GSE311294	GSM9322959_TR11_18105	Official_BayesSpace_nrep1000	Official_BayesSpace_nrep1000	4	signature	SIG_CYTOTOX	NKG7,GNLY,GZMB,PRF1,IFNG	seed_11	0.0	2	0.0	0.0	0.0	0	False	0	False	0	1	0.0	0.0	3	0	False
GSE311294	GSM9322959_TR11_18105	Official_BayesSpace_nrep1000	Official_BayesSpace_nrep1000	4	signature	SIG_EXCLUSION_CONTRAST	CAF:FAP,COL1A1,DCN,COL3A1,LUM;MY:SPP1,LST1,TYROBP,C1QA,C1QB,C1QC;TCELL:TRAC,CD3D,CD3E,CD247	seed_11	-0.3939521880251715	2	-0.3939521880251715	-0.36362091763073634	0.030331270394435172	0	False	0	False	0	1	-0.3198287338251915	-0.3198287338251915	3	0	False
GSE311294	GSM9322959_TR11_18105	Official_BayesSpace_nrep1000	Official_BayesSpace_nrep1000	4	signature	SIG_EXCLUSION_TGFB_CXCL12	TGFB1,CXCL12,ACTA2,TAGLN,FAP,COL1A1	seed_11	-0.2305020757997196	2	-0.2305020757997196	-0.1366503000468624	0.09385177575285719	0	False	0	False	0	1	-0.14594755391191372	-0.13271737155606278	3	0	False
GSE311294	GSM9322959_TR11_18105	Official_BayesSpace_nrep1000	Official_BayesSpace_nrep1000	4	signature	SIG_MY_SPP1	SPP1,LST1,TYROBP,C1QA,C1QB,C1QC	seed_11	-0.08219017731930539	2	-0.08513666010522336	-0.06973859961276752	0.015398060492455845	0	False	0	False	0	1	-0.036766478201610886	-0.036766478201610886	3	0	False
GSE311294	GSM9322959_TR11_18105	Official_BayesSpace_nrep1000	Official_BayesSpace_nrep1000	4	signature	SIG_TCELL	TRAC,CD3D,CD3E,CD247	seed_11	0.0	2	0.0	0.0	0.0	0	False	0	False	0	1	0.0	0.0	3	0	False
GSE311294	GSM9322959_TR11_18105	Official_BayesSpace_nrep1000	Official_BayesSpace_nrep1000	6	gene	COL1A1	COL1A1	seed_11	-0.07790184324696714	2	-0.10591070104523581	0.13593626238007062	0.24184696342530643	1	True	1	True	0	0	-0.02268337700048284	-0.02268337700048284	3	1	True
GSE311294	GSM9322959_TR11_18105	Official_BayesSpace_nrep1000	Official_BayesSpace_nrep1000	6	gene	EPCAM	EPCAM	seed_11	0.0	2	0.0	0.0	0.0	0	False	0	False	0	1	0.0	0.0	3	0	False
GSE311294	GSM9322959_TR11_18105	Official_BayesSpace_nrep1000	Official_BayesSpace_nrep1000	6	gene	FAP	FAP	seed_11	0.0	2	0.0	0.0	0.0	0	False	0	False	0	1	0.0	0.0	3	0	False
GSE311294	GSM9322959_TR11_18105	Official_BayesSpace_nrep1000	Official_BayesSpace_nrep1000	6	gene	PTPRC	PTPRC	seed_11	0.0	2	0.0	0.0	0.0	0	False	0	False	0	1	0.0	0.0	3	0	False
GSE311294	GSM9322959_TR11_18105	Official_BayesSpace_nrep1000	Official_BayesSpace_nrep1000	6	gene	SPP1	SPP1	seed_11	0.0	2	0.0	0.0	0.0	0	False	0	False	0	1	0.0	0.0	3	0	False
GSE311294	GSM9322959_TR11_18105	Official_BayesSpace_nrep1000	Official_BayesSpace_nrep1000	6	signature	SIG_CAF_FAP	FAP,COL1A1,DCN,COL3A1,LUM	seed_11	-0.15865678641943415	2	-0.17353654643241612	-0.03159804666485044	0.14193849976756567	0	False	0	False	0	1	-0.03582706270827596	-0.04457290178875439	3	0	False
GSE311294	GSM9322959_TR11_18105	Official_BayesSpace_nrep1000	Official_BayesSpace_nrep1000	6	signature	SIG_CYTOTOX	NKG7,GNLY,GZMB,PRF1,IFNG	seed_11	0.0	2	0.0	0.0	0.0	0	False	0	False	0	1	0.0	0.0	3	0	False
GSE311294	GSM9322959_TR11_18105	Official_BayesSpace_nrep1000	Official_BayesSpace_nrep1000	6	signature	SIG_EXCLUSION_CONTRAST	CAF:FAP,COL1A1,DCN,COL3A1,LUM;MY:SPP1,LST1,TYROBP,C1QA,C1QB,C1QC;TCELL:TRAC,CD3D,CD3E,CD247	seed_11	-0.20780864322241177	2	-0.31444353432479577	-0.08374715494515517	0.2306963793796406	0	False	0	False	0	1	-0.17409714502087148	-0.11361333209103686	3	0	False
GSE311294	GSM9322959_TR11_18105	Official_BayesSpace_nrep1000	Official_BayesSpace_nrep1000	6	signature	SIG_EXCLUSION_TGFB_CXCL12	TGFB1,CXCL12,ACTA2,TAGLN,FAP,COL1A1	seed_11	-0.11928134735549345	2	-0.18359900921685357	0.022120477679529182	0.20571948689638275	1	True	1	True	0	0	-0.04176647043614479	-0.04176647043614479	3	1	True
GSE311294	GSM9322959_TR11_18105	Official_BayesSpace_nrep1000	Official_BayesSpace_nrep1000	6	signature	SIG_MY_SPP1	SPP1,LST1,TYROBP,C1QA,C1QB,C1QC	seed_11	-0.02523294445741958	2	-0.038854806583954016	-0.02523294445741958	0.013621862126534434	0	False	0	False	0	1	-0.009199841211669169	-0.02709408467777724	3	0	False
GSE311294	GSM9322959_TR11_18105	Official_BayesSpace_nrep1000	Official_BayesSpace_nrep1000	6	signature	SIG_TCELL	TRAC,CD3D,CD3E,CD247	seed_11	0.0	2	0.0	0.0	0.0	0	False	0	False	0	1	0.0	0.0	3	0	False
GSE311294	GSM9322959_TR11_18105	Official_STAGATE_pyG	Official_STAGATE_pyG	4	gene	COL1A1	COL1A1	seed_11	-0.11653455147132874	2	-0.11653455147132874	-0.11522196727197542	0.0013125841993533172	0	False	0	False	0	1	-0.053541562191841585	-0.053541562191841585	3	0	False
GSE311294	GSM9322959_TR11_18105	Official_STAGATE_pyG	Official_STAGATE_pyG	4	gene	EPCAM	EPCAM	seed_11	0.0	2	0.0	0.0	0.0	0	False	0	False	0	1	0.0	0.0	3	0	False
GSE311294	GSM9322959_TR11_18105	Official_STAGATE_pyG	Official_STAGATE_pyG	4	gene	FAP	FAP	seed_11	0.0	2	0.0	0.0	0.0	0	False	0	False	0	1	0.0	0.0	3	0	False
GSE311294	GSM9322959_TR11_18105	Official_STAGATE_pyG	Official_STAGATE_pyG	4	gene	PTPRC	PTPRC	seed_11	0.0	2	0.0	0.0	0.0	0	False	0	False	0	1	0.0	0.0	3	0	False
GSE311294	GSM9322959_TR11_18105	Official_STAGATE_pyG	Official_STAGATE_pyG	4	gene	SPP1	SPP1	seed_11	0.0	2	0.0	0.0	0.0	0	False	0	False	0	1	0.0	0.0	3	0	False
GSE311294	GSM9322959_TR11_18105	Official_STAGATE_pyG	Official_STAGATE_pyG	4	signature	SIG_CAF_FAP	FAP,COL1A1,DCN,COL3A1,LUM	seed_11	-0.1552016872818851	2	-0.1590134405565875	-0.1552016872818851	0.0038117532747024008	0	False	0	False	0	1	-0.07709802930898224	-0.08633495273947389	3	0	False
GSE311294	GSM9322959_TR11_18105	Official_STAGATE_pyG	Official_STAGATE_pyG	4	signature	SIG_CYTOTOX	NKG7,GNLY,GZMB,PRF1,IFNG	seed_11	0.0	2	0.0	0.0	0.0	0	False	0	False	0	1	0.0	0.0	3	0	False
GSE311294	GSM9322959_TR11_18105	Official_STAGATE_pyG	Official_STAGATE_pyG	4	signature	SIG_EXCLUSION_CONTRAST	CAF:FAP,COL1A1,DCN,COL3A1,LUM;MY:SPP1,LST1,TYROBP,C1QA,C1QB,C1QC;TCELL:TRAC,CD3D,CD3E,CD247	seed_11	-0.19197210913545115	2	-0.19677460789915546	-0.19197210913545115	0.00480249876370431	0	False	0	False	0	1	-0.1857344072379008	-0.1857344072379008	3	0	False
GSE311294	GSM9322959_TR11_18105	Official_STAGATE_pyG	Official_STAGATE_pyG	4	signature	SIG_EXCLUSION_TGFB_CXCL12	TGFB1,CXCL12,ACTA2,TAGLN,FAP,COL1A1	seed_11	-0.126717450655647	2	-0.1294757289258921	-0.12599560082912542	0.003480128096766677	0	False	0	False	0	1	-0.034930554385474544	-0.034930554385474544	3	0	False
GSE311294	GSM9322959_TR11_18105	Official_STAGATE_pyG	Official_STAGATE_pyG	4	signature	SIG_MY_SPP1	SPP1,LST1,TYROBP,C1QA,C1QB,C1QC	seed_11	-0.010115919956340702	2	-0.01592244260018555	-0.010115919956340702	0.005806522643844847	0	False	0	False	0	1	0.0	0.0	3	0	False
GSE311294	GSM9322959_TR11_18105	Official_STAGATE_pyG	Official_STAGATE_pyG	4	signature	SIG_TCELL	TRAC,CD3D,CD3E,CD247	seed_11	0.0	2	0.0	0.0	0.0	0	False	0	False	0	1	0.0	0.0	3	0	False
GSE311294	GSM9322959_TR11_18105	Official_STAGATE_pyG	Official_STAGATE_pyG	6	gene	COL1A1	COL1A1	seed_11	-0.050125553299610104	2	-0.06240763753641865	-0.050125553299610104	0.012282084236808544	0	False	0	False	0	1	0.013893092213599578	0.02363978717979842	3	0	False
GSE311294	GSM9322959_TR11_18105	Official_STAGATE_pyG	Official_STAGATE_pyG	6	gene	EPCAM	EPCAM	seed_11	0.0	2	0.0	0.0	0.0	0	False	0	False	0	1	0.0	0.0	3	0	False
GSE311294	GSM9322959_TR11_18105	Official_STAGATE_pyG	Official_STAGATE_pyG	6	gene	FAP	FAP	seed_11	0.0	2	0.0	0.0	0.0	0	False	0	False	0	1	0.0	0.0	3	0	False
GSE311294	GSM9322959_TR11_18105	Official_STAGATE_pyG	Official_STAGATE_pyG	6	gene	PTPRC	PTPRC	seed_11	0.0	2	0.0	0.0	0.0	0	False	0	False	0	1	0.0	0.0	3	0	False
GSE311294	GSM9322959_TR11_18105	Official_STAGATE_pyG	Official_STAGATE_pyG	6	gene	SPP1	SPP1	seed_11	0.0	2	0.0	0.0	0.0	0	False	0	False	0	1	0.0	0.0	3	0	False
GSE311294	GSM9322959_TR11_18105	Official_STAGATE_pyG	Official_STAGATE_pyG	6	signature	SIG_CAF_FAP	FAP,COL1A1,DCN,COL3A1,LUM	seed_11	-0.12601262389696588	2	-0.13306042925550665	-0.12601262389696588	0.007047805358540771	0	False	0	False	0	1	-0.05042210479325937	-0.045117158125266066	3	0	False
GSE311294	GSM9322959_TR11_18105	Official_STAGATE_pyG	Official_STAGATE_pyG	6	signature	SIG_CYTOTOX	NKG7,GNLY,GZMB,PRF1,IFNG	seed_11	0.0	2	0.0	0.0	0.0	0	False	0	False	0	1	0.0	0.0	3	0	False
GSE311294	GSM9322959_TR11_18105	Official_STAGATE_pyG	Official_STAGATE_pyG	6	signature	SIG_EXCLUSION_CONTRAST	CAF:FAP,COL1A1,DCN,COL3A1,LUM;MY:SPP1,LST1,TYROBP,C1QA,C1QB,C1QC;TCELL:TRAC,CD3D,CD3E,CD247	seed_11	-0.19761024544668615	2	-0.20217074372442845	-0.19761024544668615	0.0045604982777422975	0	False	0	False	0	1	-0.07300752516840625	-0.07397942552568293	3	0	False
GSE311294	GSM9322959_TR11_18105	Official_STAGATE_pyG	Official_STAGATE_pyG	6	signature	SIG_EXCLUSION_TGFB_CXCL12	TGFB1,CXCL12,ACTA2,TAGLN,FAP,COL1A1	seed_11	-0.0955701216248308	2	-0.10435654425391783	-0.0955701216248308	0.00878642262908702	0	False	0	False	0	1	0.004918033550668999	0.00602031680962023	3	0	False
GSE311294	GSM9322959_TR11_18105	Official_STAGATE_pyG	Official_STAGATE_pyG	6	signature	SIG_MY_SPP1	SPP1,LST1,TYROBP,C1QA,C1QB,C1QC	seed_11	-0.01671946901792909	2	-0.017734116943909195	-0.01671946901792909	0.0010146479259801056	0	False	0	False	0	1	0.0	0.0	3	0	False
GSE311294	GSM9322959_TR11_18105	Official_STAGATE_pyG	Official_STAGATE_pyG	6	signature	SIG_TCELL	TRAC,CD3D,CD3E,CD247	seed_11	0.0	2	0.0	0.0	0.0	0	False	0	False	0	1	0.0	0.0	3	0	False
GSE311294	GSM9322959_TR11_18105	Official_SpaGCN_v1_2_7	Official_SpaGCN_v1_2_7	4	gene	COL1A1	COL1A1	seed_11	0.1367842890976334	2	-0.01066065784700676	0.1367842890976334	0.14744494694464017	1	True	1	True	0	0	-0.01830825722972751	0.006438034521462299	3	2	True
GSE311294	GSM9322959_TR11_18105	Official_SpaGCN_v1_2_7	Official_SpaGCN_v1_2_7	4	gene	EPCAM	EPCAM	seed_11	0.0	2	0.0	0.0	0.0	0	False	0	False	0	1	0.0	0.0	3	0	False
GSE311294	GSM9322959_TR11_18105	Official_SpaGCN_v1_2_7	Official_SpaGCN_v1_2_7	4	gene	FAP	FAP	seed_11	0.0	2	0.0	0.0	0.0	0	False	0	False	0	1	0.0	0.0	3	0	False
GSE311294	GSM9322959_TR11_18105	Official_SpaGCN_v1_2_7	Official_SpaGCN_v1_2_7	4	gene	PTPRC	PTPRC	seed_11	0.0	2	0.0	0.0	0.0	0	False	0	False	0	1	0.0	0.0	3	0	False
GSE311294	GSM9322959_TR11_18105	Official_SpaGCN_v1_2_7	Official_SpaGCN_v1_2_7	4	gene	SPP1	SPP1	seed_11	0.0	2	0.0	0.0	0.0	0	False	0	False	0	1	0.0	0.0	3	0	False
GSE311294	GSM9322959_TR11_18105	Official_SpaGCN_v1_2_7	Official_SpaGCN_v1_2_7	4	signature	SIG_CAF_FAP	FAP,COL1A1,DCN,COL3A1,LUM	seed_11	-0.05541051989543533	2	-0.10993487442710315	-0.020512316918896545	0.0894225575082066	0	False	0	False	0	1	-0.034129986131891776	0.016345353304986876	3	2	True
GSE311294	GSM9322959_TR11_18105	Official_SpaGCN_v1_2_7	Official_SpaGCN_v1_2_7	4	signature	SIG_CYTOTOX	NKG7,GNLY,GZMB,PRF1,IFNG	seed_11	0.0	2	0.0	0.0	0.0	0	False	0	False	0	1	0.0	0.0	3	0	False
GSE311294	GSM9322959_TR11_18105	Official_SpaGCN_v1_2_7	Official_SpaGCN_v1_2_7	4	signature	SIG_EXCLUSION_CONTRAST	CAF:FAP,COL1A1,DCN,COL3A1,LUM;MY:SPP1,LST1,TYROBP,C1QA,C1QB,C1QC;TCELL:TRAC,CD3D,CD3E,CD247	seed_11	-0.09728736050608511	2	-0.1293819909284455	-0.05502824058636113	0.07435375034208436	0	False	0	False	0	1	0.014213156774461666	0.05686817248801623	3	0	False
GSE311294	GSM9322959_TR11_18105	Official_SpaGCN_v1_2_7	Official_SpaGCN_v1_2_7	4	signature	SIG_EXCLUSION_TGFB_CXCL12	TGFB1,CXCL12,ACTA2,TAGLN,FAP,COL1A1	seed_11	-0.03653464286568364	2	-0.08521078900140533	-0.015242897272822464	0.06996789172858286	0	False	0	False	0	1	-0.02385113542293349	0.006526584976267791	3	2	True
GSE311294	GSM9322959_TR11_18105	Official_SpaGCN_v1_2_7	Official_SpaGCN_v1_2_7	4	signature	SIG_MY_SPP1	SPP1,LST1,TYROBP,C1QA,C1QB,C1QC	seed_11	-0.04149782300090238	2	-0.042340084803085876	-0.027729228355151514	0.014610856447934362	0	False	0	False	0	1	-0.02098720126148662	-0.0031560925184969113	3	0	False
GSE311294	GSM9322959_TR11_18105	Official_SpaGCN_v1_2_7	Official_SpaGCN_v1_2_7	4	signature	SIG_TCELL	TRAC,CD3D,CD3E,CD247	seed_11	0.0	2	0.0	0.0	0.0	0	False	0	False	0	1	0.0	0.0	3	0	False
GSE311294	GSM9322959_TR11_18105	Official_SpaGCN_v1_2_7	Official_SpaGCN_v1_2_7	6	gene	COL1A1	COL1A1	seed_11	0.1168328753993606	2	0.10982017557311963	0.1207024634799243	0.010882287906804677	0	False	0	False	0	1	0.0439085621210733	0.0923676121618473	3	0	False
GSE311294	GSM9322959_TR11_18105	Official_SpaGCN_v1_2_7	Official_SpaGCN_v1_2_7	6	gene	EPCAM	EPCAM	seed_11	0.0	2	0.0	0.0	0.0	0	False	0	False	0	1	0.0	0.0	3	0	False
GSE311294	GSM9322959_TR11_18105	Official_SpaGCN_v1_2_7	Official_SpaGCN_v1_2_7	6	gene	FAP	FAP	seed_11	0.0	2	0.0	0.0	0.0	0	False	0	False	0	1	0.0	0.0	3	0	False
GSE311294	GSM9322959_TR11_18105	Official_SpaGCN_v1_2_7	Official_SpaGCN_v1_2_7	6	gene	PTPRC	PTPRC	seed_11	0.0	2	0.0	0.0	0.0	0	False	0	False	0	1	0.0	0.0	3	0	False
GSE311294	GSM9322959_TR11_18105	Official_SpaGCN_v1_2_7	Official_SpaGCN_v1_2_7	6	gene	SPP1	SPP1	seed_11	0.0	2	0.0	0.0	0.0	0	False	0	False	0	1	0.0	0.0	3	0	False
GSE311294	GSM9322959_TR11_18105	Official_SpaGCN_v1_2_7	Official_SpaGCN_v1_2_7	6	signature	SIG_CAF_FAP	FAP,COL1A1,DCN,COL3A1,LUM	seed_11	-0.0035003401832058856	2	-0.004433398711436887	0.003676710068445832	0.008110108779882719	1	True	1	True	0	0	0.03135654439618529	0.03135654439618529	3	0	False
GSE311294	GSM9322959_TR11_18105	Official_SpaGCN_v1_2_7	Official_SpaGCN_v1_2_7	6	signature	SIG_CYTOTOX	NKG7,GNLY,GZMB,PRF1,IFNG	seed_11	0.0	2	0.0	0.0	0.0	0	False	0	False	0	1	0.0	0.0	3	0	False
GSE311294	GSM9322959_TR11_18105	Official_SpaGCN_v1_2_7	Official_SpaGCN_v1_2_7	6	signature	SIG_EXCLUSION_CONTRAST	CAF:FAP,COL1A1,DCN,COL3A1,LUM;MY:SPP1,LST1,TYROBP,C1QA,C1QB,C1QC;TCELL:TRAC,CD3D,CD3E,CD247	seed_11	-0.11607451776276134	2	-0.13655994553412576	-0.09023252227799405	0.046327423256131706	0	False	0	False	0	1	-0.041903063761253634	-0.024062051190508527	3	1	True
GSE311294	GSM9322959_TR11_18105	Official_SpaGCN_v1_2_7	Official_SpaGCN_v1_2_7	6	signature	SIG_EXCLUSION_TGFB_CXCL12	TGFB1,CXCL12,ACTA2,TAGLN,FAP,COL1A1	seed_11	-0.034281485409880075	2	-0.03654657307390541	-0.01435697879016673	0.02218959428373868	0	False	0	False	0	1	0.07895262001140269	0.03599056582342741	3	0	False
GSE311294	GSM9322959_TR11_18105	Official_SpaGCN_v1_2_7	Official_SpaGCN_v1_2_7	6	signature	SIG_MY_SPP1	SPP1,LST1,TYROBP,C1QA,C1QB,C1QC	seed_11	-0.08094170802350892	2	-0.08094170802350892	-0.02607879639494831	0.05486291162856061	0	False	0	False	0	1	-0.04225423988040691	-0.030691036398791727	3	0	False
GSE311294	GSM9322959_TR11_18105	Official_SpaGCN_v1_2_7	Official_SpaGCN_v1_2_7	6	signature	SIG_TCELL	TRAC,CD3D,CD3E,CD247	seed_11	0.0	2	0.0	0.0	0.0	0	False	0	False	0	1	0.0	0.0	3	0	False
