dataset_id	sample_id	method_id	method_label	K	reference_id	alternative_id	n_spots	n_switching	switching_fraction	n_reference_boundary	n_alternative_boundary	n_union_boundary	n_switching_in_union_boundary	fraction_switching_in_union_boundary	fraction_stable_in_union_boundary	risk_ratio	odds_ratio	odds_ratio_ci_lower	odds_ratio_ci_upper	jaccard_switching_union_boundary	median_distance_switching_to_reference_boundary	median_distance_stable_to_reference_boundary
GSE267401	GSM8265211_CTC21P	Official_BayesSpace_nrep1000	Official_BayesSpace_nrep1000	4	seed_11	seed_23	4690	44	0.009381663113006396	1291	1270	1318	44	1.0	0.27421437795953507	3.6467817896389327	235.5060808160063	14.492111894127605	3827.1243353972227	0.03338391502276176	0.0	43.0
GSE267401	GSM8265211_CTC21P	Official_BayesSpace_nrep1000	Official_BayesSpace_nrep1000	4	seed_11	seed_37	4690	41	0.008742004264392323	1291	1283	1322	41	1.0	0.27554312755431276	3.6291959406713503	218.17050331642605	13.410372067057635	3549.369717658114	0.031013615733736764	0.0	43.0
GSE267401	GSM8265211_CTC21P	Official_BayesSpace_nrep1000	Official_BayesSpace_nrep1000	6	seed_11	seed_23	4690	849	0.1810234541577825	1997	2086	2317	575	0.6772673733804476	0.4535277271543869	1.493331791707405	2.5286083618963016	2.160606987165938	2.9592888877207164	0.22192203782323427	0.0	24.698178070456937
GSE267401	GSM8265211_CTC21P	Official_BayesSpace_nrep1000	Official_BayesSpace_nrep1000	6	seed_11	seed_37	4690	850	0.1812366737739872	1997	2089	2321	582	0.6847058823529412	0.45286458333333335	1.5119439840340967	2.623702934436501	2.240187471257434	3.0728754519400856	0.22479721900347624	0.0	24.698178070456937
GSE311294	GSM9322957_TR11_206	Official_BayesSpace_nrep1000	Official_BayesSpace_nrep1000	4	seed_11	seed_23	3742	34	0.009086050240513094	539	545	573	34	1.0	0.14536138079827401	6.879406307977736	405.3670064874884	24.814512543692448	6622.02852702808	0.059336823734729496	0.0	77.21485449377585
GSE311294	GSM9322957_TR11_206	Official_BayesSpace_nrep1000	Official_BayesSpace_nrep1000	4	seed_11	seed_37	3742	1292	0.3452699091394976	539	1332	1436	639	0.49458204334365324	0.3253061224489796	1.5203588534403392	2.029561468062662	1.7679804512200568	2.329844625715248	0.3058879846816659	93.47585062567853	74.25117360497975
GSE311294	GSM9322957_TR11_206	Official_BayesSpace_nrep1000	Official_BayesSpace_nrep1000	6	seed_11	seed_23	3742	1069	0.2856761090326029	1913	1536	2227	902	0.8437792329279701	0.49569771791994016	1.7022051997105387	5.494954242458479	4.5820152607081805	6.589790825368328	0.3767752715121136	0.0	21.409857179402227
GSE311294	GSM9322957_TR11_206	Official_BayesSpace_nrep1000	Official_BayesSpace_nrep1000	6	seed_11	seed_37	3742	1158	0.3094601817210048	1913	1917	2305	965	0.8333333333333334	0.5185758513931888	1.6069651741293534	4.641791044776119	3.9053838520414867	5.517056688832463	0.38630904723779025	0.0	21.409837179436952
GSE311294	GSM9322959_TR11_18105	Official_BayesSpace_nrep1000	Official_BayesSpace_nrep1000	4	seed_11	seed_23	3673	700	0.19057990743261638	956	1055	1259	355	0.5071428571428571	0.30406996300033634	1.667849241466498	2.3550564319610108	1.991812834042714	2.7845441614430264	0.2213216957605985	91.45295489971791	158.58197423337222
GSE311294	GSM9322959_TR11_18105	Official_BayesSpace_nrep1000	Official_BayesSpace_nrep1000	4	seed_11	seed_37	3673	47	0.0127960794990471	956	942	987	45	0.9574468085106383	0.2597904026475455	3.685458734245833	64.10828025477707	15.521669371254154	264.78283352926263	0.0455005055611729	0.0	158.58197423336222
GSE311294	GSM9322959_TR11_18105	Official_BayesSpace_nrep1000	Official_BayesSpace_nrep1000	6	seed_11	seed_23	3673	958	0.2608222161720664	1278	1355	1690	672	0.7014613778705637	0.37495395948434623	1.8707933604308256	3.9168532842403176	3.342057973481452	4.5905067392599825	0.340080971659919	91.13906565136024	91.45295489971194
GSE311294	GSM9322959_TR11_18105	Official_BayesSpace_nrep1000	Official_BayesSpace_nrep1000	6	seed_11	seed_37	3673	1018	0.27715763680914784	1278	1353	1723	692	0.6797642436149313	0.38832391713747644	1.7505083092120686	3.3436118367419803	2.8690829916908047	3.89662486138564	0.337725719863348	91.13906565136024	91.45295489971885
GSE267401	GSM8265211_CTC21P	Official_STAGATE_pyG	Official_STAGATE_pyG	4	seed_11	seed_23	4690	92	0.019616204690831557	2526	2544	2591	92	1.0	0.5434971726837755	1.839935974389756	155.39407881576315	9.640941178346486	2504.6641488939254	0.03550752605171748	0.0	0.0
GSE267401	GSM8265211_CTC21P	Official_STAGATE_pyG	Official_STAGATE_pyG	4	seed_11	seed_37	4690	88	0.018763326226012792	2526	2567	2602	88	1.0	0.546284224250326	1.8305489260143197	147.01312388148736	9.117891524857264	2370.3789998457883	0.033820138355111454	0.0	0.0
GSE267401	GSM8265211_CTC21P	Official_STAGATE_pyG	Official_STAGATE_pyG	6	seed_11	seed_23	4690	209	0.04456289978678039	2795	2861	2929	201	0.9617224880382775	0.6087926802053113	1.5797208463707924	16.14520711143695	7.944344410068204	32.8117336329023	0.06843718079673136	0.0	0.0
GSE267401	GSM8265211_CTC21P	Official_STAGATE_pyG	Official_STAGATE_pyG	6	seed_11	seed_37	4690	195	0.04157782515991471	2795	2853	2917	187	0.958974358974359	0.60734149054505	1.5789706020475252	15.112408424908425	7.428740194877119	30.743421146796603	0.06393162393162394	0.0	0.0
GSE311294	GSM9322957_TR11_206	Official_STAGATE_pyG	Official_STAGATE_pyG	4	seed_11	seed_23	3742	22	0.005879208979155532	1631	1653	1657	22	1.0	0.43951612903225806	2.2752293577981653	57.38153469886885	3.4781034350382116	946.6769996624071	0.013277006638503319	0.0	21.409837179437066
GSE311294	GSM9322957_TR11_206	Official_STAGATE_pyG	Official_STAGATE_pyG	4	seed_11	seed_37	3742	20	0.005344735435595938	1631	1648	1654	20	1.0	0.43901128425577646	2.2778457772337823	52.38819210767819	3.1660239270514174	866.8673186140533	0.012091898428053204	0.0	21.409837179437066
GSE311294	GSM9322957_TR11_206	Official_STAGATE_pyG	Official_STAGATE_pyG	6	seed_11	seed_23	3742	32	0.0085515766969535	2064	2084	2090	32	1.0	0.5547169811320755	1.8027210884353742	52.17998542628127	3.1926448589335936	852.8198404116823	0.015311004784688996	0.0	0.0
GSE311294	GSM9322957_TR11_206	Official_STAGATE_pyG	Official_STAGATE_pyG	6	seed_11	seed_37	3742	36	0.009620523784072688	2064	2080	2088	36	1.0	0.5536967080410146	1.8060428849902534	58.844579780755176	3.6087778252979565	959.517248554299	0.017241379310344827	0.0	0.0
GSE311294	GSM9322959_TR11_18105	Official_STAGATE_pyG	Official_STAGATE_pyG	4	seed_11	seed_23	3673	9	0.002450313095562211	1253	1251	1262	9	1.0	0.3419759825327511	2.9241819632881088	36.55245313123255	2.125618056596141	628.5615733103464	0.0071315372424722665	0.0	91.45295489971258
GSE311294	GSM9322959_TR11_18105	Official_STAGATE_pyG	Official_STAGATE_pyG	4	seed_11	seed_37	3673	3	0.0008167710318540703	1253	1253	1256	3	1.0	0.34141689373297	2.9289704708699125	13.500199441563622	0.6967544980392066	261.5776223546377	0.0023885350318471337	0.0	91.45295489971258
GSE311294	GSM9322959_TR11_18105	Official_STAGATE_pyG	Official_STAGATE_pyG	6	seed_11	seed_23	3673	6	0.0016335420637081405	1466	1462	1470	6	1.0	0.3992364330515408	2.504781420765027	19.559918060771594	1.1010122422433024	347.489682553006	0.004081632653061225	0.0	91.13906565136206
GSE311294	GSM9322959_TR11_18105	Official_STAGATE_pyG	Official_STAGATE_pyG	6	seed_11	seed_37	3673	4	0.0010890280424720937	1466	1460	1467	4	1.0	0.398746252384846	2.5078605604921393	13.569183464297916	0.7299777427018136	252.230621725939	0.0027266530334014998	0.0	91.13906565136206
GSE267401	GSM8265211_CTC21P	Official_SpaGCN_v1_2_7	Official_SpaGCN_v1_2_7	4	seed_11	seed_23	4690	1216	0.259275053304904	3027	3047	3691	1124	0.9243421052631579	0.7389176741508348	1.2509405818793184	4.316779864839687	3.4448672406592493	5.409377807523061	0.2971186888712662	0.0	0.0
GSE267401	GSM8265211_CTC21P	Official_SpaGCN_v1_2_7	Official_SpaGCN_v1_2_7	4	seed_11	seed_37	4690	1128	0.24051172707889126	3027	2971	3642	1063	0.9423758865248227	0.7240314430095453	1.3015676261347104	6.233358188922361	4.8015098446860085	8.092195073682358	0.2867547882384678	0.0	0.0
GSE267401	GSM8265211_CTC21P	Official_SpaGCN_v1_2_7	Official_SpaGCN_v1_2_7	6	seed_11	seed_23	4690	2011	0.4287846481876333	3262	3403	3779	1722	0.8562904027846843	0.7678238148562897	1.115217301439071	1.8017370006711828	1.5453252411036933	2.10069449022205	0.42330383480825956	0.0	0.0
GSE267401	GSM8265211_CTC21P	Official_SpaGCN_v1_2_7	Official_SpaGCN_v1_2_7	6	seed_11	seed_37	4690	1181	0.2518123667377399	3262	3338	3761	1132	0.9585097375105842	0.7492163009404389	1.279349817012035	7.732900691657416	5.751592208526732	10.39673032075981	0.2971128608923885	0.0	0.0
GSE311294	GSM9322957_TR11_206	Official_SpaGCN_v1_2_7	Official_SpaGCN_v1_2_7	4	seed_11	seed_23	3742	325	0.086851950828434	2259	2143	2421	325	1.0	0.6134035703833772	1.6302480916030535	410.3489148580968	25.589113231630204	6580.385588238314	0.13424204874019	0.0	0.0
GSE311294	GSM9322957_TR11_206	Official_SpaGCN_v1_2_7	Official_SpaGCN_v1_2_7	4	seed_11	seed_37	3742	270	0.07215392838054516	2259	2168	2390	270	1.0	0.6105990783410138	1.6377358490566039	345.061306295685	21.508853890084808	5535.734526392985	0.11297071129707113	0.0	0.0
GSE311294	GSM9322957_TR11_206	Official_SpaGCN_v1_2_7	Official_SpaGCN_v1_2_7	6	seed_11	seed_23	3742	1044	0.27899518973810794	2723	2453	2975	1008	0.9655172413793104	0.729058561897702	1.3243342741440667	10.405693950177936	7.383400812684544	14.665121037279915	0.3347725008302889	0.0	0.0
GSE311294	GSM9322957_TR11_206	Official_SpaGCN_v1_2_7	Official_SpaGCN_v1_2_7	6	seed_11	seed_37	3742	1074	0.2870122928915019	2723	2137	2913	980	0.9124767225325885	0.724512743628186	1.259435021064121	3.964183113009213	3.1558568897096233	4.979550183250978	0.32590621882274695	0.0	0.0
GSE311294	GSM9322959_TR11_18105	Official_SpaGCN_v1_2_7	Official_SpaGCN_v1_2_7	4	seed_11	seed_23	3673	826	0.22488429077048733	2262	2580	2804	806	0.9757869249394673	0.7017913593256059	1.390423110762094	17.124474474474475	10.909429718365176	26.88019755361441	0.28541076487252126	0.0	0.0
GSE311294	GSM9322959_TR11_18105	Official_SpaGCN_v1_2_7	Official_SpaGCN_v1_2_7	4	seed_11	seed_37	3673	550	0.14974135583991288	2262	2291	2612	549	0.9981818181818182	0.6605827729747038	1.5110624421627814	282.0843431895298	39.60772084735564	2008.9915544327741	0.21010332950631458	0.0	0.0
GSE311294	GSM9322959_TR11_18105	Official_SpaGCN_v1_2_7	Official_SpaGCN_v1_2_7	6	seed_11	seed_23	3673	1419	0.38633269806697523	2655	2364	3032	1388	0.97815362931642	0.7293700088731144	1.3410938445737293	16.613295659681345	11.499898340142982	24.00035065636548	0.45315050603983026	0.0	0.0
GSE311294	GSM9322959_TR11_18105	Official_SpaGCN_v1_2_7	Official_SpaGCN_v1_2_7	6	seed_11	seed_37	3673	606	0.16498774843452219	2655	2735	2924	604	0.9966996699669967	0.7564395174437561	1.3176197792193012	97.23879310344827	24.203596898911876	390.6602363155497	0.20642515379357484	0.0	0.0
