dataset_id	sample_id	official_method_id	method_label	K	feature_type	feature_id	genes_used	reference_id	official_reference_delta	n_alternatives	minimum_delta	maximum_delta	official_delta_range	n_sign_state_changes_vs_reference	official_any_sign_state_change_vs_reference	n_direction_reversals_vs_reference	official_any_direction_reversal_vs_reference	n_zero_involved_changes_vs_reference	all_partitions_same_direction	reference_block_delta	median_block_delta	n_partitions_with_evaluable_blocks	n_block_direction_reversals_vs_reference	any_block_direction_reversal_vs_reference	current_method_id	current_reference_delta	current_delta_range	current_any_direction_reversal_vs_reference	current_any_sign_state_change_vs_reference	reference_delta_sign_agrees
GSE267401	GSM8265211_CTC21P	Official_BayesSpace_nrep1000	Official_BayesSpace_nrep1000	4	gene	COL1A1	COL1A1	seed_11	-0.9018676524931132	2	-0.910177961211303	-0.8889896915458211	0.0211882696654819	0	False	0	False	0	1	-0.2248976965201754	-0.2507474545454299	3	0	False	BayesSpace	-0.8723537790417422	0.0167234986532185	False	False	True
GSE267401	GSM8265211_CTC21P	Official_BayesSpace_nrep1000	Official_BayesSpace_nrep1000	4	gene	EPCAM	EPCAM	seed_11	0.1142495355530139	2	0.1064976338770993	0.1142495355530139	0.0077519016759146	0	False	0	False	0	1	0.0775318220082643	0.088626019461681	3	0	False	BayesSpace	0.0963131591400694	0.0191083800086411	False	False	True
GSE267401	GSM8265211_CTC21P	Official_BayesSpace_nrep1000	Official_BayesSpace_nrep1000	4	gene	FAP	FAP	seed_11	0.0	2	0.0	0.0	0.0	0	False	0	False	0	1	0.0	0.0	3	0	False	BayesSpace	0.0	0.0	False	False	True
GSE267401	GSM8265211_CTC21P	Official_BayesSpace_nrep1000	Official_BayesSpace_nrep1000	4	gene	PTPRC	PTPRC	seed_11	0.0	2	0.0	0.0	0.0	0	False	0	False	0	1	0.0	0.0	3	0	False	BayesSpace	0.0	0.0	False	False	True
GSE267401	GSM8265211_CTC21P	Official_BayesSpace_nrep1000	Official_BayesSpace_nrep1000	4	signature	SIG_CAF_FAP	FAP,COL1A1,DCN,COL3A1,LUM	seed_11	-0.5168751569943068	2	-0.5179962751838568	-0.4974182512134293	0.0205780239704275	0	False	0	False	0	1	-0.0609400809639167	-0.0653353160775008	3	0	False	BayesSpace	-0.4873973586669682	0.0246017126177884	False	False	True
GSE267401	GSM8265211_CTC21P	Official_BayesSpace_nrep1000	Official_BayesSpace_nrep1000	4	signature	SIG_CYTOTOX	NKG7,GNLY,GZMB,PRF1,IFNG	seed_11	0.0	2	0.0	0.0	0.0	0	False	0	False	0	1	0.0	0.0	3	0	False	BayesSpace	0.0	0.0	False	False	True
GSE267401	GSM8265211_CTC21P	Official_BayesSpace_nrep1000	Official_BayesSpace_nrep1000	4	signature	SIG_EXCLUSION_CONTRAST	CAF:FAP,COL1A1,DCN,COL3A1,LUM;MY:SPP1,LST1,TYROBP,C1QA,C1QB,C1QC;TCELL:TRAC,CD3D,CD3E,CD247	seed_11	-0.528363063890918	2	-0.5376838020838983	-0.5169541832097355	0.0207296188741628	0	False	0	False	0	1	-0.0533863786103384	-0.0533863786103384	3	0	False	BayesSpace	-0.5164368604824061	0.0058496100723466	False	False	True
GSE267401	GSM8265211_CTC21P	Official_BayesSpace_nrep1000	Official_BayesSpace_nrep1000	4	signature	SIG_EXCLUSION_TGFB_CXCL12	TGFB1,CXCL12,ACTA2,TAGLN,FAP,COL1A1	seed_11	-0.3010033905998115	2	-0.3078646724824379	-0.3010033905998115	0.0068612818826263	0	False	0	False	0	1	-0.0381843159815157	-0.038313997348213	3	0	False	BayesSpace	-0.295878158889324	0.007430944852495	False	False	True
GSE267401	GSM8265211_CTC21P	Official_BayesSpace_nrep1000	Official_BayesSpace_nrep1000	4	signature	SIG_MY_SPP1	SPP1,LST1,TYROBP,C1QA,C1QB,C1QC	seed_11	0.0517788560015795	2	0.0517788560015795	0.0538333444602613	0.0020544884586818	0	False	0	False	0	1	0.0	0.0	3	0	False	BayesSpace	0.0593627879311303	0.0014811144282941	False	False	True
GSE267401	GSM8265211_CTC21P	Official_BayesSpace_nrep1000	Official_BayesSpace_nrep1000	4	signature	SIG_TCELL	TRAC,CD3D,CD3E,CD247	seed_11	0.0	2	0.0	0.0	0.0	0	False	0	False	0	1	0.0	0.0	3	0	False	BayesSpace	0.0	0.0	False	False	True
GSE267401	GSM8265211_CTC21P	Official_BayesSpace_nrep1000	Official_BayesSpace_nrep1000	4	gene	SPP1	SPP1	seed_11	0.0	2	0.0	0.0	0.0	0	False	0	False	0	1	0.0	0.0	3	0	False	BayesSpace	0.0	0.0	False	False	True
GSE267401	GSM8265211_CTC21P	Official_BayesSpace_nrep1000	Official_BayesSpace_nrep1000	6	gene	COL1A1	COL1A1	seed_11	-1.0658684729608798	2	-1.3521223699663016	-1.0658684729608798	0.2862538970054218	0	False	0	False	0	1	0.0195869532506072	0.016484275243487	3	1	True	BayesSpace	-1.3685089126578478	0.0294079811969272	False	False	True
GSE267401	GSM8265211_CTC21P	Official_BayesSpace_nrep1000	Official_BayesSpace_nrep1000	6	gene	EPCAM	EPCAM	seed_11	0.4403023966650821	2	0.4403023966650821	0.5206842980772675	0.0803819014121853	0	False	0	False	0	1	0.030684312628844	0.030684312628844	3	0	False	BayesSpace	0.5146641693479248	0.0202532433673465	False	False	True
GSE267401	GSM8265211_CTC21P	Official_BayesSpace_nrep1000	Official_BayesSpace_nrep1000	6	gene	FAP	FAP	seed_11	0.0	2	0.0	0.0	0.0	0	False	0	False	0	1	0.0	0.0	3	0	False	BayesSpace	0.0	0.0	False	False	True
GSE267401	GSM8265211_CTC21P	Official_BayesSpace_nrep1000	Official_BayesSpace_nrep1000	6	gene	PTPRC	PTPRC	seed_11	0.0	2	0.0	0.0	0.0	0	False	0	False	0	1	0.0	0.0	3	0	False	BayesSpace	0.0	0.0	False	False	True
GSE267401	GSM8265211_CTC21P	Official_BayesSpace_nrep1000	Official_BayesSpace_nrep1000	6	signature	SIG_CAF_FAP	FAP,COL1A1,DCN,COL3A1,LUM	seed_11	-0.5816642112577417	2	-0.7350600439316197	-0.5816642112577417	0.153395832673878	0	False	0	False	0	1	0.0518777903545294	0.0518777903545294	3	0	False	BayesSpace	-0.7499434370408169	0.0417832934816777	False	False	True
GSE267401	GSM8265211_CTC21P	Official_BayesSpace_nrep1000	Official_BayesSpace_nrep1000	6	signature	SIG_CYTOTOX	NKG7,GNLY,GZMB,PRF1,IFNG	seed_11	0.0	2	0.0	0.0	0.0	0	False	0	False	0	1	0.0	0.0	3	0	False	BayesSpace	0.0	0.0	False	False	True
GSE267401	GSM8265211_CTC21P	Official_BayesSpace_nrep1000	Official_BayesSpace_nrep1000	6	signature	SIG_EXCLUSION_CONTRAST	CAF:FAP,COL1A1,DCN,COL3A1,LUM;MY:SPP1,LST1,TYROBP,C1QA,C1QB,C1QC;TCELL:TRAC,CD3D,CD3E,CD247	seed_11	-0.5741116673654043	2	-0.6853554606047543	-0.5741116673654043	0.1112437932393499	0	False	0	False	0	1	0.1081123709198803	0.0632889663440774	3	0	False	BayesSpace	-0.6758262179987089	0.0345130153792441	False	False	True
GSE267401	GSM8265211_CTC21P	Official_BayesSpace_nrep1000	Official_BayesSpace_nrep1000	6	signature	SIG_EXCLUSION_TGFB_CXCL12	TGFB1,CXCL12,ACTA2,TAGLN,FAP,COL1A1	seed_11	-0.3038141003805866	2	-0.3731572293856584	-0.3038141003805866	0.0693431290050717	0	False	0	False	0	1	0.0134989995503738	0.0080982955396982	3	1	True	BayesSpace	-0.3772730469994302	0.010722736765362	False	False	True
GSE267401	GSM8265211_CTC21P	Official_BayesSpace_nrep1000	Official_BayesSpace_nrep1000	6	signature	SIG_MY_SPP1	SPP1,LST1,TYROBP,C1QA,C1QB,C1QC	seed_11	0.0808875621729398	2	0.0736581249002055	0.0808875621729398	0.0072294372727342	0	False	0	False	0	1	0.0254746596582315	0.0021316203091997	3	0	False	BayesSpace	0.0914904490706162	0.0211021218752487	False	False	True
GSE267401	GSM8265211_CTC21P	Official_BayesSpace_nrep1000	Official_BayesSpace_nrep1000	6	signature	SIG_TCELL	TRAC,CD3D,CD3E,CD247	seed_11	0.0	2	0.0	0.0	0.0	0	False	0	False	0	1	0.0	0.0	3	0	False	BayesSpace	0.0	0.0	False	False	True
GSE267401	GSM8265211_CTC21P	Official_BayesSpace_nrep1000	Official_BayesSpace_nrep1000	6	gene	SPP1	SPP1	seed_11	0.1900899022130102	2	0.1572441362845889	0.1900899022130102	0.0328457659284212	0	False	0	False	0	1	0.0	0.0	3	0	False	BayesSpace	0.1944615379806401	0.0367839524564735	False	False	True
GSE311294	GSM9322957_TR11_206	Official_BayesSpace_nrep1000	Official_BayesSpace_nrep1000	4	gene	COL1A1	COL1A1	seed_11	0.4430418393273454	2	0.0534009084398525	0.4667996974052086	0.4133987889653561	0	False	0	False	0	1	0.1611991109267676	0.1611991109267676	3	0	False	BayesSpace	0.2947836381924076	0.3480433520627404	False	False	True
GSE311294	GSM9322957_TR11_206	Official_BayesSpace_nrep1000	Official_BayesSpace_nrep1000	4	gene	EPCAM	EPCAM	seed_11	-0.3918377682966087	2	-0.3918377682966087	0.1629792199503676	0.5548169882469765	1	True	1	True	0	0	0.0	0.0	3	0	False	BayesSpace	-0.1311986576220754	0.4456892043104921	True	True	True
GSE311294	GSM9322957_TR11_206	Official_BayesSpace_nrep1000	Official_BayesSpace_nrep1000	4	gene	FAP	FAP	seed_11	0.0	2	0.0	0.0	0.0	0	False	0	False	0	1	0.0	0.0	3	0	False	BayesSpace	0.0	0.0	False	False	True
GSE311294	GSM9322957_TR11_206	Official_BayesSpace_nrep1000	Official_BayesSpace_nrep1000	4	gene	PTPRC	PTPRC	seed_11	0.0	2	0.0	0.0	0.0	0	False	0	False	0	1	0.0	0.0	3	0	False	BayesSpace	0.0	0.0	False	False	True
GSE311294	GSM9322957_TR11_206	Official_BayesSpace_nrep1000	Official_BayesSpace_nrep1000	4	signature	SIG_CAF_FAP	FAP,COL1A1,DCN,COL3A1,LUM	seed_11	0.2457875694074203	2	-0.1021143482405575	0.2674789076465065	0.369593255887064	1	True	1	True	0	0	0.0412617544443076	0.0412617544443076	3	1	True	BayesSpace	0.0883974004408036	0.2987533268956532	True	True	True
GSE311294	GSM9322957_TR11_206	Official_BayesSpace_nrep1000	Official_BayesSpace_nrep1000	4	signature	SIG_CYTOTOX	NKG7,GNLY,GZMB,PRF1,IFNG	seed_11	0.0	2	0.0	0.0	0.0	0	False	0	False	0	1	0.0	0.0	3	0	False	BayesSpace	0.0	0.0	False	False	True
GSE311294	GSM9322957_TR11_206	Official_BayesSpace_nrep1000	Official_BayesSpace_nrep1000	4	signature	SIG_EXCLUSION_CONTRAST	CAF:FAP,COL1A1,DCN,COL3A1,LUM;MY:SPP1,LST1,TYROBP,C1QA,C1QB,C1QC;TCELL:TRAC,CD3D,CD3E,CD247	seed_11	0.2479061186584625	2	-0.1422778673739024	0.264624186667926	0.4069020540418284	1	True	1	True	0	0	0.1032568637398213	0.1032568637398213	3	0	False	BayesSpace	0.0679099990910674	0.3068467784803121	True	True	True
GSE311294	GSM9322957_TR11_206	Official_BayesSpace_nrep1000	Official_BayesSpace_nrep1000	4	signature	SIG_EXCLUSION_TGFB_CXCL12	TGFB1,CXCL12,ACTA2,TAGLN,FAP,COL1A1	seed_11	0.2350419503835594	2	-0.1741399195262669	0.2350419503835594	0.4091818699098264	1	True	1	True	0	0	-0.0203707610434119	-0.0203707610434119	3	1	True	BayesSpace	0.0570280423276368	0.3857626213135297	True	True	True
GSE311294	GSM9322957_TR11_206	Official_BayesSpace_nrep1000	Official_BayesSpace_nrep1000	4	signature	SIG_MY_SPP1	SPP1,LST1,TYROBP,C1QA,C1QB,C1QC	seed_11	-0.0161691734985061	2	-0.0378786229079712	-0.015746142100766	0.0221324808072051	0	False	0	False	0	1	0.0220816660639054	0.0220816660639054	3	1	True	BayesSpace	-0.007308210595959	0.0376230303566726	False	False	True
GSE311294	GSM9322957_TR11_206	Official_BayesSpace_nrep1000	Official_BayesSpace_nrep1000	4	signature	SIG_TCELL	TRAC,CD3D,CD3E,CD247	seed_11	0.0	2	0.0	0.0	0.0	0	False	0	False	0	1	0.0	0.0	3	0	False	BayesSpace	0.0	0.0	False	False	True
GSE311294	GSM9322957_TR11_206	Official_BayesSpace_nrep1000	Official_BayesSpace_nrep1000	4	gene	SPP1	SPP1	seed_11	0.0	2	0.0	0.0	0.0	0	False	0	False	0	1	0.0	0.0	3	0	False	BayesSpace	0.0	0.0	False	False	True
GSE311294	GSM9322957_TR11_206	Official_BayesSpace_nrep1000	Official_BayesSpace_nrep1000	6	gene	COL1A1	COL1A1	seed_11	-0.3530264897600603	2	-0.3530264897600603	0.0479778966528878	0.4010043864129482	1	True	1	True	0	0	-0.2901083886006863	-0.0389351296236049	3	1	True	BayesSpace	-0.2989273875716409	0.3255826071296437	True	True	True
GSE311294	GSM9322957_TR11_206	Official_BayesSpace_nrep1000	Official_BayesSpace_nrep1000	6	gene	EPCAM	EPCAM	seed_11	2.1153655075468314	2	0.3779752356475709	2.1153655075468314	1.7373902718992604	0	False	0	False	0	1	0.282015324990668	0.0	3	0	False	BayesSpace	2.10742146012732	1.6233467619176438	False	False	True
GSE311294	GSM9322957_TR11_206	Official_BayesSpace_nrep1000	Official_BayesSpace_nrep1000	6	gene	FAP	FAP	seed_11	0.0	2	0.0	0.0	0.0	0	False	0	False	0	1	0.0	0.0	3	0	False	BayesSpace	0.0	0.0	False	False	True
GSE311294	GSM9322957_TR11_206	Official_BayesSpace_nrep1000	Official_BayesSpace_nrep1000	6	gene	PTPRC	PTPRC	seed_11	0.0	2	0.0	0.0	0.0	0	False	0	False	0	1	0.0	0.0	3	0	False	BayesSpace	0.0	0.0	False	False	True
GSE311294	GSM9322957_TR11_206	Official_BayesSpace_nrep1000	Official_BayesSpace_nrep1000	6	signature	SIG_CAF_FAP	FAP,COL1A1,DCN,COL3A1,LUM	seed_11	-0.2585533392071326	2	-0.2585533392071326	-0.0985841194176002	0.1599692197895323	0	False	0	False	0	1	-0.1511703321162356	-0.0810545356039854	3	1	True	BayesSpace	-0.233927030225779	0.0899179022144616	False	False	True
GSE311294	GSM9322957_TR11_206	Official_BayesSpace_nrep1000	Official_BayesSpace_nrep1000	6	signature	SIG_CYTOTOX	NKG7,GNLY,GZMB,PRF1,IFNG	seed_11	0.0	2	0.0	0.0	0.0	0	False	0	False	0	1	0.0	0.0	3	0	False	BayesSpace	0.0	0.0	False	False	True
GSE311294	GSM9322957_TR11_206	Official_BayesSpace_nrep1000	Official_BayesSpace_nrep1000	6	signature	SIG_EXCLUSION_CONTRAST	CAF:FAP,COL1A1,DCN,COL3A1,LUM;MY:SPP1,LST1,TYROBP,C1QA,C1QB,C1QC;TCELL:TRAC,CD3D,CD3E,CD247	seed_11	-0.2628576730128114	2	-0.2628576730128114	-0.1450914994053636	0.1177661736074477	0	False	0	False	0	1	-0.1070720269775646	-0.0208825120716296	3	0	False	BayesSpace	-0.2462207555304287	0.028328811236596	False	False	True
GSE311294	GSM9322957_TR11_206	Official_BayesSpace_nrep1000	Official_BayesSpace_nrep1000	6	signature	SIG_EXCLUSION_TGFB_CXCL12	TGFB1,CXCL12,ACTA2,TAGLN,FAP,COL1A1	seed_11	-0.4544951073027761	2	-0.4544951073027761	-0.2458758428341161	0.2086192644686599	0	False	0	False	0	1	-0.1260042251507032	-0.0211558131066276	3	0	False	BayesSpace	-0.4975481896877409	0.1473056876355332	False	False	True
GSE311294	GSM9322957_TR11_206	Official_BayesSpace_nrep1000	Official_BayesSpace_nrep1000	6	signature	SIG_MY_SPP1	SPP1,LST1,TYROBP,C1QA,C1QB,C1QC	seed_11	-0.0171593544617831	2	-0.0461841585886961	-0.0171593544617831	0.0290248041269129	0	False	0	False	0	1	0.0185846271894283	-0.0197789999879295	3	2	True	BayesSpace	-0.0165352112806588	0.0643911684481925	False	False	True
GSE311294	GSM9322957_TR11_206	Official_BayesSpace_nrep1000	Official_BayesSpace_nrep1000	6	signature	SIG_TCELL	TRAC,CD3D,CD3E,CD247	seed_11	0.0	2	0.0	0.0	0.0	0	False	0	False	0	1	0.0	0.0	3	0	False	BayesSpace	0.0	0.0	False	False	True
GSE311294	GSM9322957_TR11_206	Official_BayesSpace_nrep1000	Official_BayesSpace_nrep1000	6	gene	SPP1	SPP1	seed_11	0.0	2	0.0	0.0	0.0	0	False	0	False	0	1	0.0	0.0	3	0	False	BayesSpace	0.0	0.0	False	False	True
GSE311294	GSM9322959_TR11_18105	Official_BayesSpace_nrep1000	Official_BayesSpace_nrep1000	4	gene	COL1A1	COL1A1	seed_11	-0.07224294862469	2	-0.07224294862469	0.0787067594828876	0.1509497081075776	1	True	1	True	0	0	-0.133742705030512	-0.050565725831305	3	0	False	BayesSpace	-0.043962076616923	0.1255246230598921	True	True	True
GSE311294	GSM9322959_TR11_18105	Official_BayesSpace_nrep1000	Official_BayesSpace_nrep1000	4	gene	EPCAM	EPCAM	seed_11	0.0	2	0.0	0.0	0.0	0	False	0	False	0	1	0.0	0.0	3	0	False	BayesSpace	0.0	0.0	False	False	True
GSE311294	GSM9322959_TR11_18105	Official_BayesSpace_nrep1000	Official_BayesSpace_nrep1000	4	gene	FAP	FAP	seed_11	0.0	2	0.0	0.0	0.0	0	False	0	False	0	1	0.0	0.0	3	0	False	BayesSpace	0.0	0.0	False	False	True
GSE311294	GSM9322959_TR11_18105	Official_BayesSpace_nrep1000	Official_BayesSpace_nrep1000	4	gene	PTPRC	PTPRC	seed_11	0.0	2	0.0	0.0	0.0	0	False	0	False	0	1	0.0	0.0	3	0	False	BayesSpace	0.0	0.0	False	False	True
GSE311294	GSM9322959_TR11_18105	Official_BayesSpace_nrep1000	Official_BayesSpace_nrep1000	4	signature	SIG_CAF_FAP	FAP,COL1A1,DCN,COL3A1,LUM	seed_11	-0.2468151537013208	2	-0.2468151537013208	-0.1509110542257379	0.0959040994755828	0	False	0	False	0	1	-0.2025943046272931	-0.1841940639829935	3	0	False	BayesSpace	-0.2256378682115003	0.0983301962107301	False	False	True
GSE311294	GSM9322959_TR11_18105	Official_BayesSpace_nrep1000	Official_BayesSpace_nrep1000	4	signature	SIG_CYTOTOX	NKG7,GNLY,GZMB,PRF1,IFNG	seed_11	0.0	2	0.0	0.0	0.0	0	False	0	False	0	1	0.0	0.0	3	0	False	BayesSpace	0.0	0.0	False	False	True
GSE311294	GSM9322959_TR11_18105	Official_BayesSpace_nrep1000	Official_BayesSpace_nrep1000	4	signature	SIG_EXCLUSION_CONTRAST	CAF:FAP,COL1A1,DCN,COL3A1,LUM;MY:SPP1,LST1,TYROBP,C1QA,C1QB,C1QC;TCELL:TRAC,CD3D,CD3E,CD247	seed_11	-0.3939521880251715	2	-0.3939521880251715	-0.3636209176307363	0.0303312703944351	0	False	0	False	0	1	-0.3198287338251915	-0.3198287338251915	3	0	False	BayesSpace	-0.4058767302700232	0.0669241792232071	False	False	True
GSE311294	GSM9322959_TR11_18105	Official_BayesSpace_nrep1000	Official_BayesSpace_nrep1000	4	signature	SIG_EXCLUSION_TGFB_CXCL12	TGFB1,CXCL12,ACTA2,TAGLN,FAP,COL1A1	seed_11	-0.2305020757997196	2	-0.2305020757997196	-0.1366503000468624	0.0938517757528571	0	False	0	False	0	1	-0.1459475539119137	-0.1327173715560627	3	0	False	BayesSpace	-0.2136586687096924	0.1165634869171738	False	False	True
GSE311294	GSM9322959_TR11_18105	Official_BayesSpace_nrep1000	Official_BayesSpace_nrep1000	4	signature	SIG_MY_SPP1	SPP1,LST1,TYROBP,C1QA,C1QB,C1QC	seed_11	-0.0821901773193053	2	-0.0851366601052233	-0.0697385996127675	0.0153980604924558	0	False	0	False	0	1	-0.0367664782016108	-0.0367664782016108	3	0	False	BayesSpace	-0.0931469422556957	0.0222213864930293	False	False	True
GSE311294	GSM9322959_TR11_18105	Official_BayesSpace_nrep1000	Official_BayesSpace_nrep1000	4	signature	SIG_TCELL	TRAC,CD3D,CD3E,CD247	seed_11	0.0	2	0.0	0.0	0.0	0	False	0	False	0	1	0.0	0.0	3	0	False	BayesSpace	0.0	0.0	False	False	True
GSE311294	GSM9322959_TR11_18105	Official_BayesSpace_nrep1000	Official_BayesSpace_nrep1000	4	gene	SPP1	SPP1	seed_11	0.0	2	0.0	0.0	0.0	0	False	0	False	0	1	0.0	0.0	3	0	False	BayesSpace	0.0	0.0	False	False	True
GSE311294	GSM9322959_TR11_18105	Official_BayesSpace_nrep1000	Official_BayesSpace_nrep1000	6	gene	COL1A1	COL1A1	seed_11	-0.0779018432469671	2	-0.1059107010452358	0.1359362623800706	0.2418469634253064	1	True	1	True	0	0	-0.0226833770004828	-0.0226833770004828	3	1	True	BayesSpace	-0.0584328490727106	0.239187420077771	True	True	True
GSE311294	GSM9322959_TR11_18105	Official_BayesSpace_nrep1000	Official_BayesSpace_nrep1000	6	gene	EPCAM	EPCAM	seed_11	0.0	2	0.0	0.0	0.0	0	False	0	False	0	1	0.0	0.0	3	0	False	BayesSpace	0.0	0.0	False	False	True
GSE311294	GSM9322959_TR11_18105	Official_BayesSpace_nrep1000	Official_BayesSpace_nrep1000	6	gene	FAP	FAP	seed_11	0.0	2	0.0	0.0	0.0	0	False	0	False	0	1	0.0	0.0	3	0	False	BayesSpace	0.0	0.0	False	False	True
GSE311294	GSM9322959_TR11_18105	Official_BayesSpace_nrep1000	Official_BayesSpace_nrep1000	6	gene	PTPRC	PTPRC	seed_11	0.0	2	0.0	0.0	0.0	0	False	0	False	0	1	0.0	0.0	3	0	False	BayesSpace	0.0	0.0	False	False	True
GSE311294	GSM9322959_TR11_18105	Official_BayesSpace_nrep1000	Official_BayesSpace_nrep1000	6	signature	SIG_CAF_FAP	FAP,COL1A1,DCN,COL3A1,LUM	seed_11	-0.1586567864194341	2	-0.1735365464324161	-0.0315980466648504	0.1419384997675656	0	False	0	False	0	1	-0.0358270627082759	-0.0445729017887543	3	0	False	BayesSpace	-0.1382904185630331	0.1471263035773033	False	False	True
GSE311294	GSM9322959_TR11_18105	Official_BayesSpace_nrep1000	Official_BayesSpace_nrep1000	6	signature	SIG_CYTOTOX	NKG7,GNLY,GZMB,PRF1,IFNG	seed_11	0.0	2	0.0	0.0	0.0	0	False	0	False	0	1	0.0	0.0	3	0	False	BayesSpace	0.0	0.0	False	False	True
GSE311294	GSM9322959_TR11_18105	Official_BayesSpace_nrep1000	Official_BayesSpace_nrep1000	6	signature	SIG_EXCLUSION_CONTRAST	CAF:FAP,COL1A1,DCN,COL3A1,LUM;MY:SPP1,LST1,TYROBP,C1QA,C1QB,C1QC;TCELL:TRAC,CD3D,CD3E,CD247	seed_11	-0.2078086432224117	2	-0.3144435343247957	-0.0837471549451551	0.2306963793796406	0	False	0	False	0	1	-0.1740971450208714	-0.1136133320910368	3	0	False	BayesSpace	-0.1833161418341586	0.2021118099741388	False	False	True
GSE311294	GSM9322959_TR11_18105	Official_BayesSpace_nrep1000	Official_BayesSpace_nrep1000	6	signature	SIG_EXCLUSION_TGFB_CXCL12	TGFB1,CXCL12,ACTA2,TAGLN,FAP,COL1A1	seed_11	-0.1192813473554934	2	-0.1835990092168535	0.0221204776795291	0.2057194868963827	1	True	1	True	0	0	-0.0417664704361447	-0.0417664704361447	3	1	True	BayesSpace	-0.0826074449293841	0.1751721306362217	False	False	True
GSE311294	GSM9322959_TR11_18105	Official_BayesSpace_nrep1000	Official_BayesSpace_nrep1000	6	signature	SIG_MY_SPP1	SPP1,LST1,TYROBP,C1QA,C1QB,C1QC	seed_11	-0.0252329444574195	2	-0.038854806583954	-0.0252329444574195	0.0136218621265344	0	False	0	False	0	1	-0.0091998412116691	-0.0270940846777772	3	0	False	BayesSpace	-0.0227791331021547	0.0188955581243736	False	False	True
GSE311294	GSM9322959_TR11_18105	Official_BayesSpace_nrep1000	Official_BayesSpace_nrep1000	6	signature	SIG_TCELL	TRAC,CD3D,CD3E,CD247	seed_11	0.0	2	0.0	0.0	0.0	0	False	0	False	0	1	0.0	0.0	3	0	False	BayesSpace	0.0	0.0	False	False	True
GSE311294	GSM9322959_TR11_18105	Official_BayesSpace_nrep1000	Official_BayesSpace_nrep1000	6	gene	SPP1	SPP1	seed_11	0.0	2	0.0	0.0	0.0	0	False	0	False	0	1	0.0	0.0	3	0	False	BayesSpace	0.0	0.0	False	False	True
GSE267401	GSM8265211_CTC21P	Official_STAGATE_pyG	Official_STAGATE_pyG	4	gene	COL1A1	COL1A1	seed_11	0.1754325446585407	2	0.1101803783519064	0.2196485459483903	0.1094681675964839	0	False	0	False	0	1	0.6974853988495744	0.7557372062242473	3	0	False	M5_stagate	0.5881661356975272	1.2894362416364955	False	False	True
GSE267401	GSM8265211_CTC21P	Official_STAGATE_pyG	Official_STAGATE_pyG	4	gene	EPCAM	EPCAM	seed_11	0.2208953667002373	2	0.1999604293914347	0.2532071516146961	0.0532467222232613	0	False	0	False	0	1	-0.0167344212811366	-0.0167344212811366	3	0	False	M5_stagate	-0.2631437226581479	0.4773289104430911	False	False	False
GSE267401	GSM8265211_CTC21P	Official_STAGATE_pyG	Official_STAGATE_pyG	4	gene	FAP	FAP	seed_11	0.0	2	0.0	0.0	0.0	0	False	0	False	0	1	0.0	0.0	3	0	False	M5_stagate	0.0	0.0	False	False	True
GSE267401	GSM8265211_CTC21P	Official_STAGATE_pyG	Official_STAGATE_pyG	4	gene	PTPRC	PTPRC	seed_11	0.0	2	0.0	0.0	0.0	0	False	0	False	0	1	0.0	0.0	3	0	False	M5_stagate	0.0	0.0	False	False	True
GSE267401	GSM8265211_CTC21P	Official_STAGATE_pyG	Official_STAGATE_pyG	4	signature	SIG_CAF_FAP	FAP,COL1A1,DCN,COL3A1,LUM	seed_11	0.1522856330091428	2	0.1341965545298284	0.1679416309583685	0.03374507642854	0	False	0	False	0	1	0.3430382878731444	0.3485367321067338	3	0	False	M5_stagate	0.3595929656433978	0.6799400045027251	False	False	True
GSE267401	GSM8265211_CTC21P	Official_STAGATE_pyG	Official_STAGATE_pyG	4	signature	SIG_CYTOTOX	NKG7,GNLY,GZMB,PRF1,IFNG	seed_11	0.0	2	0.0	0.0	0.0	0	False	0	False	0	1	0.0	0.0	3	0	False	M5_stagate	0.0	0.0	False	False	True
GSE267401	GSM8265211_CTC21P	Official_STAGATE_pyG	Official_STAGATE_pyG	4	signature	SIG_EXCLUSION_CONTRAST	CAF:FAP,COL1A1,DCN,COL3A1,LUM;MY:SPP1,LST1,TYROBP,C1QA,C1QB,C1QC;TCELL:TRAC,CD3D,CD3E,CD247	seed_11	0.1591820143838391	2	0.1423104234702537	0.2038699265050287	0.061559503034775	0	False	0	False	0	1	0.38356552373544	0.3914648495497362	3	0	False	M5_stagate	0.2873766424653889	0.5884101624785436	False	False	True
GSE267401	GSM8265211_CTC21P	Official_STAGATE_pyG	Official_STAGATE_pyG	4	signature	SIG_EXCLUSION_TGFB_CXCL12	TGFB1,CXCL12,ACTA2,TAGLN,FAP,COL1A1	seed_11	0.0693013355701355	2	0.0493472339202233	0.0693013355701355	0.0199541016499121	0	False	0	False	0	1	0.1725229336970687	0.1774511471419741	3	0	False	M5_stagate	0.1196023317392026	0.330532231374204	False	False	True
GSE267401	GSM8265211_CTC21P	Official_STAGATE_pyG	Official_STAGATE_pyG	4	signature	SIG_MY_SPP1	SPP1,LST1,TYROBP,C1QA,C1QB,C1QC	seed_11	0.1046487125308194	2	0.1046487125308194	0.1134146190478416	0.0087659065170221	0	False	0	False	0	1	0.0672160687435521	0.0672160687435521	3	0	False	M5_stagate	0.0771148761305711	0.0230043526031742	False	False	True
GSE267401	GSM8265211_CTC21P	Official_STAGATE_pyG	Official_STAGATE_pyG	4	signature	SIG_TCELL	TRAC,CD3D,CD3E,CD247	seed_11	0.0	2	0.0	0.0	0.0	0	False	0	False	0	1	0.0	0.0	3	0	False	M5_stagate	0.0	0.0	False	False	True
GSE267401	GSM8265211_CTC21P	Official_STAGATE_pyG	Official_STAGATE_pyG	4	gene	SPP1	SPP1	seed_11	0.163691539931286	2	0.163691539931286	0.1725798387371804	0.0088882988058943	0	False	0	False	0	1	0.0	0.0	3	0	False	M5_stagate	0.0	0.0	False	False	False
GSE267401	GSM8265211_CTC21P	Official_STAGATE_pyG	Official_STAGATE_pyG	6	gene	COL1A1	COL1A1	seed_11	-0.229686787537434	2	-0.2760472545706811	-0.229686787537434	0.0463604670332471	0	False	0	False	0	1	0.5192095250417232	0.5525726604543006	3	0	False	M5_stagate	-0.2921188361037958	1.2103166988286032	True	True	True
GSE267401	GSM8265211_CTC21P	Official_STAGATE_pyG	Official_STAGATE_pyG	6	gene	EPCAM	EPCAM	seed_11	0.2457289460333322	2	0.2457289460333322	0.2811486932780376	0.0354197472447053	0	False	0	False	0	1	-0.0251968196474074	-0.0167344212811366	3	0	False	M5_stagate	-0.0325525501091465	0.3586112444753357	False	False	False
GSE267401	GSM8265211_CTC21P	Official_STAGATE_pyG	Official_STAGATE_pyG	6	gene	FAP	FAP	seed_11	0.0	2	0.0	0.0	0.0	0	False	0	False	0	1	0.0	0.0	3	0	False	M5_stagate	0.0	0.0	False	False	True
GSE267401	GSM8265211_CTC21P	Official_STAGATE_pyG	Official_STAGATE_pyG	6	gene	PTPRC	PTPRC	seed_11	0.0	2	0.0	0.0	0.0	0	False	0	False	0	1	0.0	0.0	3	0	False	M5_stagate	0.0	0.0	False	False	True
GSE267401	GSM8265211_CTC21P	Official_STAGATE_pyG	Official_STAGATE_pyG	6	signature	SIG_CAF_FAP	FAP,COL1A1,DCN,COL3A1,LUM	seed_11	-0.0864219838000281	2	-0.1020616331612365	-0.0864219838000281	0.0156396493612083	0	False	0	False	0	1	0.266762485348396	0.266762485348396	3	0	False	M5_stagate	-0.1131137621335094	0.654879398598291	True	True	True
GSE267401	GSM8265211_CTC21P	Official_STAGATE_pyG	Official_STAGATE_pyG	6	signature	SIG_CYTOTOX	NKG7,GNLY,GZMB,PRF1,IFNG	seed_11	0.0	2	0.0	0.0	0.0	0	False	0	False	0	1	0.0	0.0	3	0	False	M5_stagate	0.0	0.0	False	False	True
GSE267401	GSM8265211_CTC21P	Official_STAGATE_pyG	Official_STAGATE_pyG	6	signature	SIG_EXCLUSION_CONTRAST	CAF:FAP,COL1A1,DCN,COL3A1,LUM;MY:SPP1,LST1,TYROBP,C1QA,C1QB,C1QC;TCELL:TRAC,CD3D,CD3E,CD247	seed_11	-0.0886052665601897	2	-0.0932585386855158	-0.088464560855078	0.0047939778304377	0	False	0	False	0	1	0.2592023053623365	0.302842773441954	3	0	False	M5_stagate	-0.1084172139834134	0.5949276012222966	True	True	True
GSE267401	GSM8265211_CTC21P	Official_STAGATE_pyG	Official_STAGATE_pyG	6	signature	SIG_EXCLUSION_TGFB_CXCL12	TGFB1,CXCL12,ACTA2,TAGLN,FAP,COL1A1	seed_11	-0.0434493499660401	2	-0.0623212411338177	-0.0434493499660401	0.0188718911677776	0	False	0	False	0	1	0.1551760785892436	0.1641230388390098	3	0	False	M5_stagate	-0.1220789200923464	0.3435557576495192	True	True	True
GSE267401	GSM8265211_CTC21P	Official_STAGATE_pyG	Official_STAGATE_pyG	6	signature	SIG_MY_SPP1	SPP1,LST1,TYROBP,C1QA,C1QB,C1QC	seed_11	0.0885969934196938	2	0.0875635590853406	0.0930093069493432	0.0054457478640025	0	False	0	False	0	1	0.0203832008538086	0.0362491130976829	3	0	False	M5_stagate	0.0814104601026213	0.0724087559677327	False	False	True
GSE267401	GSM8265211_CTC21P	Official_STAGATE_pyG	Official_STAGATE_pyG	6	signature	SIG_TCELL	TRAC,CD3D,CD3E,CD247	seed_11	0.0	2	0.0	0.0	0.0	0	False	0	False	0	1	0.0	0.0	3	0	False	M5_stagate	0.0	0.0	False	False	True
GSE267401	GSM8265211_CTC21P	Official_STAGATE_pyG	Official_STAGATE_pyG	6	gene	SPP1	SPP1	seed_11	0.0	2	0.0	0.0	0.0	0	False	0	False	0	1	0.0	0.0	3	0	False	M5_stagate	0.0	0.0	False	False	True
GSE311294	GSM9322957_TR11_206	Official_STAGATE_pyG	Official_STAGATE_pyG	4	gene	COL1A1	COL1A1	seed_11	0.1394030669805799	2	0.124015961009964	0.1394030669805799	0.0153871059706158	0	False	0	False	0	1	0.2292170104758715	0.2292170104758715	3	0	False	M5_stagate	0.127370038012327	0.1061751659770577	False	False	True
GSE311294	GSM9322957_TR11_206	Official_STAGATE_pyG	Official_STAGATE_pyG	4	gene	EPCAM	EPCAM	seed_11	0.3677695390368629	2	0.3677695390368629	0.4067459153159674	0.0389763762791044	0	False	0	False	0	1	0.0	0.0	3	0	False	M5_stagate	2.186160759903687	1.552483087534539	False	False	True
GSE311294	GSM9322957_TR11_206	Official_STAGATE_pyG	Official_STAGATE_pyG	4	gene	FAP	FAP	seed_11	0.0	2	0.0	0.0	0.0	0	False	0	False	0	1	0.0	0.0	3	0	False	M5_stagate	0.0	0.0	False	False	True
GSE311294	GSM9322957_TR11_206	Official_STAGATE_pyG	Official_STAGATE_pyG	4	gene	PTPRC	PTPRC	seed_11	0.0	2	0.0	0.0	0.0	0	False	0	False	0	1	0.0	0.0	3	0	False	M5_stagate	0.0	0.0	False	False	True
GSE311294	GSM9322957_TR11_206	Official_STAGATE_pyG	Official_STAGATE_pyG	4	signature	SIG_CAF_FAP	FAP,COL1A1,DCN,COL3A1,LUM	seed_11	-0.0324168903395716	2	-0.0374087094044806	-0.0324168903395716	0.0049918190649089	0	False	0	False	0	1	0.0896273504059556	0.0896273504059556	3	0	False	M5_stagate	-0.0151300048258822	0.0095570064089696	False	False	True
GSE311294	GSM9322957_TR11_206	Official_STAGATE_pyG	Official_STAGATE_pyG	4	signature	SIG_CYTOTOX	NKG7,GNLY,GZMB,PRF1,IFNG	seed_11	0.0	2	0.0	0.0	0.0	0	False	0	False	0	1	0.0	0.0	3	0	False	M5_stagate	0.0	0.0	False	False	True
GSE311294	GSM9322957_TR11_206	Official_STAGATE_pyG	Official_STAGATE_pyG	4	signature	SIG_EXCLUSION_CONTRAST	CAF:FAP,COL1A1,DCN,COL3A1,LUM;MY:SPP1,LST1,TYROBP,C1QA,C1QB,C1QC;TCELL:TRAC,CD3D,CD3E,CD247	seed_11	-0.0455957645983702	2	-0.0496344715505954	-0.0455957645983702	0.0040387069522251	0	False	0	False	0	1	0.1195586056248808	0.1125148932266951	3	0	False	M5_stagate	-0.0438705077035137	0.0181915411690638	False	False	True
GSE311294	GSM9322957_TR11_206	Official_STAGATE_pyG	Official_STAGATE_pyG	4	signature	SIG_EXCLUSION_TGFB_CXCL12	TGFB1,CXCL12,ACTA2,TAGLN,FAP,COL1A1	seed_11	-0.2461668145934801	2	-0.2542511935566618	-0.2461668145934801	0.0080843789631817	0	False	0	False	0	1	0.011264123562768	0.0244445012597402	3	0	False	M5_stagate	-0.2352250699603484	0.05500236682457	False	False	True
GSE311294	GSM9322957_TR11_206	Official_STAGATE_pyG	Official_STAGATE_pyG	4	signature	SIG_MY_SPP1	SPP1,LST1,TYROBP,C1QA,C1QB,C1QC	seed_11	-0.0233290747310614	2	-0.0240558347085259	-0.0233290747310614	0.0007267599774644	0	False	0	False	0	1	-0.0147353665560693	-0.0147353665560693	3	0	False	M5_stagate	-0.0111582888150366	0.0373128667035127	False	False	True
GSE311294	GSM9322957_TR11_206	Official_STAGATE_pyG	Official_STAGATE_pyG	4	signature	SIG_TCELL	TRAC,CD3D,CD3E,CD247	seed_11	0.0	2	0.0	0.0	0.0	0	False	0	False	0	1	0.0	0.0	3	0	False	M5_stagate	0.0	0.0	False	False	True
GSE311294	GSM9322957_TR11_206	Official_STAGATE_pyG	Official_STAGATE_pyG	4	gene	SPP1	SPP1	seed_11	0.0	2	0.0	0.0	0.0	0	False	0	False	0	1	0.0	0.0	3	0	False	M5_stagate	0.0	0.0	False	False	True
GSE311294	GSM9322957_TR11_206	Official_STAGATE_pyG	Official_STAGATE_pyG	6	gene	COL1A1	COL1A1	seed_11	-0.1485937328007276	2	-0.1675896282006932	-0.1485937328007276	0.0189958953999656	0	False	0	False	0	1	-0.1704026739649817	-0.1150345251311588	3	0	False	M5_stagate	-0.0786788796037543	0.5289891759221357	True	True	True
GSE311294	GSM9322957_TR11_206	Official_STAGATE_pyG	Official_STAGATE_pyG	6	gene	EPCAM	EPCAM	seed_11	1.034575108616803	2	1.034575108616803	1.1146611798698485	0.0800860712530455	0	False	0	False	0	1	0.0	0.0	3	0	False	M5_stagate	2.170649586868351	1.7807502333128062	False	False	True
GSE311294	GSM9322957_TR11_206	Official_STAGATE_pyG	Official_STAGATE_pyG	6	gene	FAP	FAP	seed_11	0.0	2	0.0	0.0	0.0	0	False	0	False	0	1	0.0	0.0	3	0	False	M5_stagate	0.0	0.0	False	False	True
GSE311294	GSM9322957_TR11_206	Official_STAGATE_pyG	Official_STAGATE_pyG	6	gene	PTPRC	PTPRC	seed_11	0.0	2	0.0	0.0	0.0	0	False	0	False	0	1	0.0	0.0	3	0	False	M5_stagate	0.0	0.0	False	False	True
GSE311294	GSM9322957_TR11_206	Official_STAGATE_pyG	Official_STAGATE_pyG	6	signature	SIG_CAF_FAP	FAP,COL1A1,DCN,COL3A1,LUM	seed_11	-0.1801473752466331	2	-0.1832293065504269	-0.1801473752466331	0.0030819313037937	0	False	0	False	0	1	-0.0278393858874266	-0.0638389568155433	3	0	False	M5_stagate	-0.147755046103031	0.2378859090577938	True	True	True
GSE311294	GSM9322957_TR11_206	Official_STAGATE_pyG	Official_STAGATE_pyG	6	signature	SIG_CYTOTOX	NKG7,GNLY,GZMB,PRF1,IFNG	seed_11	0.0	2	0.0	0.0	0.0	0	False	0	False	0	1	0.0	0.0	3	0	False	M5_stagate	0.0	0.0	False	False	True
GSE311294	GSM9322957_TR11_206	Official_STAGATE_pyG	Official_STAGATE_pyG	6	signature	SIG_EXCLUSION_CONTRAST	CAF:FAP,COL1A1,DCN,COL3A1,LUM;MY:SPP1,LST1,TYROBP,C1QA,C1QB,C1QC;TCELL:TRAC,CD3D,CD3E,CD247	seed_11	-0.2341841171316017	2	-0.239012313506999	-0.2341841171316017	0.0048281963753973	0	False	0	False	0	1	-0.1052413555160332	-0.1052413555160332	3	0	False	M5_stagate	-0.1866342045473059	0.2134813609444195	True	True	True
GSE311294	GSM9322957_TR11_206	Official_STAGATE_pyG	Official_STAGATE_pyG	6	signature	SIG_EXCLUSION_TGFB_CXCL12	TGFB1,CXCL12,ACTA2,TAGLN,FAP,COL1A1	seed_11	-0.4364264479700579	2	-0.4449926930681811	-0.4364264479700579	0.0085662450981232	0	False	0	False	0	1	-0.0745213126350458	-0.0745213126350458	3	0	False	M5_stagate	-0.4004535999694363	0.2313247208745821	False	False	True
GSE311294	GSM9322957_TR11_206	Official_STAGATE_pyG	Official_STAGATE_pyG	6	signature	SIG_MY_SPP1	SPP1,LST1,TYROBP,C1QA,C1QB,C1QC	seed_11	-0.0398873676370029	2	-0.0398873676370029	-0.0384953804682382	0.0013919871687647	0	False	0	False	0	1	-0.0103263075027126	-0.0103263075027126	3	0	False	M5_stagate	-0.0402473672164724	0.0013441353453205	False	False	True
GSE311294	GSM9322957_TR11_206	Official_STAGATE_pyG	Official_STAGATE_pyG	6	signature	SIG_TCELL	TRAC,CD3D,CD3E,CD247	seed_11	0.0	2	0.0	0.0	0.0	0	False	0	False	0	1	0.0	0.0	3	0	False	M5_stagate	0.0	0.0	False	False	True
GSE311294	GSM9322957_TR11_206	Official_STAGATE_pyG	Official_STAGATE_pyG	6	gene	SPP1	SPP1	seed_11	0.0	2	0.0	0.0	0.0	0	False	0	False	0	1	0.0	0.0	3	0	False	M5_stagate	0.0	0.0	False	False	True
GSE311294	GSM9322959_TR11_18105	Official_STAGATE_pyG	Official_STAGATE_pyG	4	gene	COL1A1	COL1A1	seed_11	-0.1165345514713287	2	-0.1165345514713287	-0.1152219672719754	0.0013125841993533	0	False	0	False	0	1	-0.0535415621918415	-0.0535415621918415	3	0	False	M5_stagate	-0.1206374272973445	0.272351753992031	True	True	True
GSE311294	GSM9322959_TR11_18105	Official_STAGATE_pyG	Official_STAGATE_pyG	4	gene	EPCAM	EPCAM	seed_11	0.0	2	0.0	0.0	0.0	0	False	0	False	0	1	0.0	0.0	3	0	False	M5_stagate	0.0	0.0	False	False	True
GSE311294	GSM9322959_TR11_18105	Official_STAGATE_pyG	Official_STAGATE_pyG	4	gene	FAP	FAP	seed_11	0.0	2	0.0	0.0	0.0	0	False	0	False	0	1	0.0	0.0	3	0	False	M5_stagate	0.0	0.0	False	False	True
GSE311294	GSM9322959_TR11_18105	Official_STAGATE_pyG	Official_STAGATE_pyG	4	gene	PTPRC	PTPRC	seed_11	0.0	2	0.0	0.0	0.0	0	False	0	False	0	1	0.0	0.0	3	0	False	M5_stagate	0.0	0.0	False	False	True
GSE311294	GSM9322959_TR11_18105	Official_STAGATE_pyG	Official_STAGATE_pyG	4	signature	SIG_CAF_FAP	FAP,COL1A1,DCN,COL3A1,LUM	seed_11	-0.1552016872818851	2	-0.1590134405565875	-0.1552016872818851	0.0038117532747024	0	False	0	False	0	1	-0.0770980293089822	-0.0863349527394738	3	0	False	M5_stagate	-0.2635091237737579	0.2018638444645555	False	False	True
GSE311294	GSM9322959_TR11_18105	Official_STAGATE_pyG	Official_STAGATE_pyG	4	signature	SIG_CYTOTOX	NKG7,GNLY,GZMB,PRF1,IFNG	seed_11	0.0	2	0.0	0.0	0.0	0	False	0	False	0	1	0.0	0.0	3	0	False	M5_stagate	0.0	0.0	False	False	True
GSE311294	GSM9322959_TR11_18105	Official_STAGATE_pyG	Official_STAGATE_pyG	4	signature	SIG_EXCLUSION_CONTRAST	CAF:FAP,COL1A1,DCN,COL3A1,LUM;MY:SPP1,LST1,TYROBP,C1QA,C1QB,C1QC;TCELL:TRAC,CD3D,CD3E,CD247	seed_11	-0.1919721091354511	2	-0.1967746078991554	-0.1919721091354511	0.0048024987637043	0	False	0	False	0	1	-0.1857344072379008	-0.1857344072379008	3	0	False	M5_stagate	-0.3674813009809763	0.1677817210207903	False	False	True
GSE311294	GSM9322959_TR11_18105	Official_STAGATE_pyG	Official_STAGATE_pyG	4	signature	SIG_EXCLUSION_TGFB_CXCL12	TGFB1,CXCL12,ACTA2,TAGLN,FAP,COL1A1	seed_11	-0.126717450655647	2	-0.1294757289258921	-0.1259956008291254	0.0034801280967666	0	False	0	False	0	1	-0.0349305543854745	-0.0349305543854745	3	0	False	M5_stagate	-0.2094853574533679	0.1645734618531442	False	False	True
GSE311294	GSM9322959_TR11_18105	Official_STAGATE_pyG	Official_STAGATE_pyG	4	signature	SIG_MY_SPP1	SPP1,LST1,TYROBP,C1QA,C1QB,C1QC	seed_11	-0.0101159199563407	2	-0.0159224426001855	-0.0101159199563407	0.0058065226438448	0	False	0	False	0	1	0.0	0.0	3	0	False	M5_stagate	-0.0457220402556008	0.0102027500403087	False	False	True
GSE311294	GSM9322959_TR11_18105	Official_STAGATE_pyG	Official_STAGATE_pyG	4	signature	SIG_TCELL	TRAC,CD3D,CD3E,CD247	seed_11	0.0	2	0.0	0.0	0.0	0	False	0	False	0	1	0.0	0.0	3	0	False	M5_stagate	0.0	0.0	False	False	True
GSE311294	GSM9322959_TR11_18105	Official_STAGATE_pyG	Official_STAGATE_pyG	4	gene	SPP1	SPP1	seed_11	0.0	2	0.0	0.0	0.0	0	False	0	False	0	1	0.0	0.0	3	0	False	M5_stagate	0.0	0.0	False	False	True
GSE311294	GSM9322959_TR11_18105	Official_STAGATE_pyG	Official_STAGATE_pyG	6	gene	COL1A1	COL1A1	seed_11	-0.0501255532996101	2	-0.0624076375364186	-0.0501255532996101	0.0122820842368085	0	False	0	False	0	1	0.0138930922135995	0.0236397871797984	3	0	False	M5_stagate	-0.1538795024240915	0.2236086810618607	True	True	True
GSE311294	GSM9322959_TR11_18105	Official_STAGATE_pyG	Official_STAGATE_pyG	6	gene	EPCAM	EPCAM	seed_11	0.0	2	0.0	0.0	0.0	0	False	0	False	0	1	0.0	0.0	3	0	False	M5_stagate	0.0	0.0	False	False	True
GSE311294	GSM9322959_TR11_18105	Official_STAGATE_pyG	Official_STAGATE_pyG	6	gene	FAP	FAP	seed_11	0.0	2	0.0	0.0	0.0	0	False	0	False	0	1	0.0	0.0	3	0	False	M5_stagate	0.0	0.0	False	False	True
GSE311294	GSM9322959_TR11_18105	Official_STAGATE_pyG	Official_STAGATE_pyG	6	gene	PTPRC	PTPRC	seed_11	0.0	2	0.0	0.0	0.0	0	False	0	False	0	1	0.0	0.0	3	0	False	M5_stagate	0.0	0.0	False	False	True
GSE311294	GSM9322959_TR11_18105	Official_STAGATE_pyG	Official_STAGATE_pyG	6	signature	SIG_CAF_FAP	FAP,COL1A1,DCN,COL3A1,LUM	seed_11	-0.1260126238969658	2	-0.1330604292555066	-0.1260126238969658	0.0070478053585407	0	False	0	False	0	1	-0.0504221047932593	-0.045117158125266	3	0	False	M5_stagate	-0.2492962956603563	0.2129213656851258	False	False	True
GSE311294	GSM9322959_TR11_18105	Official_STAGATE_pyG	Official_STAGATE_pyG	6	signature	SIG_CYTOTOX	NKG7,GNLY,GZMB,PRF1,IFNG	seed_11	0.0	2	0.0	0.0	0.0	0	False	0	False	0	1	0.0	0.0	3	0	False	M5_stagate	0.0	0.0	False	False	True
GSE311294	GSM9322959_TR11_18105	Official_STAGATE_pyG	Official_STAGATE_pyG	6	signature	SIG_EXCLUSION_CONTRAST	CAF:FAP,COL1A1,DCN,COL3A1,LUM;MY:SPP1,LST1,TYROBP,C1QA,C1QB,C1QC;TCELL:TRAC,CD3D,CD3E,CD247	seed_11	-0.1976102454466861	2	-0.2021707437244284	-0.1976102454466861	0.0045604982777422	0	False	0	False	0	1	-0.0730075251684062	-0.0739794255256829	3	0	False	M5_stagate	-0.2797830771904257	0.1746191186209436	False	False	True
GSE311294	GSM9322959_TR11_18105	Official_STAGATE_pyG	Official_STAGATE_pyG	6	signature	SIG_EXCLUSION_TGFB_CXCL12	TGFB1,CXCL12,ACTA2,TAGLN,FAP,COL1A1	seed_11	-0.0955701216248308	2	-0.1043565442539178	-0.0955701216248308	0.008786422629087	0	False	0	False	0	1	0.0049180335506689	0.0060203168096202	3	0	False	M5_stagate	-0.1857502973949507	0.1636358964753879	False	False	True
GSE311294	GSM9322959_TR11_18105	Official_STAGATE_pyG	Official_STAGATE_pyG	6	signature	SIG_MY_SPP1	SPP1,LST1,TYROBP,C1QA,C1QB,C1QC	seed_11	-0.016719469017929	2	-0.0177341169439091	-0.016719469017929	0.0010146479259801	0	False	0	False	0	1	0.0	0.0	3	0	False	M5_stagate	-0.0223485209431882	0.0315869258057431	True	True	True
GSE311294	GSM9322959_TR11_18105	Official_STAGATE_pyG	Official_STAGATE_pyG	6	signature	SIG_TCELL	TRAC,CD3D,CD3E,CD247	seed_11	0.0	2	0.0	0.0	0.0	0	False	0	False	0	1	0.0	0.0	3	0	False	M5_stagate	0.0	0.0	False	False	True
GSE311294	GSM9322959_TR11_18105	Official_STAGATE_pyG	Official_STAGATE_pyG	6	gene	SPP1	SPP1	seed_11	0.0	2	0.0	0.0	0.0	0	False	0	False	0	1	0.0	0.0	3	0	False	M5_stagate	0.0	0.0	False	False	True
GSE267401	GSM8265211_CTC21P	Official_SpaGCN_v1_2_7	Official_SpaGCN_v1_2_7	4	gene	COL1A1	COL1A1	seed_11	-1.2046475437872353	2	-1.2046475437872353	-0.6709186440222541	0.5337288997649812	0	False	0	False	0	1	0.0914240508148137	0.1551856619669084	3	0	False	M4_spagcn	1.6937929629098765	0.0951351853275723	False	False	False
GSE267401	GSM8265211_CTC21P	Official_SpaGCN_v1_2_7	Official_SpaGCN_v1_2_7	4	gene	EPCAM	EPCAM	seed_11	0.6697865525151383	2	0.3840532362671944	0.6697865525151383	0.2857333162479438	0	False	0	False	0	1	0.0419081473015112	0.0	3	0	False	M4_spagcn	-0.5418410132620739	0.0475619421941826	False	False	False
GSE267401	GSM8265211_CTC21P	Official_SpaGCN_v1_2_7	Official_SpaGCN_v1_2_7	4	gene	FAP	FAP	seed_11	0.0	2	0.0	0.0	0.0	0	False	0	False	0	1	0.0	0.0	3	0	False	M4_spagcn	0.0	0.0	False	False	True
GSE267401	GSM8265211_CTC21P	Official_SpaGCN_v1_2_7	Official_SpaGCN_v1_2_7	4	gene	PTPRC	PTPRC	seed_11	0.0	2	0.0	0.0	0.0	0	False	0	False	0	1	0.0	0.0	3	0	False	M4_spagcn	0.0	0.0	False	False	True
GSE267401	GSM8265211_CTC21P	Official_SpaGCN_v1_2_7	Official_SpaGCN_v1_2_7	4	signature	SIG_CAF_FAP	FAP,COL1A1,DCN,COL3A1,LUM	seed_11	-0.6247243409916394	2	-0.630900851176148	-0.3875512011568389	0.243349650019309	0	False	0	False	0	1	0.0888306584890373	0.0361740348677776	3	0	False	M4_spagcn	0.9594318107622264	0.059534315045751	False	False	False
GSE267401	GSM8265211_CTC21P	Official_SpaGCN_v1_2_7	Official_SpaGCN_v1_2_7	4	signature	SIG_CYTOTOX	NKG7,GNLY,GZMB,PRF1,IFNG	seed_11	0.0	2	0.0	0.0	0.0	0	False	0	False	0	1	0.0	0.0	3	0	False	M4_spagcn	0.0	0.0	False	False	True
GSE267401	GSM8265211_CTC21P	Official_SpaGCN_v1_2_7	Official_SpaGCN_v1_2_7	4	signature	SIG_EXCLUSION_CONTRAST	CAF:FAP,COL1A1,DCN,COL3A1,LUM;MY:SPP1,LST1,TYROBP,C1QA,C1QB,C1QC;TCELL:TRAC,CD3D,CD3E,CD247	seed_11	-0.4947094872364199	2	-0.5077965003570368	-0.3231853615600557	0.1846111387969811	0	False	0	False	0	1	0.120400541284971	0.120400541284971	3	0	False	M4_spagcn	0.8227049517725646	0.0659230684358247	False	False	False
GSE267401	GSM8265211_CTC21P	Official_SpaGCN_v1_2_7	Official_SpaGCN_v1_2_7	4	signature	SIG_EXCLUSION_TGFB_CXCL12	TGFB1,CXCL12,ACTA2,TAGLN,FAP,COL1A1	seed_11	-0.3323770060423698	2	-0.3544639872744695	-0.1846666330481765	0.1697973542262929	0	False	0	False	0	1	-0.0939135769798921	-0.0163549810492876	3	1	True	M4_spagcn	0.4306907076788677	0.0437739533066752	False	False	False
GSE267401	GSM8265211_CTC21P	Official_SpaGCN_v1_2_7	Official_SpaGCN_v1_2_7	4	signature	SIG_MY_SPP1	SPP1,LST1,TYROBP,C1QA,C1QB,C1QC	seed_11	0.0762865465129911	2	0.0118272072550927	0.0762865465129911	0.0644593392578983	0	False	0	False	0	1	0.0	0.0	3	0	False	M4_spagcn	0.0850108755553795	0.0290850727749413	False	False	True
GSE267401	GSM8265211_CTC21P	Official_SpaGCN_v1_2_7	Official_SpaGCN_v1_2_7	4	signature	SIG_TCELL	TRAC,CD3D,CD3E,CD247	seed_11	0.0	2	0.0	0.0	0.0	0	False	0	False	0	1	0.0	0.0	3	0	False	M4_spagcn	0.0	0.0	False	False	True
GSE267401	GSM8265211_CTC21P	Official_SpaGCN_v1_2_7	Official_SpaGCN_v1_2_7	4	gene	SPP1	SPP1	seed_11	0.0	2	0.0	0.0	0.0	0	False	0	False	0	1	0.0	0.0	3	0	False	M4_spagcn	0.0	0.0	False	False	True
GSE267401	GSM8265211_CTC21P	Official_SpaGCN_v1_2_7	Official_SpaGCN_v1_2_7	6	gene	COL1A1	COL1A1	seed_11	-1.0609958622225264	2	-1.5702013858800457	-0.5568793116807096	1.013322074199336	0	False	0	False	0	1	0.6976484958360348	0.3270238447738327	3	0	False	M4_spagcn	-1.3101558471722257	2.8637372695297234	True	True	True
GSE267401	GSM8265211_CTC21P	Official_SpaGCN_v1_2_7	Official_SpaGCN_v1_2_7	6	gene	EPCAM	EPCAM	seed_11	0.8486840004649197	2	0.3882628503043168	1.7255361491611476	1.3372732988568308	0	False	0	False	0	1	0.0	0.0	3	0	False	M4_spagcn	1.0828078705722142	1.6118535603819253	True	True	True
GSE267401	GSM8265211_CTC21P	Official_SpaGCN_v1_2_7	Official_SpaGCN_v1_2_7	6	gene	FAP	FAP	seed_11	0.0	2	0.0	0.0	0.0	0	False	0	False	0	1	0.0	0.0	3	0	False	M4_spagcn	0.0	0.0	False	False	True
GSE267401	GSM8265211_CTC21P	Official_SpaGCN_v1_2_7	Official_SpaGCN_v1_2_7	6	gene	PTPRC	PTPRC	seed_11	0.0	2	0.0	0.0	0.0	0	False	0	False	0	1	0.0	0.0	3	0	False	M4_spagcn	0.0	0.0	False	False	True
GSE267401	GSM8265211_CTC21P	Official_SpaGCN_v1_2_7	Official_SpaGCN_v1_2_7	6	signature	SIG_CAF_FAP	FAP,COL1A1,DCN,COL3A1,LUM	seed_11	-0.5511776964674271	2	-0.7998585888495136	-0.3242901437518048	0.4755684450977087	0	False	0	False	0	1	0.2957552233000994	0.215132436361606	3	0	False	M4_spagcn	-0.6552148824841209	1.5177230424492572	True	True	True
GSE267401	GSM8265211_CTC21P	Official_SpaGCN_v1_2_7	Official_SpaGCN_v1_2_7	6	signature	SIG_CYTOTOX	NKG7,GNLY,GZMB,PRF1,IFNG	seed_11	0.0	2	0.0	0.0	0.0	0	False	0	False	0	1	0.0	0.0	3	0	False	M4_spagcn	0.0	0.0	False	False	True
GSE267401	GSM8265211_CTC21P	Official_SpaGCN_v1_2_7	Official_SpaGCN_v1_2_7	6	signature	SIG_EXCLUSION_CONTRAST	CAF:FAP,COL1A1,DCN,COL3A1,LUM;MY:SPP1,LST1,TYROBP,C1QA,C1QB,C1QC;TCELL:TRAC,CD3D,CD3E,CD247	seed_11	-0.3739629644727764	2	-0.5942904631441841	-0.2420690277462751	0.3522214353979089	0	False	0	False	0	1	0.3627768412875094	0.2575519755384216	3	0	False	M4_spagcn	-0.5439215739140555	1.3140974084370456	True	True	True
GSE267401	GSM8265211_CTC21P	Official_SpaGCN_v1_2_7	Official_SpaGCN_v1_2_7	6	signature	SIG_EXCLUSION_TGFB_CXCL12	TGFB1,CXCL12,ACTA2,TAGLN,FAP,COL1A1	seed_11	-0.2781043398252738	2	-0.4853279197911889	-0.1493652553400088	0.33596266445118	0	False	0	False	0	1	0.1296358397971955	0.0915925795127886	3	0	False	M4_spagcn	-0.3323789372904188	0.69147557089715	True	True	True
GSE267401	GSM8265211_CTC21P	Official_SpaGCN_v1_2_7	Official_SpaGCN_v1_2_7	6	signature	SIG_MY_SPP1	SPP1,LST1,TYROBP,C1QA,C1QB,C1QC	seed_11	0.141760311744112	2	0.0718773509908369	0.141760311744112	0.069882960753275	0	False	0	False	0	1	0.0181763525410743	0.0181763525410743	3	0	False	M4_spagcn	0.1224517813765463	0.0780316246529181	False	False	True
GSE267401	GSM8265211_CTC21P	Official_SpaGCN_v1_2_7	Official_SpaGCN_v1_2_7	6	signature	SIG_TCELL	TRAC,CD3D,CD3E,CD247	seed_11	0.0	2	0.0	0.0	0.0	0	False	0	False	0	1	0.0	0.0	3	0	False	M4_spagcn	0.0	0.0	False	False	True
GSE267401	GSM8265211_CTC21P	Official_SpaGCN_v1_2_7	Official_SpaGCN_v1_2_7	6	gene	SPP1	SPP1	seed_11	0.0	2	0.0	0.0	0.0	0	False	0	False	0	1	0.0	0.0	3	0	False	M4_spagcn	0.0	0.0	False	False	True
GSE311294	GSM9322957_TR11_206	Official_SpaGCN_v1_2_7	Official_SpaGCN_v1_2_7	4	gene	COL1A1	COL1A1	seed_11	-0.0358115671722933	2	-0.1353565053700154	-0.0358115671722933	0.099544938197722	0	False	0	False	0	1	0.2087209006820041	0.1953508659461311	3	0	False	M4_spagcn	0.1489037865187312	0.0140169120164315	False	False	False
GSE311294	GSM9322957_TR11_206	Official_SpaGCN_v1_2_7	Official_SpaGCN_v1_2_7	4	gene	EPCAM	EPCAM	seed_11	2.0690406251225024	2	2.0005119668410987	2.0690406251225024	0.0685286582814037	0	False	0	False	0	1	0.0	0.0	3	0	False	M4_spagcn	0.1346241704989801	0.1454823211635016	True	True	True
GSE311294	GSM9322957_TR11_206	Official_SpaGCN_v1_2_7	Official_SpaGCN_v1_2_7	4	gene	FAP	FAP	seed_11	0.0	2	0.0	0.0	0.0	0	False	0	False	0	1	0.0	0.0	3	0	False	M4_spagcn	0.0	0.0	False	False	True
GSE311294	GSM9322957_TR11_206	Official_SpaGCN_v1_2_7	Official_SpaGCN_v1_2_7	4	gene	PTPRC	PTPRC	seed_11	0.0	2	0.0	0.0	0.0	0	False	0	False	0	1	0.0	0.0	3	0	False	M4_spagcn	0.0	0.0	False	False	True
GSE311294	GSM9322957_TR11_206	Official_SpaGCN_v1_2_7	Official_SpaGCN_v1_2_7	4	signature	SIG_CAF_FAP	FAP,COL1A1,DCN,COL3A1,LUM	seed_11	-0.0978096521196492	2	-0.1410270751922204	-0.0978096521196492	0.0432174230725712	0	False	0	False	0	1	0.1276948315327954	0.072318754445964	3	1	True	M4_spagcn	-0.0813573094222088	0.0060258067577181	False	False	True
GSE311294	GSM9322957_TR11_206	Official_SpaGCN_v1_2_7	Official_SpaGCN_v1_2_7	4	signature	SIG_CYTOTOX	NKG7,GNLY,GZMB,PRF1,IFNG	seed_11	0.0	2	0.0	0.0	0.0	0	False	0	False	0	1	0.0	0.0	3	0	False	M4_spagcn	0.0	0.0	False	False	True
GSE311294	GSM9322957_TR11_206	Official_SpaGCN_v1_2_7	Official_SpaGCN_v1_2_7	4	signature	SIG_EXCLUSION_CONTRAST	CAF:FAP,COL1A1,DCN,COL3A1,LUM;MY:SPP1,LST1,TYROBP,C1QA,C1QB,C1QC;TCELL:TRAC,CD3D,CD3E,CD247	seed_11	-0.1308782563991479	2	-0.1609037924672487	-0.1308782563991479	0.0300255360681007	0	False	0	False	0	1	0.190050125607555	0.1066206479237596	3	1	True	M4_spagcn	-0.1377206769973167	0.0136764791419246	False	False	True
GSE311294	GSM9322957_TR11_206	Official_SpaGCN_v1_2_7	Official_SpaGCN_v1_2_7	4	signature	SIG_EXCLUSION_TGFB_CXCL12	TGFB1,CXCL12,ACTA2,TAGLN,FAP,COL1A1	seed_11	-0.5501001456555938	2	-0.5501001456555938	-0.4886078342026438	0.0614923114529499	0	False	0	False	0	1	0.0523921062445094	0.0160404749831895	3	1	True	M4_spagcn	-0.2659035930892235	0.0377110172006551	False	False	True
GSE311294	GSM9322957_TR11_206	Official_SpaGCN_v1_2_7	Official_SpaGCN_v1_2_7	4	signature	SIG_MY_SPP1	SPP1,LST1,TYROBP,C1QA,C1QB,C1QC	seed_11	-0.0201068541935463	2	-0.040258461868267	-0.0201068541935463	0.0201516076747206	0	False	0	False	0	1	0.0433287153626611	0.0147597209592526	3	0	False	M4_spagcn	-0.0481142385646108	0.0068329524078006	False	False	True
GSE311294	GSM9322957_TR11_206	Official_SpaGCN_v1_2_7	Official_SpaGCN_v1_2_7	4	signature	SIG_TCELL	TRAC,CD3D,CD3E,CD247	seed_11	0.0	2	0.0	0.0	0.0	0	False	0	False	0	1	0.0	0.0	3	0	False	M4_spagcn	0.0	0.0	False	False	True
GSE311294	GSM9322957_TR11_206	Official_SpaGCN_v1_2_7	Official_SpaGCN_v1_2_7	4	gene	SPP1	SPP1	seed_11	0.0	2	0.0	0.0	0.0	0	False	0	False	0	1	0.0	0.0	3	0	False	M4_spagcn	0.0	0.0	False	False	True
GSE311294	GSM9322957_TR11_206	Official_SpaGCN_v1_2_7	Official_SpaGCN_v1_2_7	6	gene	COL1A1	COL1A1	seed_11	-0.3070370739434711	2	-0.3510687713838059	-0.2190165246350663	0.1320522467487395	0	False	0	False	0	1	0.2410724441105314	0.1797989835686801	3	1	True	M4_spagcn	0.1902925089071216	0.064205025412201	False	False	False
GSE311294	GSM9322957_TR11_206	Official_SpaGCN_v1_2_7	Official_SpaGCN_v1_2_7	6	gene	EPCAM	EPCAM	seed_11	1.989126750555096	2	-0.0168582697682644	1.989126750555096	2.00598502032336	1	True	1	True	0	0	0.0	0.0	3	0	False	M4_spagcn	1.971010235057944	0.0255043785445756	False	False	True
GSE311294	GSM9322957_TR11_206	Official_SpaGCN_v1_2_7	Official_SpaGCN_v1_2_7	6	gene	FAP	FAP	seed_11	0.0	2	0.0	0.0	0.0	0	False	0	False	0	1	0.0	0.0	3	0	False	M4_spagcn	0.0	0.0	False	False	True
GSE311294	GSM9322957_TR11_206	Official_SpaGCN_v1_2_7	Official_SpaGCN_v1_2_7	6	gene	PTPRC	PTPRC	seed_11	0.0	2	0.0	0.0	0.0	0	False	0	False	0	1	0.0	0.0	3	0	False	M4_spagcn	0.0	0.0	False	False	True
GSE311294	GSM9322957_TR11_206	Official_SpaGCN_v1_2_7	Official_SpaGCN_v1_2_7	6	signature	SIG_CAF_FAP	FAP,COL1A1,DCN,COL3A1,LUM	seed_11	-0.2483104734889436	2	-0.2483104734889436	-0.1554501148948583	0.0928603585940852	0	False	0	False	0	1	0.1433903660961051	-0.0204494349196804	3	2	True	M4_spagcn	-0.048484784356745	0.0546308267674042	False	False	True
GSE311294	GSM9322957_TR11_206	Official_SpaGCN_v1_2_7	Official_SpaGCN_v1_2_7	6	signature	SIG_CYTOTOX	NKG7,GNLY,GZMB,PRF1,IFNG	seed_11	0.0	2	0.0	0.0	0.0	0	False	0	False	0	1	0.0	0.0	3	0	False	M4_spagcn	0.0	0.0	False	False	True
GSE311294	GSM9322957_TR11_206	Official_SpaGCN_v1_2_7	Official_SpaGCN_v1_2_7	6	signature	SIG_EXCLUSION_CONTRAST	CAF:FAP,COL1A1,DCN,COL3A1,LUM;MY:SPP1,LST1,TYROBP,C1QA,C1QB,C1QC;TCELL:TRAC,CD3D,CD3E,CD247	seed_11	-0.242549343150209	2	-0.242549343150209	-0.1876450559261169	0.0549042872240921	0	False	0	False	0	1	0.1923125563624987	0.0623879820224692	3	0	False	M4_spagcn	-0.0823920475159887	0.0658895741933793	False	False	True
GSE311294	GSM9322957_TR11_206	Official_SpaGCN_v1_2_7	Official_SpaGCN_v1_2_7	6	signature	SIG_EXCLUSION_TGFB_CXCL12	TGFB1,CXCL12,ACTA2,TAGLN,FAP,COL1A1	seed_11	-0.5250699043211522	2	-0.5250699043211522	-0.1427268332635769	0.3823430710575752	0	False	0	False	0	1	0.0465092228523519	0.0265287701338876	3	1	True	M4_spagcn	-0.3251440223927844	0.0826619478987491	False	False	True
GSE311294	GSM9322957_TR11_206	Official_SpaGCN_v1_2_7	Official_SpaGCN_v1_2_7	6	signature	SIG_MY_SPP1	SPP1,LST1,TYROBP,C1QA,C1QB,C1QC	seed_11	-0.0327817547132226	2	-0.0327817547132226	-0.0118862614136767	0.0208954932995459	0	False	0	False	0	1	0.0053092758509557	0.0053092758509557	3	1	True	M4_spagcn	-0.0341738017496262	0.0084870092827104	False	False	True
GSE311294	GSM9322957_TR11_206	Official_SpaGCN_v1_2_7	Official_SpaGCN_v1_2_7	6	signature	SIG_TCELL	TRAC,CD3D,CD3E,CD247	seed_11	0.0	2	0.0	0.0	0.0	0	False	0	False	0	1	0.0	0.0	3	0	False	M4_spagcn	0.0	0.0	False	False	True
GSE311294	GSM9322957_TR11_206	Official_SpaGCN_v1_2_7	Official_SpaGCN_v1_2_7	6	gene	SPP1	SPP1	seed_11	0.0	2	0.0	0.0	0.0	0	False	0	False	0	1	0.0	0.0	3	0	False	M4_spagcn	0.0	0.0	False	False	True
GSE311294	GSM9322959_TR11_18105	Official_SpaGCN_v1_2_7	Official_SpaGCN_v1_2_7	4	gene	COL1A1	COL1A1	seed_11	0.1367842890976334	2	-0.0106606578470067	0.1367842890976334	0.1474449469446401	1	True	1	True	0	0	-0.0183082572297275	0.0064380345214622	3	2	True	M4_spagcn	0.067824329113991	0.1089345847662155	False	False	True
GSE311294	GSM9322959_TR11_18105	Official_SpaGCN_v1_2_7	Official_SpaGCN_v1_2_7	4	gene	EPCAM	EPCAM	seed_11	0.0	2	0.0	0.0	0.0	0	False	0	False	0	1	0.0	0.0	3	0	False	M4_spagcn	0.0	0.0	False	False	True
GSE311294	GSM9322959_TR11_18105	Official_SpaGCN_v1_2_7	Official_SpaGCN_v1_2_7	4	gene	FAP	FAP	seed_11	0.0	2	0.0	0.0	0.0	0	False	0	False	0	1	0.0	0.0	3	0	False	M4_spagcn	0.0	0.0	False	False	True
GSE311294	GSM9322959_TR11_18105	Official_SpaGCN_v1_2_7	Official_SpaGCN_v1_2_7	4	gene	PTPRC	PTPRC	seed_11	0.0	2	0.0	0.0	0.0	0	False	0	False	0	1	0.0	0.0	3	0	False	M4_spagcn	0.0	0.0	False	False	True
GSE311294	GSM9322959_TR11_18105	Official_SpaGCN_v1_2_7	Official_SpaGCN_v1_2_7	4	signature	SIG_CAF_FAP	FAP,COL1A1,DCN,COL3A1,LUM	seed_11	-0.0554105198954353	2	-0.1099348744271031	-0.0205123169188965	0.0894225575082066	0	False	0	False	0	1	-0.0341299861318917	0.0163453533049868	3	2	True	M4_spagcn	0.064173412120891	0.1098718970470478	True	True	False
GSE311294	GSM9322959_TR11_18105	Official_SpaGCN_v1_2_7	Official_SpaGCN_v1_2_7	4	signature	SIG_CYTOTOX	NKG7,GNLY,GZMB,PRF1,IFNG	seed_11	0.0	2	0.0	0.0	0.0	0	False	0	False	0	1	0.0	0.0	3	0	False	M4_spagcn	0.0	0.0	False	False	True
GSE311294	GSM9322959_TR11_18105	Official_SpaGCN_v1_2_7	Official_SpaGCN_v1_2_7	4	signature	SIG_EXCLUSION_CONTRAST	CAF:FAP,COL1A1,DCN,COL3A1,LUM;MY:SPP1,LST1,TYROBP,C1QA,C1QB,C1QC;TCELL:TRAC,CD3D,CD3E,CD247	seed_11	-0.0972873605060851	2	-0.1293819909284455	-0.0550282405863611	0.0743537503420843	0	False	0	False	0	1	0.0142131567744616	0.0568681724880162	3	0	False	M4_spagcn	0.061555241642127	0.2724019981792906	True	True	False
GSE311294	GSM9322959_TR11_18105	Official_SpaGCN_v1_2_7	Official_SpaGCN_v1_2_7	4	signature	SIG_EXCLUSION_TGFB_CXCL12	TGFB1,CXCL12,ACTA2,TAGLN,FAP,COL1A1	seed_11	-0.0365346428656836	2	-0.0852107890014053	-0.0152428972728224	0.0699678917285828	0	False	0	False	0	1	-0.0238511354229334	0.0065265849762677	3	2	True	M4_spagcn	0.0738456396058551	0.1146664784420576	True	True	False
GSE311294	GSM9322959_TR11_18105	Official_SpaGCN_v1_2_7	Official_SpaGCN_v1_2_7	4	signature	SIG_MY_SPP1	SPP1,LST1,TYROBP,C1QA,C1QB,C1QC	seed_11	-0.0414978230009023	2	-0.0423400848030858	-0.0277292283551515	0.0146108564479343	0	False	0	False	0	1	-0.0209872012614866	-0.0031560925184969	3	0	False	M4_spagcn	0.023807755857403	0.0622408271405255	True	True	False
GSE311294	GSM9322959_TR11_18105	Official_SpaGCN_v1_2_7	Official_SpaGCN_v1_2_7	4	signature	SIG_TCELL	TRAC,CD3D,CD3E,CD247	seed_11	0.0	2	0.0	0.0	0.0	0	False	0	False	0	1	0.0	0.0	3	0	False	M4_spagcn	0.0	0.0	False	False	True
GSE311294	GSM9322959_TR11_18105	Official_SpaGCN_v1_2_7	Official_SpaGCN_v1_2_7	4	gene	SPP1	SPP1	seed_11	0.0	2	0.0	0.0	0.0	0	False	0	False	0	1	0.0	0.0	3	0	False	M4_spagcn	0.0	0.0	False	False	True
GSE311294	GSM9322959_TR11_18105	Official_SpaGCN_v1_2_7	Official_SpaGCN_v1_2_7	6	gene	COL1A1	COL1A1	seed_11	0.1168328753993606	2	0.1098201755731196	0.1207024634799243	0.0108822879068046	0	False	0	False	0	1	0.0439085621210733	0.0923676121618473	3	0	False	M4_spagcn	-0.1674502038446732	0.1016813881983322	False	False	False
GSE311294	GSM9322959_TR11_18105	Official_SpaGCN_v1_2_7	Official_SpaGCN_v1_2_7	6	gene	EPCAM	EPCAM	seed_11	0.0	2	0.0	0.0	0.0	0	False	0	False	0	1	0.0	0.0	3	0	False	M4_spagcn	0.0	0.0	False	False	True
GSE311294	GSM9322959_TR11_18105	Official_SpaGCN_v1_2_7	Official_SpaGCN_v1_2_7	6	gene	FAP	FAP	seed_11	0.0	2	0.0	0.0	0.0	0	False	0	False	0	1	0.0	0.0	3	0	False	M4_spagcn	0.0	0.0	False	False	True
GSE311294	GSM9322959_TR11_18105	Official_SpaGCN_v1_2_7	Official_SpaGCN_v1_2_7	6	gene	PTPRC	PTPRC	seed_11	0.0	2	0.0	0.0	0.0	0	False	0	False	0	1	0.0	0.0	3	0	False	M4_spagcn	0.0	0.0	False	False	True
GSE311294	GSM9322959_TR11_18105	Official_SpaGCN_v1_2_7	Official_SpaGCN_v1_2_7	6	signature	SIG_CAF_FAP	FAP,COL1A1,DCN,COL3A1,LUM	seed_11	-0.0035003401832058	2	-0.0044333987114368	0.0036767100684458	0.0081101087798827	1	True	1	True	0	0	0.0313565443961852	0.0313565443961852	3	0	False	M4_spagcn	-0.2312354776073997	0.0658942484080067	False	False	True
GSE311294	GSM9322959_TR11_18105	Official_SpaGCN_v1_2_7	Official_SpaGCN_v1_2_7	6	signature	SIG_CYTOTOX	NKG7,GNLY,GZMB,PRF1,IFNG	seed_11	0.0	2	0.0	0.0	0.0	0	False	0	False	0	1	0.0	0.0	3	0	False	M4_spagcn	0.0	0.0	False	False	True
GSE311294	GSM9322959_TR11_18105	Official_SpaGCN_v1_2_7	Official_SpaGCN_v1_2_7	6	signature	SIG_EXCLUSION_CONTRAST	CAF:FAP,COL1A1,DCN,COL3A1,LUM;MY:SPP1,LST1,TYROBP,C1QA,C1QB,C1QC;TCELL:TRAC,CD3D,CD3E,CD247	seed_11	-0.1160745177627613	2	-0.1365599455341257	-0.090232522277994	0.0463274232561317	0	False	0	False	0	1	-0.0419030637612536	-0.0240620511905085	3	1	True	M4_spagcn	-0.2955144306611879	0.0796331795005125	False	False	True
GSE311294	GSM9322959_TR11_18105	Official_SpaGCN_v1_2_7	Official_SpaGCN_v1_2_7	6	signature	SIG_EXCLUSION_TGFB_CXCL12	TGFB1,CXCL12,ACTA2,TAGLN,FAP,COL1A1	seed_11	-0.03428148540988	2	-0.0365465730739054	-0.0143569787901667	0.0221895942837386	0	False	0	False	0	1	0.0789526200114026	0.0359905658234274	3	0	False	M4_spagcn	-0.1685638209116264	0.0528618870720181	False	False	True
GSE311294	GSM9322959_TR11_18105	Official_SpaGCN_v1_2_7	Official_SpaGCN_v1_2_7	6	signature	SIG_MY_SPP1	SPP1,LST1,TYROBP,C1QA,C1QB,C1QC	seed_11	-0.0809417080235089	2	-0.0809417080235089	-0.0260787963949483	0.0548629116285606	0	False	0	False	0	1	-0.0422542398804069	-0.0306910363987917	3	0	False	M4_spagcn	-0.0248505846932056	0.0012446119366706	False	False	True
GSE311294	GSM9322959_TR11_18105	Official_SpaGCN_v1_2_7	Official_SpaGCN_v1_2_7	6	signature	SIG_TCELL	TRAC,CD3D,CD3E,CD247	seed_11	0.0	2	0.0	0.0	0.0	0	False	0	False	0	1	0.0	0.0	3	0	False	M4_spagcn	0.0	0.0	False	False	True
GSE311294	GSM9322959_TR11_18105	Official_SpaGCN_v1_2_7	Official_SpaGCN_v1_2_7	6	gene	SPP1	SPP1	seed_11	0.0	2	0.0	0.0	0.0	0	False	0	False	0	1	0.0	0.0	3	0	False	M4_spagcn	0.0	0.0	False	False	True
