resource	patient_id	sample_id	arm	method_id	K	partition_id	fit_status	fit_reason	status	reason	n_registered	n_readout_PCA_features	n_full_band_near	n_full_band_far	full_band_delta_score	stroma_mad	n_selected_near	n_selected_far	n_near_blocks	n_far_blocks	tumor_domain	stroma_domain	same_PCA_features	selected_delta_score	abs_deviation_score	abs_deviation_mad	near_retention	far_retention	selected_stroma_fraction	count_only_excess_mad	block_matched_excess_mad	fit_warnings	fit_observed_K	leiden_resolution	count_only_control_median_abs_departure_score	count_only_rng_key	count_only_draws	block_matched_control_median_abs_departure_score	block_matched_rng_key	block_matched_draws
GSE294385	Patient10	M-ST-33	allowed	M0_expr_kmeans	4	seed_11	success		success		10801	3	478	132	-0.4044037525761004	0.33607541382235817	278	111	17	14	3	1	False	-0.26902632427340945	0.13537742830269095	0.40281860182205526	0.5815899581589958	0.8409090909090909	0.17887276409044886	0.325306577779598	0.35465724463100823		4		0.026049885556277408	jbcb-readout-withholding-20261007-v1|GSE294385|M-ST-33|M0_expr_kmeans|4|seed_11|count_only	1000.0	0.016185848048227536	jbcb-readout-withholding-20261007-v1|GSE294385|M-ST-33|M0_expr_kmeans|4|seed_11|block_matched	1000.0
GSE294385	Patient10	M-ST-33	allowed	M0_expr_kmeans	4	seed_23	success		success		10801	3	478	132	-0.4044037525761004	0.33607541382235817	278	111	17	14	2	3	False	-0.26902632427340945	0.13537742830269095	0.40281860182205526	0.5815899581589958	0.8409090909090909	0.17887276409044886	0.32682167482982166	0.35465724463100823		4		0.02554069868814246	jbcb-readout-withholding-20261007-v1|GSE294385|M-ST-33|M0_expr_kmeans|4|seed_23|count_only	1000.0	0.016185848048227536	jbcb-readout-withholding-20261007-v1|GSE294385|M-ST-33|M0_expr_kmeans|4|seed_23|block_matched	1000.0
GSE294385	Patient10	M-ST-33	allowed	M0_expr_kmeans	4	seed_37	success		success		10801	3	478	132	-0.4044037525761004	0.33607541382235817	278	111	17	14	4	3	False	-0.26902632427340945	0.13537742830269095	0.40281860182205526	0.5815899581589958	0.8409090909090909	0.17887276409044886	0.3235503155455877	0.3543043797587605		4		0.026640122113352982	jbcb-readout-withholding-20261007-v1|GSE294385|M-ST-33|M0_expr_kmeans|4|seed_37|count_only	1000.0	0.016304437256191573	jbcb-readout-withholding-20261007-v1|GSE294385|M-ST-33|M0_expr_kmeans|4|seed_37|block_matched	1000.0
GSE294385	Patient10	M-ST-33	allowed	M0_expr_kmeans	6	seed_11	success		not_evaluable	selected_band_support_below_threshold	10801	3	478	132	-0.4044037525761004	0.33607541382235817	321	16	17	3	2	1	False	0.04060720214702496	0.44501095472312535	1.3241401674159599	0.6715481171548117	0.12121212121212122	0.27929373996789725				6							
GSE294385	Patient10	M-ST-33	allowed	M0_expr_kmeans	6	seed_23	success		not_evaluable	selected_band_support_below_threshold	10801	3	478	132	-0.4044037525761004	0.33607541382235817	321	16	17	3	2	6	False	0.04060720214702496	0.44501095472312535	1.3241401674159599	0.6715481171548117	0.12121212121212122	0.27929373996789725				6							
GSE294385	Patient10	M-ST-33	allowed	M0_expr_kmeans	6	seed_37	success		not_evaluable	selected_band_support_below_threshold	10801	3	478	132	-0.4044037525761004	0.33607541382235817	321	16	17	3	2	5	False	0.04060720214702496	0.44501095472312535	1.3241401674159599	0.6715481171548117	0.12121212121212122	0.27929373996789725				6							
GSE294385	Patient10	M-ST-33	allowed	M1_spatial_concat_kmeans	4	seed_11	success		success		10801	3	478	132	-0.4044037525761004	0.33607541382235817	275	111	17	14	2	3	False	-0.2620422357458254	0.14236151683027498	0.42359991530211744	0.5753138075313807	0.8409090909090909	0.17804054054054055	0.3525274597593449	0.37235159736258744		4		0.023885704907908423	jbcb-readout-withholding-20261007-v1|GSE294385|M-ST-33|M1_spatial_concat_kmeans|4|seed_11|count_only	1000.0	0.01722329965922731	jbcb-readout-withholding-20261007-v1|GSE294385|M-ST-33|M1_spatial_concat_kmeans|4|seed_11|block_matched	1000.0
GSE294385	Patient10	M-ST-33	allowed	M1_spatial_concat_kmeans	4	seed_23	success		success		10801	3	478	132	-0.4044037525761004	0.33607541382235817	274	111	17	14	2	4	False	-0.26140561669750584	0.14299813587859456	0.4254941896885683	0.5732217573221757	0.8409090909090909	0.17782285327924274	0.3433154083519948	0.37230061033022016		4		0.027618267945106023	jbcb-readout-withholding-20261007-v1|GSE294385|M-ST-33|M1_spatial_concat_kmeans|4|seed_23|count_only	1000.0	0.017877054195549302	jbcb-readout-withholding-20261007-v1|GSE294385|M-ST-33|M1_spatial_concat_kmeans|4|seed_23|block_matched	1000.0
GSE294385	Patient10	M-ST-33	allowed	M1_spatial_concat_kmeans	4	seed_37	success		success		10801	3	478	132	-0.4044037525761004	0.33607541382235817	274	111	17	14	1	3	False	-0.26140561669750584	0.14299813587859456	0.4254941896885683	0.5732217573221757	0.8409090909090909	0.17782285327924274	0.34718170480446037	0.37586801147206894		4		0.026318900764883746	jbcb-readout-withholding-20261007-v1|GSE294385|M-ST-33|M1_spatial_concat_kmeans|4|seed_37|count_only	1000.0	0.016678138380532115	jbcb-readout-withholding-20261007-v1|GSE294385|M-ST-33|M1_spatial_concat_kmeans|4|seed_37|block_matched	1000.0
GSE294385	Patient10	M-ST-33	allowed	M1_spatial_concat_kmeans	6	seed_11	success		not_evaluable	selected_band_support_below_threshold	10801	3	478	132	-0.4044037525761004	0.33607541382235817	321	16	17	3	3	1	False	0.04060720214702496	0.44501095472312535	1.3241401674159599	0.6715481171548117	0.12121212121212122	0.2779552715654952				6							
GSE294385	Patient10	M-ST-33	allowed	M1_spatial_concat_kmeans	6	seed_23	success		not_evaluable	selected_band_support_below_threshold	10801	3	478	132	-0.4044037525761004	0.33607541382235817	321	16	17	3	3	5	False	0.04060720214702496	0.44501095472312535	1.3241401674159599	0.6715481171548117	0.12121212121212122	0.27906976744186046				6							
GSE294385	Patient10	M-ST-33	allowed	M1_spatial_concat_kmeans	6	seed_37	success		not_evaluable	selected_band_support_below_threshold	10801	3	478	132	-0.4044037525761004	0.33607541382235817	321	16	17	3	5	1	False	0.04060720214702496	0.44501095472312535	1.3241401674159599	0.6715481171548117	0.12121212121212122	0.27929373996789725				6							
GSE294385	Patient10	M-ST-33	allowed	M2_spatial_ward	4	neighbors_4	success		success		10801	3	478	132	-0.4044037525761004	0.33607541382235817	252	33	8	6	1	3	False	-0.429940270941922	0.025536518365821603	0.07598448834855746	0.5271966527196653	0.25	0.14948453608247422	-0.14640847103499763	-0.35096184254859186		4		0.07474080585600718	jbcb-readout-withholding-20261007-v1|GSE294385|M-ST-33|M2_spatial_ward|4|neighbors_4|count_only	1000.0	0.14348616483619692	jbcb-readout-withholding-20261007-v1|GSE294385|M-ST-33|M2_spatial_ward|4|neighbors_4|block_matched	1000.0
GSE294385	Patient10	M-ST-33	allowed	M2_spatial_ward	4	neighbors_6	success		success		10801	3	478	132	-0.4044037525761004	0.33607541382235817	264	74	9	7	2	4	False	-0.4384999502924414	0.03409619771634098	0.10145400798156409	0.5523012552301255	0.5606060606060606	0.1971894832275612	-0.01106043742071033	0.0		4		0.0378133387995625	jbcb-readout-withholding-20261007-v1|GSE294385|M-ST-33|M2_spatial_ward|4|neighbors_6|count_only	1000.0	0.03409619771634098	jbcb-readout-withholding-20261007-v1|GSE294385|M-ST-33|M2_spatial_ward|4|neighbors_6|block_matched	1000.0
GSE294385	Patient10	M-ST-33	allowed	M2_spatial_ward	4	neighbors_8	success		success		10801	3	478	132	-0.4044037525761004	0.33607541382235817	198	116	13	12	3	2	False	-0.4932479424893834	0.08884418991328302	0.26435789783850133	0.41422594142259417	0.8787878787878788	0.10162235241099594	0.18060408502799172	0.012132054288341815		4		0.028147597299492344	jbcb-readout-withholding-20261007-v1|GSE294385|M-ST-33|M2_spatial_ward|4|neighbors_8|count_only	1000.0	0.08476690474781323	jbcb-readout-withholding-20261007-v1|GSE294385|M-ST-33|M2_spatial_ward|4|neighbors_8|block_matched	1000.0
GSE294385	Patient10	M-ST-33	allowed	M2_spatial_ward	6	neighbors_4	success		success		10801	3	478	132	-0.4044037525761004	0.33607541382235817	252	33	8	6	5	3	False	-0.429940270941922	0.025536518365821603	0.07598448834855746	0.5271966527196653	0.25	0.14948453608247422	-0.1450917901314452	-0.35096184254859186		6		0.07429830177647379	jbcb-readout-withholding-20261007-v1|GSE294385|M-ST-33|M2_spatial_ward|6|neighbors_4|count_only	1000.0	0.14348616483619692	jbcb-readout-withholding-20261007-v1|GSE294385|M-ST-33|M2_spatial_ward|6|neighbors_4|block_matched	1000.0
GSE294385	Patient10	M-ST-33	allowed	M2_spatial_ward	6	neighbors_6	success		success		10801	3	478	132	-0.4044037525761004	0.33607541382235817	100	48	8	6	2	5	False	-0.21254740878766065	0.19185634378843974	0.5708728930996739	0.20920502092050208	0.36363636363636365	0.21664766248574688	0.36952514792795715	0.09762362937647573		6		0.06766802678078343	jbcb-readout-withholding-20261007-v1|GSE294385|M-ST-33|M2_spatial_ward|6|neighbors_6|count_only	1000.0	0.15904744214690014	jbcb-readout-withholding-20261007-v1|GSE294385|M-ST-33|M2_spatial_ward|6|neighbors_6|block_matched	1000.0
GSE294385	Patient10	M-ST-33	allowed	M2_spatial_ward	6	neighbors_8	success		success		10801	3	478	132	-0.4044037525761004	0.33607541382235817	111	44	7	6	2	6	False	-0.18712713593020713	0.21727661664589326	0.6465114903071748	0.23221757322175732	0.3333333333333333	0.2305084745762712	0.4356503404609992	0.2627791866059156		6		0.07086524819361173	jbcb-readout-withholding-20261007-v1|GSE294385|M-ST-33|M2_spatial_ward|6|neighbors_8|count_only	1000.0	0.1289629927634075	jbcb-readout-withholding-20261007-v1|GSE294385|M-ST-33|M2_spatial_ward|6|neighbors_8|block_matched	1000.0
GSE294385	Patient10	M-ST-33	allowed	M3_spatial_leiden	4	seed_11	success		success		10801	3	478	132	-0.4044037525761004	0.33607541382235817	187	28	8	5	4	3	False	-0.13026431874125421	0.2741394338348462	0.8157080897912694	0.3912133891213389	0.21212121212121213	0.1208390332877337	0.5711001718629707	0.011731451618984475		4	0.05	0.08220670724197843	jbcb-readout-withholding-20261007-v1|GSE294385|M-ST-33|M3_spatial_leiden|4|seed_11|count_only	1000.0	0.270196781377259	jbcb-readout-withholding-20261007-v1|GSE294385|M-ST-33|M3_spatial_leiden|4|seed_11|block_matched	1000.0
GSE294385	Patient10	M-ST-33	allowed	M3_spatial_leiden	4	seed_23	success		success		10801	3	478	132	-0.4044037525761004	0.33607541382235817	135	25	8	5	4	3	False	-0.2767834185215323	0.12762033405456807	0.3797371923256049	0.2824267782426778	0.1893939393939394	0.09477283829995115	0.09452569217610059	-0.6636205963540729		4	0.04458897646187482	0.09585257293964022	jbcb-readout-withholding-20261007-v1|GSE294385|M-ST-33|M3_spatial_leiden|4|seed_23|count_only	1000.0	0.35064690059530323	jbcb-readout-withholding-20261007-v1|GSE294385|M-ST-33|M3_spatial_leiden|4|seed_23|block_matched	1000.0
GSE294385	Patient10	M-ST-33	allowed	M3_spatial_leiden	4	seed_37	success		success		10801	3	478	132	-0.4044037525761004	0.33607541382235817	209	54	6	5	1	3	False	-0.3948486416667949	0.009555110909305498	0.028431448765115892	0.4372384937238494	0.4090909090909091	0.12702600829249905	-0.13104380626620057	-0.22160662876691564		4	0.05	0.053595712329075784	jbcb-readout-withholding-20261007-v1|GSE294385|M-ST-33|M3_spatial_leiden|4|seed_37|count_only	1000.0	0.08403165037792437	jbcb-readout-withholding-20261007-v1|GSE294385|M-ST-33|M3_spatial_leiden|4|seed_37|block_matched	1000.0
GSE294385	Patient10	M-ST-33	allowed	M3_spatial_leiden	6	seed_11	success		success		10801	3	478	132	-0.4044037525761004	0.33607541382235817	209	31	8	6	3	2	False	-0.11580490024145518	0.2885988523346452	0.8587324167878344	0.4372384937238494	0.23484848484848486	0.12586206896551724	0.6425195935662394	0.0021365536815220664		6	0.08408964152537146	0.0726638140378979	jbcb-readout-withholding-20261007-v1|GSE294385|M-ST-33|M3_spatial_leiden|6|seed_11|count_only	1000.0	0.287880809171974	jbcb-readout-withholding-20261007-v1|GSE294385|M-ST-33|M3_spatial_leiden|6|seed_11|block_matched	1000.0
GSE294385	Patient10	M-ST-33	allowed	M3_spatial_leiden	6	seed_23	success		success		10801	3	478	132	-0.4044037525761004	0.33607541382235817	166	24	10	6	3	2	False	-0.019804095183565185	0.3845996573925352	1.14438498496003	0.3472803347280335	0.18181818181818182	0.1142433234421365	0.8713865758823336	0.18730246661543906		6	0.1	0.09174805330363223	jbcb-readout-withholding-20261007-v1|GSE294385|M-ST-33|M3_spatial_leiden|6|seed_23|count_only	1000.0	0.3216519034148031	jbcb-readout-withholding-20261007-v1|GSE294385|M-ST-33|M3_spatial_leiden|6|seed_23|block_matched	1000.0
GSE294385	Patient10	M-ST-33	allowed	M3_spatial_leiden	6	seed_37	success		success		10801	3	478	132	-0.4044037525761004	0.33607541382235817	177	33	8	6	3	2	False	-0.1670967339792544	0.237307018596846	0.706112404647015	0.3702928870292887	0.25	0.116331096196868	0.4859602013136604	-0.339323656297353		6	0.07071067811865477	0.0739877428391611	jbcb-readout-withholding-20261007-v1|GSE294385|M-ST-33|M3_spatial_leiden|6|seed_37|count_only	1000.0	0.35134535680669454	jbcb-readout-withholding-20261007-v1|GSE294385|M-ST-33|M3_spatial_leiden|6|seed_37|block_matched	1000.0
GSE294385	Patient10	M-ST-33	withheld	M0_expr_kmeans	4	seed_11	success		success		10801	0	478	132	-0.4044037525761004	0.33607541382235817	278	111	17	14	1	3	False	-0.27312607332665606	0.13127767924944433	0.39061970572722327	0.5815899581589958	0.8409090909090909	0.17863161442534548	0.313107681684766	0.3427935789254529		4		0.026049885556277408	jbcb-readout-withholding-20261007-v1|GSE294385|M-ST-33|M0_expr_kmeans|4|seed_11|count_only	1000.0	0.016073185356425546	jbcb-readout-withholding-20261007-v1|GSE294385|M-ST-33|M0_expr_kmeans|4|seed_11|block_matched	1000.0
GSE294385	Patient10	M-ST-33	withheld	M0_expr_kmeans	4	seed_23	success		success		10801	0	478	132	-0.4044037525761004	0.33607541382235817	278	111	17	14	4	2	False	-0.27312607332665606	0.13127767924944433	0.39061970572722327	0.5815899581589958	0.8409090909090909	0.17851128326035703	0.3146227787349896	0.3410952567118364		4		0.02554069868814246	jbcb-readout-withholding-20261007-v1|GSE294385|M-ST-33|M0_expr_kmeans|4|seed_23|count_only	1000.0	0.016643949697170424	jbcb-readout-withholding-20261007-v1|GSE294385|M-ST-33|M0_expr_kmeans|4|seed_23|block_matched	1000.0
GSE294385	Patient10	M-ST-33	withheld	M0_expr_kmeans	4	seed_37	success		success		10801	0	478	132	-0.4044037525761004	0.33607541382235817	278	111	17	14	2	3	False	-0.27312607332665606	0.13127767924944433	0.39061970572722327	0.5815899581589958	0.8409090909090909	0.17863161442534548	0.31135141945075573	0.342145810083333		4		0.026640122113352982	jbcb-readout-withholding-20261007-v1|GSE294385|M-ST-33|M0_expr_kmeans|4|seed_37|count_only	1000.0	0.016290884538102235	jbcb-readout-withholding-20261007-v1|GSE294385|M-ST-33|M0_expr_kmeans|4|seed_37|block_matched	1000.0
GSE294385	Patient10	M-ST-33	withheld	M0_expr_kmeans	6	seed_11	success		not_evaluable	selected_band_support_below_threshold	10801	0	478	132	-0.4044037525761004	0.33607541382235817	320	16	17	3	5	1	False	0.0430769516793601	0.4474807042554605	1.3314889630456235	0.6694560669456067	0.12121212121212122	0.27768860353130015				6							
GSE294385	Patient10	M-ST-33	withheld	M0_expr_kmeans	6	seed_23	success		not_evaluable	selected_band_support_below_threshold	10801	0	478	132	-0.4044037525761004	0.33607541382235817	318	16	17	3	6	4	False	0.0430769516793601	0.4474807042554605	1.3314889630456235	0.6652719665271967	0.12121212121212122	0.27410358565737053				6							
GSE294385	Patient10	M-ST-33	withheld	M0_expr_kmeans	6	seed_37	success		not_evaluable	selected_band_support_below_threshold	10801	0	478	132	-0.4044037525761004	0.33607541382235817	319	16	17	3	2	6	False	0.04060720214702496	0.44501095472312535	1.3241401674159599	0.6673640167364017	0.12121212121212122	0.2755591054313099				6							
GSE294385	Patient10	M-ST-33	withheld	M1_spatial_concat_kmeans	4	seed_11	success		success		10801	0	478	132	-0.4044037525761004	0.33607541382235817	278	112	17	14	2	1	False	-0.2763159177664485	0.1280878348096519	0.38112825140299084	0.5815899581589958	0.8484848484848485	0.17894382778338377	0.3061967888698316	0.33185014172323457		4		0.025182622279146027	jbcb-readout-withholding-20261007-v1|GSE294385|M-ST-33|M1_spatial_concat_kmeans|4|seed_11|count_only	1000.0	0.01656116110300765	jbcb-readout-withholding-20261007-v1|GSE294385|M-ST-33|M1_spatial_concat_kmeans|4|seed_11|block_matched	1000.0
GSE294385	Patient10	M-ST-33	withheld	M1_spatial_concat_kmeans	4	seed_23	success		success		10801	0	478	132	-0.4044037525761004	0.33607541382235817	278	112	17	14	2	3	False	-0.2763159177664485	0.1280878348096519	0.38112825140299084	0.5815899581589958	0.8484848484848485	0.17894382778338377	0.3053198861796199	0.32872322702253726		4		0.025477327713640863	jbcb-readout-withholding-20261007-v1|GSE294385|M-ST-33|M1_spatial_concat_kmeans|4|seed_23|count_only	1000.0	0.017612040255031713	jbcb-readout-withholding-20261007-v1|GSE294385|M-ST-33|M1_spatial_concat_kmeans|4|seed_23|block_matched	1000.0
GSE294385	Patient10	M-ST-33	withheld	M1_spatial_concat_kmeans	4	seed_37	success		success		10801	0	478	132	-0.4044037525761004	0.33607541382235817	278	112	17	14	2	1	False	-0.2763159177664485	0.1280878348096519	0.38112825140299084	0.5815899581589958	0.8484848484848485	0.17894382778338377	0.3096287767480277	0.3286688912713314		4		0.02402921553274795	jbcb-readout-withholding-20261007-v1|GSE294385|M-ST-33|M1_spatial_concat_kmeans|4|seed_37|count_only	1000.0	0.017630301165103557	jbcb-readout-withholding-20261007-v1|GSE294385|M-ST-33|M1_spatial_concat_kmeans|4|seed_37|block_matched	1000.0
GSE294385	Patient10	M-ST-33	withheld	M1_spatial_concat_kmeans	6	seed_11	success		not_evaluable	selected_band_support_below_threshold	10801	0	478	132	-0.4044037525761004	0.33607541382235817	316	16	17	3	5	1	False	0.04642307678658675	0.45082682936268714	1.341445434032803	0.6610878661087866	0.12121212121212122	0.2731629392971246				6							
GSE294385	Patient10	M-ST-33	withheld	M1_spatial_concat_kmeans	6	seed_23	success		not_evaluable	selected_band_support_below_threshold	10801	0	478	132	-0.4044037525761004	0.33607541382235817	321	16	17	3	5	4	False	0.04060720214702496	0.44501095472312535	1.3241401674159599	0.6715481171548117	0.12121212121212122	0.27826784282277467				6							
GSE294385	Patient10	M-ST-33	withheld	M1_spatial_concat_kmeans	6	seed_37	success		not_evaluable	selected_band_support_below_threshold	10801	0	478	132	-0.4044037525761004	0.33607541382235817	318	16	17	3	4	5	False	0.04642307678658675	0.45082682936268714	1.341445434032803	0.6652719665271967	0.12121212121212122	0.27630522088353415				6							
GSE294385	Patient10	M-ST-33	withheld	M2_spatial_ward	4	neighbors_4	success		success		10801	0	478	132	-0.4044037525761004	0.33607541382235817	37	66	8	6	1	2	False	-0.3693815296899794	0.035022222886121	0.10420941683235702	0.07740585774058577	0.5	0.03961848862802641	-0.12536161708335494	-0.10693808296360237		4		0.07715318022484952	jbcb-readout-withholding-20261007-v1|GSE294385|M-ST-33|M2_spatial_ward|4|neighbors_4|count_only	1000.0	0.07096148337148334	jbcb-readout-withholding-20261007-v1|GSE294385|M-ST-33|M2_spatial_ward|4|neighbors_4|block_matched	1000.0
GSE294385	Patient10	M-ST-33	withheld	M2_spatial_ward	4	neighbors_6	success		success		10801	0	478	132	-0.4044037525761004	0.33607541382235817	264	74	9	7	2	4	False	-0.4384999502924414	0.03409619771634098	0.10145400798156409	0.5523012552301255	0.5606060606060606	0.2033096926713948	-0.01106043742071033	0.0		4		0.0378133387995625	jbcb-readout-withholding-20261007-v1|GSE294385|M-ST-33|M2_spatial_ward|4|neighbors_6|count_only	1000.0	0.03409619771634098	jbcb-readout-withholding-20261007-v1|GSE294385|M-ST-33|M2_spatial_ward|4|neighbors_6|block_matched	1000.0
GSE294385	Patient10	M-ST-33	withheld	M2_spatial_ward	4	neighbors_8	success		not_evaluable	selected_band_support_below_threshold	10801	0	478	132	-0.4044037525761004	0.33607541382235817	155	18	7	4	4	1	False	-0.20576978833688742	0.19863396423921298	0.5910398561443307	0.32426778242677823	0.13636363636363635	0.04654970760233918				4							
GSE294385	Patient10	M-ST-33	withheld	M2_spatial_ward	6	neighbors_4	success		success		10801	0	478	132	-0.4044037525761004	0.33607541382235817	252	33	8	6	5	2	False	-0.429940270941922	0.025536518365821603	0.07598448834855746	0.5271966527196653	0.25	0.14948453608247422	-0.1450917901314452	-0.35096184254859186		6		0.07429830177647379	jbcb-readout-withholding-20261007-v1|GSE294385|M-ST-33|M2_spatial_ward|6|neighbors_4|count_only	1000.0	0.14348616483619692	jbcb-readout-withholding-20261007-v1|GSE294385|M-ST-33|M2_spatial_ward|6|neighbors_4|block_matched	1000.0
GSE294385	Patient10	M-ST-33	withheld	M2_spatial_ward	6	neighbors_6	success		success		10801	0	478	132	-0.4044037525761004	0.33607541382235817	102	41	8	6	2	5	False	-0.04206416549364622	0.3623395870824542	1.0781496419550007	0.21338912133891214	0.3106060606060606	0.22523584905660377	0.8653803809165892	0.6532071375381421		6		0.07150651745216152	jbcb-readout-withholding-20261007-v1|GSE294385|M-ST-33|M2_spatial_ward|6|neighbors_6|count_only	1000.0	0.14281272802260503	jbcb-readout-withholding-20261007-v1|GSE294385|M-ST-33|M2_spatial_ward|6|neighbors_6|block_matched	1000.0
GSE294385	Patient10	M-ST-33	withheld	M2_spatial_ward	6	neighbors_8	success		success		10801	0	478	132	-0.4044037525761004	0.33607541382235817	263	73	9	7	5	1	False	-0.448144924713197	0.04374117213709661	0.13015284765882099	0.5502092050209205	0.553030303030303	0.20704633204633205	0.018533362572996	0.006458640088503194		6		0.03751256464085717	jbcb-readout-withholding-20261007-v1|GSE294385|M-ST-33|M2_spatial_ward|6|neighbors_8|count_only	1000.0	0.041570581996623224	jbcb-readout-withholding-20261007-v1|GSE294385|M-ST-33|M2_spatial_ward|6|neighbors_8|block_matched	1000.0
GSE294385	Patient10	M-ST-33	withheld	M3_spatial_leiden	4	seed_11	success		success		10801	0	478	132	-0.4044037525761004	0.33607541382235817	225	61	9	8	4	2	False	-0.07309940899699563	0.33130434357910477	0.9858035725107362	0.4707112970711297	0.4621212121212121	0.12150790979468193	0.8433428705436878	0.18260666018655855		4	0.05	0.047877539366999455	jbcb-readout-withholding-20261007-v1|GSE294385|M-ST-33|M3_spatial_leiden|4|seed_11|count_only	1000.0	0.26993473469018836	jbcb-readout-withholding-20261007-v1|GSE294385|M-ST-33|M3_spatial_leiden|4|seed_11|block_matched	1000.0
GSE294385	Patient10	M-ST-33	withheld	M3_spatial_leiden	4	seed_23	success		success		10801	0	478	132	-0.4044037525761004	0.33607541382235817	307	79	15	10	4	1	False	-0.10270329147278634	0.30170046110331405	0.897716550199016	0.6422594142259415	0.5984848484848485	0.12740384615384615	0.7927926120871395	0.08947786634557771		4	0.05	0.03526235592082039	jbcb-readout-withholding-20261007-v1|GSE294385|M-ST-33|M3_spatial_leiden|4|seed_23|count_only	1000.0	0.27162915014328237	jbcb-readout-withholding-20261007-v1|GSE294385|M-ST-33|M3_spatial_leiden|4|seed_23|block_matched	1000.0
GSE294385	Patient10	M-ST-33	withheld	M3_spatial_leiden	4	seed_37	success		success		10801	0	478	132	-0.4044037525761004	0.33607541382235817	161	23	8	6	4	3	False	-0.1670967339792544	0.237307018596846	0.706112404647015	0.3368200836820084	0.17424242424242425	0.08953393295175797	0.42950447932398145	-0.08597254281096404		4	0.05	0.09296112296948245	jbcb-readout-withholding-20261007-v1|GSE294385|M-ST-33|M3_spatial_leiden|4|seed_37|count_only	1000.0	0.26620027649940115	jbcb-readout-withholding-20261007-v1|GSE294385|M-ST-33|M3_spatial_leiden|4|seed_37|block_matched	1000.0
GSE294385	Patient10	M-ST-33	withheld	M3_spatial_leiden	6	seed_11	success		success		10801	0	478	132	-0.4044037525761004	0.33607541382235817	64	68	5	5	3	5	False	-0.5334986110938091	0.12909485851770874	0.3841246732376125	0.13389121338912133	0.5151515151515151	0.15224111282843894	0.18348737940731705	0.20794270162815273		6	0.07711054127039706	0.06742926155221463	jbcb-readout-withholding-20261007-v1|GSE294385|M-ST-33|M3_spatial_leiden|6|seed_11|count_only	1000.0	0.05921042901668816	jbcb-readout-withholding-20261007-v1|GSE294385|M-ST-33|M3_spatial_leiden|6|seed_11|block_matched	1000.0
GSE294385	Patient10	M-ST-33	withheld	M3_spatial_leiden	6	seed_23	success		success		10801	0	478	132	-0.4044037525761004	0.33607541382235817	133	56	10	7	4	3	False	-0.09426207894862904	0.31014167362747136	0.9228335691090013	0.27824267782426776	0.42424242424242425	0.1154039136979428	0.7614362311966131	-0.0599360466275336		6	0.08408964152537146	0.054241677128732846	jbcb-readout-withholding-20261007-v1|GSE294385|M-ST-33|M3_spatial_leiden|6|seed_23|count_only	1000.0	0.33028470530069587	jbcb-readout-withholding-20261007-v1|GSE294385|M-ST-33|M3_spatial_leiden|6|seed_23|block_matched	1000.0
GSE294385	Patient10	M-ST-33	withheld	M3_spatial_leiden	6	seed_37	success		success		10801	0	478	132	-0.4044037525761004	0.33607541382235817	185	42	9	6	3	2	False	-0.1344417971955667	0.2699619553805337	0.803277908104368	0.38702928870292885	0.3181818181818182	0.125552608311229	0.6111069806818644	-0.35158713410037423		6	0.08408964152537146	0.06458392395814427	jbcb-readout-withholding-20261007-v1|GSE294385|M-ST-33|M3_spatial_leiden|6|seed_37|count_only	1000.0	0.3881217469679339	jbcb-readout-withholding-20261007-v1|GSE294385|M-ST-33|M3_spatial_leiden|6|seed_37|block_matched	1000.0
