eligibility_frame	resource	patient_id	graph_id	estimator_id	setting_id	readout_id	n_attempted_sections	n_evaluable_sections	n_declared_maps	n_evaluable_maps	n_standardized_maps	abs_deviation_score	abs_deviation_mad	near_retention	far_retention	selected_stroma_purity	count_only_excess_abs_deviation_score	block_matched_excess_abs_deviation_score	count_only_excess_abs_deviation_mad	block_matched_excess_abs_deviation_mad	mad_display_status	n_attempted_patients	n_evaluable_patients	n_evaluable_mad_patients	n_attempted_sections_resource	n_evaluable_sections_resource	n_declared_maps_resource	n_evaluable_maps_resource	n_standardized_maps_resource	attempted_patient_ids	evaluable_map_patient_ids	evaluable_mad_patient_ids	resource_median_block_matched_excess_abs_deviation_mad	setting_order	setting_display_label	display_x	resource_median_display_x	patient_order
historical_restricted	Valdeolivas	A120838	historical_raw_6nn	stromal_retention	baseline	four_gene_mean	2	0	72	0	0	NA	NA	NA	NA	NA	NA	NA	NA	NA	no_evaluable_maps	7	4	4	14	6	504	116	116	A120838;A121573;A416371;A551763;A595688;A798015;A938797	A121573;A416371;A595688;A938797	A121573;A416371;A595688;A938797	0.12538605130994204	0	"Baseline
6 x 6"	-0.2	-0.25	0
historical_restricted	Valdeolivas	A121573	historical_raw_6nn	stromal_retention	baseline	four_gene_mean	2	2	72	56	56	0.098010393251655	0.4102338339838184	0.4719991546914623	0.6013053870196727	0.4138832030219473	0.0488458996241167	0.0415277575168906	0.2058417125037006	0.1754678997521744	evaluable	7	4	4	14	6	504	116	116	A120838;A121573;A416371;A551763;A595688;A798015;A938797	A121573;A416371;A595688;A938797	A121573;A416371;A595688;A938797	0.12538605130994204	0	"Baseline
6 x 6"	-0.18666666666666668	-0.25	1
historical_restricted	Valdeolivas	A416371	historical_raw_6nn	stromal_retention	baseline	four_gene_mean	2	2	72	35	35	0.0460356244288951	0.2037244949937877	0.2216216216216216	0.3065028115363686	0.585667475819361	-0.0093163436258288	-0.0016834063354211	-0.0400182176080042	-0.0065548609148255	evaluable	7	4	4	14	6	504	116	116	A120838;A121573;A416371;A551763;A595688;A798015;A938797	A121573;A416371;A595688;A938797	A121573;A416371;A595688;A938797	0.12538605130994204	0	"Baseline
6 x 6"	-0.17333333333333334	-0.25	2
historical_restricted	Valdeolivas	A551763	historical_raw_6nn	stromal_retention	baseline	four_gene_mean	2	0	72	0	0	NA	NA	NA	NA	NA	NA	NA	NA	NA	no_evaluable_maps	7	4	4	14	6	504	116	116	A120838;A121573;A416371;A551763;A595688;A798015;A938797	A121573;A416371;A595688;A938797	A121573;A416371;A595688;A938797	0.12538605130994204	0	"Baseline
6 x 6"	-0.16	-0.25	3
historical_restricted	Valdeolivas	A595688	historical_raw_6nn	stromal_retention	baseline	four_gene_mean	2	1	72	7	7	0.0649835873158373	0.284592339522841	0.6417910447761194	0.7066666666666667	0.4696969696969697	0.0351104218006099	0.0171949014878898	0.153764319493549	0.0753042028677097	evaluable	7	4	4	14	6	504	116	116	A120838;A121573;A416371;A551763;A595688;A798015;A938797	A121573;A416371;A595688;A938797	A121573;A416371;A595688;A938797	0.12538605130994204	0	"Baseline
6 x 6"	-0.14666666666666667	-0.25	4
historical_restricted	Valdeolivas	A798015	historical_raw_6nn	stromal_retention	baseline	four_gene_mean	2	0	72	0	0	NA	NA	NA	NA	NA	NA	NA	NA	NA	no_evaluable_maps	7	4	4	14	6	504	116	116	A120838;A121573;A416371;A551763;A595688;A798015;A938797	A121573;A416371;A595688;A938797	A121573;A416371;A595688;A938797	0.12538605130994204	0	"Baseline
6 x 6"	-0.13333333333333333	-0.25	5
historical_restricted	Valdeolivas	A938797	historical_raw_6nn	stromal_retention	baseline	four_gene_mean	2	1	72	18	18	0.1306511694463634	0.6379227069830504	0.2541436464088398	0.5342261904761905	0.8903531727742147	0.1033211291981625	0.0362827850186977	0.5044799423222605	0.1771557999372807	evaluable	7	4	4	14	6	504	116	116	A120838;A121573;A416371;A551763;A595688;A798015;A938797	A121573;A416371;A595688;A938797	A121573;A416371;A595688;A938797	0.12538605130994204	0	"Baseline
6 x 6"	-0.12	-0.25	6
independent_eligible	Valdeolivas	A120838	historical_raw_6nn	stromal_retention	baseline	four_gene_mean	2	1	72	3	3	0.2510546927739235	0.628160236323067	0.2668539325842696	0.492603550295858	0.8677323395487407	0.1526144363470273	-0.0135806132008771	0.3818543256165645	-0.0339798515750398	evaluable	7	5	5	14	8	504	146	146	A120838;A121573;A416371;A551763;A595688;A798015;A938797	A120838;A121573;A416371;A595688;A938797	A120838;A121573;A416371;A595688;A938797	0.0955709388784998	0	"Baseline
6 x 6"	0.12	0.25	0
independent_eligible	Valdeolivas	A121573	historical_raw_6nn	stromal_retention	baseline	four_gene_mean	2	2	72	67	67	0.0963200198200193	0.4030049808438917	0.4291420118343195	0.5962033462033463	0.3920274495750735	0.0465716526284648	0.0228448907723239	0.1961159340290717	0.0955709388784998	evaluable	7	5	5	14	8	504	146	146	A120838;A121573;A416371;A551763;A595688;A798015;A938797	A120838;A121573;A416371;A595688;A938797	A120838;A121573;A416371;A595688;A938797	0.0955709388784998	0	"Baseline
6 x 6"	0.13333333333333333	0.25	1
independent_eligible	Valdeolivas	A416371	historical_raw_6nn	stromal_retention	baseline	four_gene_mean	2	2	72	40	40	0.0691829109179844	0.3049031543913808	0.2277390293519325	0.3332199649313743	0.5444689069585693	0.0201769640529345	0.0010102626911727	0.0888496793888445	0.0049916721546536	evaluable	7	5	5	14	8	504	146	146	A120838;A121573;A416371;A551763;A595688;A798015;A938797	A120838;A121573;A416371;A595688;A938797	A120838;A121573;A416371;A595688;A938797	0.0955709388784998	0	"Baseline
6 x 6"	0.14666666666666667	0.25	2
independent_eligible	Valdeolivas	A551763	historical_raw_6nn	stromal_retention	baseline	four_gene_mean	2	0	72	0	0	NA	NA	NA	NA	NA	NA	NA	NA	NA	no_evaluable_maps	7	5	5	14	8	504	146	146	A120838;A121573;A416371;A551763;A595688;A798015;A938797	A120838;A121573;A416371;A595688;A938797	A120838;A121573;A416371;A595688;A938797	0.0955709388784998	0	"Baseline
6 x 6"	0.16	0.25	3
independent_eligible	Valdeolivas	A595688	historical_raw_6nn	stromal_retention	baseline	four_gene_mean	2	1	72	16	16	0.1102973960800791	0.4830418770380357	0.7761194029850746	0.4399999999999999	0.4790345313601127	0.055862432356011	0.0447529024415799	0.24464670191821	0.1959930765961683	evaluable	7	5	5	14	8	504	146	146	A120838;A121573;A416371;A551763;A595688;A798015;A938797	A120838;A121573;A416371;A595688;A938797	A120838;A121573;A416371;A595688;A938797	0.0955709388784998	0	"Baseline
6 x 6"	0.17333333333333334	0.25	4
independent_eligible	Valdeolivas	A798015	historical_raw_6nn	stromal_retention	baseline	four_gene_mean	2	0	72	0	0	NA	NA	NA	NA	NA	NA	NA	NA	NA	no_evaluable_maps	7	5	5	14	8	504	146	146	A120838;A121573;A416371;A551763;A595688;A798015;A938797	A120838;A121573;A416371;A595688;A938797	A120838;A121573;A416371;A595688;A938797	0.0955709388784998	0	"Baseline
6 x 6"	0.18666666666666668	0.25	5
independent_eligible	Valdeolivas	A938797	historical_raw_6nn	stromal_retention	baseline	four_gene_mean	2	2	72	20	20	0.1163020200320007	0.4895751588383755	0.2246618403505429	0.4493165313191291	0.8469199035669606	0.0703976312893147	0.0502301585529521	0.3151798098532062	0.1991198107978271	evaluable	7	5	5	14	8	504	146	146	A120838;A121573;A416371;A551763;A595688;A798015;A938797	A120838;A121573;A416371;A595688;A938797	A120838;A121573;A416371;A595688;A938797	0.0955709388784998	0	"Baseline
6 x 6"	0.2	0.25	6
historical_restricted	Valdeolivas	A120838	historical_raw_6nn	stromal_retention	grid4	four_gene_mean	2	0	72	0	0	NA	NA	NA	NA	NA	NA	NA	NA	NA	no_evaluable_maps	7	4	4	14	6	504	114	114	A120838;A121573;A416371;A551763;A595688;A798015;A938797	A121573;A416371;A595688;A938797	A121573;A416371;A595688;A938797	0.12127521682456825	1	"Grid
4 x 4"	0.7999999999999999	0.75	0
historical_restricted	Valdeolivas	A121573	historical_raw_6nn	stromal_retention	grid4	four_gene_mean	2	2	72	54	54	0.098010393251655	0.4102338339838184	0.4719991546914623	0.6013053870196727	0.4138832030219473	0.0489474959493595	0.0474975591696332	0.206393471281347	0.2005563249150403	evaluable	7	4	4	14	6	504	114	114	A120838;A121573;A416371;A551763;A595688;A798015;A938797	A121573;A416371;A595688;A938797	A121573;A416371;A595688;A938797	0.12127521682456825	1	"Grid
4 x 4"	0.8133333333333334	0.75	1
historical_restricted	Valdeolivas	A416371	historical_raw_6nn	stromal_retention	grid4	four_gene_mean	2	2	72	35	35	0.0460356244288951	0.2037244949937877	0.2216216216216216	0.3065028115363686	0.585667475819361	-0.0111694058172683	-0.0130345588057878	-0.048133704125149	-0.0569090006062152	evaluable	7	4	4	14	6	504	114	114	A120838;A121573;A416371;A551763;A595688;A798015;A938797	A121573;A416371;A595688;A938797	A121573;A416371;A595688;A938797	0.12127521682456825	1	"Grid
4 x 4"	0.8266666666666667	0.75	2
historical_restricted	Valdeolivas	A551763	historical_raw_6nn	stromal_retention	grid4	four_gene_mean	2	0	72	0	0	NA	NA	NA	NA	NA	NA	NA	NA	NA	no_evaluable_maps	7	4	4	14	6	504	114	114	A120838;A121573;A416371;A551763;A595688;A798015;A938797	A121573;A416371;A595688;A938797	A121573;A416371;A595688;A938797	0.12127521682456825	1	"Grid
4 x 4"	0.84	0.75	3
historical_restricted	Valdeolivas	A595688	historical_raw_6nn	stromal_retention	grid4	four_gene_mean	2	1	72	7	7	0.0649835873158373	0.284592339522841	0.6417910447761194	0.7066666666666667	0.4696969696969697	0.0343460088262762	0.0095889012200691	0.1504166114689071	0.0419941087340962	evaluable	7	4	4	14	6	504	114	114	A120838;A121573;A416371;A551763;A595688;A798015;A938797	A121573;A416371;A595688;A938797	A121573;A416371;A595688;A938797	0.12127521682456825	1	"Grid
4 x 4"	0.8533333333333333	0.75	4
historical_restricted	Valdeolivas	A798015	historical_raw_6nn	stromal_retention	grid4	four_gene_mean	2	0	72	0	0	NA	NA	NA	NA	NA	NA	NA	NA	NA	no_evaluable_maps	7	4	4	14	6	504	114	114	A120838;A121573;A416371;A551763;A595688;A798015;A938797	A121573;A416371;A595688;A938797	A121573;A416371;A595688;A938797	0.12127521682456825	1	"Grid
4 x 4"	0.8666666666666666	0.75	5
historical_restricted	Valdeolivas	A938797	historical_raw_6nn	stromal_retention	grid4	four_gene_mean	2	1	72	18	18	0.1306511694463634	0.6379227069830504	0.2541436464088398	0.5342261904761905	0.8903531727742147	0.1027995533248489	0.0669327983965427	0.5019332747768326	0.3268088002580201	evaluable	7	4	4	14	6	504	114	114	A120838;A121573;A416371;A551763;A595688;A798015;A938797	A121573;A416371;A595688;A938797	A121573;A416371;A595688;A938797	0.12127521682456825	1	"Grid
4 x 4"	0.88	0.75	6
independent_eligible	Valdeolivas	A120838	historical_raw_6nn	stromal_retention	grid4	four_gene_mean	2	1	72	3	3	0.2510546927739235	0.628160236323067	0.2668539325842696	0.492603550295858	0.8677323395487407	0.1520675813882404	-0.0873295120862794	0.3804860479064347	-0.2185058815032566	evaluable	7	5	5	14	7	504	143	143	A120838;A121573;A416371;A551763;A595688;A798015;A938797	A120838;A121573;A416371;A595688;A938797	A120838;A121573;A416371;A595688;A938797	0.1063437786723588	1	"Grid
4 x 4"	1.1199999999999999	1.25	0
independent_eligible	Valdeolivas	A121573	historical_raw_6nn	stromal_retention	grid4	four_gene_mean	2	2	72	65	65	0.0963200198200193	0.4030049808438917	0.4291420118343195	0.5962033462033463	0.3920274495750735	0.0472818502388136	0.0254671786911899	0.1992703658187662	0.1063437786723588	evaluable	7	5	5	14	7	504	143	143	A120838;A121573;A416371;A551763;A595688;A798015;A938797	A120838;A121573;A416371;A595688;A938797	A120838;A121573;A416371;A595688;A938797	0.1063437786723588	1	"Grid
4 x 4"	1.1333333333333333	1.25	1
independent_eligible	Valdeolivas	A416371	historical_raw_6nn	stromal_retention	grid4	four_gene_mean	2	2	72	40	40	0.0691829109179844	0.3049031543913808	0.2277390293519325	0.3332199649313743	0.5444689069585693	0.0187309406172887	-0.0065048735241782	0.0825180567038506	-0.0282838607770317	evaluable	7	5	5	14	7	504	143	143	A120838;A121573;A416371;A551763;A595688;A798015;A938797	A120838;A121573;A416371;A595688;A938797	A120838;A121573;A416371;A595688;A938797	0.1063437786723588	1	"Grid
4 x 4"	1.1466666666666665	1.25	2
independent_eligible	Valdeolivas	A551763	historical_raw_6nn	stromal_retention	grid4	four_gene_mean	2	0	72	0	0	NA	NA	NA	NA	NA	NA	NA	NA	NA	no_evaluable_maps	7	5	5	14	7	504	143	143	A120838;A121573;A416371;A551763;A595688;A798015;A938797	A120838;A121573;A416371;A595688;A938797	A120838;A121573;A416371;A595688;A938797	0.1063437786723588	1	"Grid
4 x 4"	1.16	1.25	3
independent_eligible	Valdeolivas	A595688	historical_raw_6nn	stromal_retention	grid4	four_gene_mean	2	1	72	16	16	0.1102973960800791	0.4830418770380357	0.7761194029850746	0.4399999999999999	0.4790345313601127	0.0560157536859788	0.0411835689808853	0.2453181649413612	0.1803613609264999	evaluable	7	5	5	14	7	504	143	143	A120838;A121573;A416371;A551763;A595688;A798015;A938797	A120838;A121573;A416371;A595688;A938797	A120838;A121573;A416371;A595688;A938797	0.1063437786723588	1	"Grid
4 x 4"	1.1733333333333333	1.25	4
independent_eligible	Valdeolivas	A798015	historical_raw_6nn	stromal_retention	grid4	four_gene_mean	2	0	72	0	0	NA	NA	NA	NA	NA	NA	NA	NA	NA	no_evaluable_maps	7	5	5	14	7	504	143	143	A120838;A121573;A416371;A551763;A595688;A798015;A938797	A120838;A121573;A416371;A595688;A938797	A120838;A121573;A416371;A595688;A938797	0.1063437786723588	1	"Grid
4 x 4"	1.1866666666666665	1.25	5
independent_eligible	Valdeolivas	A938797	historical_raw_6nn	stromal_retention	grid4	four_gene_mean	2	1	72	19	19	0.1306511694463634	0.6379227069830504	0.2596685082872928	0.5587797619047619	0.8622071540726968	0.103170550565974	0.0686600539470186	0.5037447209762401	0.3352423683698112	evaluable	7	5	5	14	7	504	143	143	A120838;A121573;A416371;A551763;A595688;A798015;A938797	A120838;A121573;A416371;A595688;A938797	A120838;A121573;A416371;A595688;A938797	0.1063437786723588	1	"Grid
4 x 4"	1.2	1.25	6
historical_restricted	Valdeolivas	A120838	historical_raw_6nn	stromal_retention	grid8	four_gene_mean	2	0	72	0	0	NA	NA	NA	NA	NA	NA	NA	NA	NA	no_evaluable_maps	7	4	4	14	6	504	116	116	A120838;A121573;A416371;A551763;A595688;A798015;A938797	A121573;A416371;A595688;A938797	A121573;A416371;A595688;A938797	0.01349766235759595	2	"Grid
8 x 8"	1.8	1.75	0
historical_restricted	Valdeolivas	A121573	historical_raw_6nn	stromal_retention	grid8	four_gene_mean	2	2	72	56	56	0.098010393251655	0.4102338339838184	0.4719991546914623	0.6013053870196727	0.4138832030219473	0.0494401357272297	0.0391768075512016	0.208382148050297	0.1666917299574394	evaluable	7	4	4	14	6	504	116	116	A120838;A121573;A416371;A551763;A595688;A798015;A938797	A121573;A416371;A595688;A938797	A121573;A416371;A595688;A938797	0.01349766235759595	2	"Grid
8 x 8"	1.8133333333333335	1.75	1
historical_restricted	Valdeolivas	A416371	historical_raw_6nn	stromal_retention	grid8	four_gene_mean	2	2	72	35	35	0.0460356244288951	0.2037244949937877	0.2216216216216216	0.3065028115363686	0.585667475819361	-0.0110735614322762	-0.0072706458638075	-0.0477822690340494	-0.0315493722930287	evaluable	7	4	4	14	6	504	116	116	A120838;A121573;A416371;A551763;A595688;A798015;A938797	A121573;A416371;A595688;A938797	A121573;A416371;A595688;A938797	0.01349766235759595	2	"Grid
8 x 8"	1.8266666666666667	1.75	2
historical_restricted	Valdeolivas	A551763	historical_raw_6nn	stromal_retention	grid8	four_gene_mean	2	0	72	0	0	NA	NA	NA	NA	NA	NA	NA	NA	NA	no_evaluable_maps	7	4	4	14	6	504	116	116	A120838;A121573;A416371;A551763;A595688;A798015;A938797	A121573;A416371;A595688;A938797	A121573;A416371;A595688;A938797	0.01349766235759595	2	"Grid
8 x 8"	1.84	1.75	3
historical_restricted	Valdeolivas	A595688	historical_raw_6nn	stromal_retention	grid8	four_gene_mean	2	1	72	7	7	0.0649835873158373	0.284592339522841	0.6417910447761194	0.7066666666666667	0.4696969696969697	0.0319244195386154	-0.0272463380350118	0.139811383453573	-0.1193239617124741	evaluable	7	4	4	14	6	504	116	116	A120838;A121573;A416371;A551763;A595688;A798015;A938797	A121573;A416371;A595688;A938797	A121573;A416371;A595688;A938797	0.01349766235759595	2	"Grid
8 x 8"	1.8533333333333335	1.75	4
historical_restricted	Valdeolivas	A798015	historical_raw_6nn	stromal_retention	grid8	four_gene_mean	2	0	72	0	0	NA	NA	NA	NA	NA	NA	NA	NA	NA	no_evaluable_maps	7	4	4	14	6	504	116	116	A120838;A121573;A416371;A551763;A595688;A798015;A938797	A121573;A416371;A595688;A938797	A121573;A416371;A595688;A938797	0.01349766235759595	2	"Grid
8 x 8"	1.8666666666666667	1.75	5
historical_restricted	Valdeolivas	A938797	historical_raw_6nn	stromal_retention	grid8	four_gene_mean	2	1	72	18	18	0.1306511694463634	0.6379227069830504	0.2541436464088398	0.5342261904761905	0.8903531727742147	0.1033656997803216	0.0119903760209154	0.5046975644571655	0.0585446970082206	evaluable	7	4	4	14	6	504	116	116	A120838;A121573;A416371;A551763;A595688;A798015;A938797	A121573;A416371;A595688;A938797	A121573;A416371;A595688;A938797	0.01349766235759595	2	"Grid
8 x 8"	1.8800000000000001	1.75	6
independent_eligible	Valdeolivas	A120838	historical_raw_6nn	stromal_retention	grid8	four_gene_mean	2	1	72	3	3	0.2510546927739235	0.628160236323067	0.2668539325842696	0.492603550295858	0.8677323395487407	0.1595612341774878	-0.0089558637859941	0.3992358057978576	-0.0224083344156137	evaluable	7	5	5	14	8	504	146	146	A120838;A121573;A416371;A551763;A595688;A798015;A938797	A120838;A121573;A416371;A595688;A938797	A120838;A121573;A416371;A595688;A938797	0.0266803921600728	2	"Grid
8 x 8"	2.12	2.25	0
independent_eligible	Valdeolivas	A121573	historical_raw_6nn	stromal_retention	grid8	four_gene_mean	2	2	72	67	67	0.0963200198200193	0.4030049808438917	0.4291420118343195	0.5962033462033463	0.3920274495750735	0.0480184952180706	0.0064369744187174	0.2023025266683299	0.0266803921600728	evaluable	7	5	5	14	8	504	146	146	A120838;A121573;A416371;A551763;A595688;A798015;A938797	A120838;A121573;A416371;A595688;A938797	A120838;A121573;A416371;A595688;A938797	0.0266803921600728	2	"Grid
8 x 8"	2.1333333333333333	2.25	1
independent_eligible	Valdeolivas	A416371	historical_raw_6nn	stromal_retention	grid8	four_gene_mean	2	2	72	40	40	0.0691829109179844	0.3049031543913808	0.2277390293519325	0.3332199649313743	0.5444689069585693	0.0191483973927998	-0.0013088368744378	0.084337109504941	-0.0054029940493832	evaluable	7	5	5	14	8	504	146	146	A120838;A121573;A416371;A551763;A595688;A798015;A938797	A120838;A121573;A416371;A595688;A938797	A120838;A121573;A416371;A595688;A938797	0.0266803921600728	2	"Grid
8 x 8"	2.146666666666667	2.25	2
independent_eligible	Valdeolivas	A551763	historical_raw_6nn	stromal_retention	grid8	four_gene_mean	2	0	72	0	0	NA	NA	NA	NA	NA	NA	NA	NA	NA	no_evaluable_maps	7	5	5	14	8	504	146	146	A120838;A121573;A416371;A551763;A595688;A798015;A938797	A120838;A121573;A416371;A595688;A938797	A120838;A121573;A416371;A595688;A938797	0.0266803921600728	2	"Grid
8 x 8"	2.16	2.25	3
independent_eligible	Valdeolivas	A595688	historical_raw_6nn	stromal_retention	grid8	four_gene_mean	2	1	72	16	16	0.1102973960800791	0.4830418770380357	0.7761194029850746	0.4399999999999999	0.4790345313601127	0.0549632249102022	0.0331774939417219	0.2407086683117348	0.1452991595322161	evaluable	7	5	5	14	8	504	146	146	A120838;A121573;A416371;A551763;A595688;A798015;A938797	A120838;A121573;A416371;A595688;A938797	A120838;A121573;A416371;A595688;A938797	0.0266803921600728	2	"Grid
8 x 8"	2.1733333333333333	2.25	4
independent_eligible	Valdeolivas	A798015	historical_raw_6nn	stromal_retention	grid8	four_gene_mean	2	0	72	0	0	NA	NA	NA	NA	NA	NA	NA	NA	NA	no_evaluable_maps	7	5	5	14	8	504	146	146	A120838;A121573;A416371;A551763;A595688;A798015;A938797	A120838;A121573;A416371;A595688;A938797	A120838;A121573;A416371;A595688;A938797	0.0266803921600728	2	"Grid
8 x 8"	2.186666666666667	2.25	5
independent_eligible	Valdeolivas	A938797	historical_raw_6nn	stromal_retention	grid8	four_gene_mean	2	2	72	20	20	0.1163020200320007	0.4895751588383755	0.2246618403505429	0.4493165313191291	0.8469199035669606	0.0704068006929267	0.0353078981404911	0.3151565647490358	0.1273795031142124	evaluable	7	5	5	14	8	504	146	146	A120838;A121573;A416371;A551763;A595688;A798015;A938797	A120838;A121573;A416371;A595688;A938797	A120838;A121573;A416371;A595688;A938797	0.0266803921600728	2	"Grid
8 x 8"	2.2	2.25	6
historical_restricted	Valdeolivas	A120838	historical_raw_6nn	stromal_retention	near150	four_gene_mean	2	0	72	0	0	NA	NA	NA	NA	NA	NA	NA	NA	NA	no_evaluable_maps	7	4	4	14	6	504	116	116	A120838;A121573;A416371;A551763;A595688;A798015;A938797	A121573;A416371;A595688;A938797	A121573;A416371;A595688;A938797	0.1192857320419319	3	"Near
150 um"	2.8	2.75	0
historical_restricted	Valdeolivas	A121573	historical_raw_6nn	stromal_retention	near150	four_gene_mean	2	2	72	56	56	0.098010393251655	0.4102338339838184	0.4719991546914623	0.6013053870196727	0.4138832030219473	0.0483866308625932	0.0386670637196703	0.2041152932196752	0.1632672612161541	evaluable	7	4	4	14	6	504	116	116	A120838;A121573;A416371;A551763;A595688;A798015;A938797	A121573;A416371;A595688;A938797	A121573;A416371;A595688;A938797	0.1192857320419319	3	"Near
150 um"	2.813333333333333	2.75	1
historical_restricted	Valdeolivas	A416371	historical_raw_6nn	stromal_retention	near150	four_gene_mean	2	2	72	35	35	0.0460356244288951	0.2037244949937877	0.2216216216216216	0.3065028115363686	0.585667475819361	-0.0115184513996313	-0.0022173679566124	-0.0497177389968884	-0.0089014162115156	evaluable	7	4	4	14	6	504	116	116	A120838;A121573;A416371;A551763;A595688;A798015;A938797	A121573;A416371;A595688;A938797	A121573;A416371;A595688;A938797	0.1192857320419319	3	"Near
150 um"	2.8266666666666667	2.75	2
historical_restricted	Valdeolivas	A551763	historical_raw_6nn	stromal_retention	near150	four_gene_mean	2	0	72	0	0	NA	NA	NA	NA	NA	NA	NA	NA	NA	no_evaluable_maps	7	4	4	14	6	504	116	116	A120838;A121573;A416371;A551763;A595688;A798015;A938797	A121573;A416371;A595688;A938797	A121573;A416371;A595688;A938797	0.1192857320419319	3	"Near
150 um"	2.84	2.75	3
historical_restricted	Valdeolivas	A595688	historical_raw_6nn	stromal_retention	near150	four_gene_mean	2	1	72	7	7	0.0649835873158373	0.284592339522841	0.6417910447761194	0.7066666666666667	0.4696969696969697	0.0304510445264121	0.0171949014878898	0.1333588119807258	0.0753042028677097	evaluable	7	4	4	14	6	504	116	116	A120838;A121573;A416371;A551763;A595688;A798015;A938797	A121573;A416371;A595688;A938797	A121573;A416371;A595688;A938797	0.1192857320419319	3	"Near
150 um"	2.853333333333333	2.75	4
historical_restricted	Valdeolivas	A798015	historical_raw_6nn	stromal_retention	near150	four_gene_mean	2	0	72	0	0	NA	NA	NA	NA	NA	NA	NA	NA	NA	no_evaluable_maps	7	4	4	14	6	504	116	116	A120838;A121573;A416371;A551763;A595688;A798015;A938797	A121573;A416371;A595688;A938797	A121573;A416371;A595688;A938797	0.1192857320419319	3	"Near
150 um"	2.8666666666666667	2.75	5
historical_restricted	Valdeolivas	A938797	historical_raw_6nn	stromal_retention	near150	four_gene_mean	2	1	72	18	18	0.1306511694463634	0.6379227069830504	0.2541436464088398	0.5342261904761905	0.8903531727742147	0.1023190803405587	0.0371222417122909	0.4995872978669476	0.1812545652881095	evaluable	7	4	4	14	6	504	116	116	A120838;A121573;A416371;A551763;A595688;A798015;A938797	A121573;A416371;A595688;A938797	A121573;A416371;A595688;A938797	0.1192857320419319	3	"Near
150 um"	2.88	2.75	6
independent_eligible	Valdeolivas	A120838	historical_raw_6nn	stromal_retention	near150	four_gene_mean	2	1	72	3	3	0.2510546927739235	0.628160236323067	0.2668539325842696	0.492603550295858	0.8677323395487407	0.1584972802661655	-0.0142580695625765	0.3965737024410607	-0.0356749051251715	evaluable	7	5	5	14	8	504	146	146	A120838;A121573;A416371;A551763;A595688;A798015;A938797	A120838;A121573;A416371;A595688;A938797	A120838;A121573;A416371;A595688;A938797	0.0949571363233159	3	"Near
150 um"	3.12	3.25	0
independent_eligible	Valdeolivas	A121573	historical_raw_6nn	stromal_retention	near150	four_gene_mean	2	2	72	67	67	0.0963200198200193	0.4030049808438917	0.4291420118343195	0.5962033462033463	0.3920274495750735	0.0466429063331326	0.0226936281005675	0.1966582850201546	0.0949571363233159	evaluable	7	5	5	14	8	504	146	146	A120838;A121573;A416371;A551763;A595688;A798015;A938797	A120838;A121573;A416371;A595688;A938797	A120838;A121573;A416371;A595688;A938797	0.0949571363233159	3	"Near
150 um"	3.1333333333333333	3.25	1
independent_eligible	Valdeolivas	A416371	historical_raw_6nn	stromal_retention	near150	four_gene_mean	2	2	72	40	40	0.0691829109179844	0.3049031543913808	0.2277390293519325	0.3332199649313743	0.5444689069585693	0.0168586550015029	0.0008717297063643	0.0743405933309634	0.0043747856195184	evaluable	7	5	5	14	8	504	146	146	A120838;A121573;A416371;A551763;A595688;A798015;A938797	A120838;A121573;A416371;A595688;A938797	A120838;A121573;A416371;A595688;A938797	0.0949571363233159	3	"Near
150 um"	3.146666666666667	3.25	2
independent_eligible	Valdeolivas	A551763	historical_raw_6nn	stromal_retention	near150	four_gene_mean	2	0	72	0	0	NA	NA	NA	NA	NA	NA	NA	NA	NA	no_evaluable_maps	7	5	5	14	8	504	146	146	A120838;A121573;A416371;A551763;A595688;A798015;A938797	A120838;A121573;A416371;A595688;A938797	A120838;A121573;A416371;A595688;A938797	0.0949571363233159	3	"Near
150 um"	3.16	3.25	3
independent_eligible	Valdeolivas	A595688	historical_raw_6nn	stromal_retention	near150	four_gene_mean	2	1	72	16	16	0.1102973960800791	0.4830418770380357	0.7761194029850746	0.4399999999999999	0.4790345313601127	0.0549632249102022	0.0447529024415799	0.2407086683117348	0.1959930765961683	evaluable	7	5	5	14	8	504	146	146	A120838;A121573;A416371;A551763;A595688;A798015;A938797	A120838;A121573;A416371;A595688;A938797	A120838;A121573;A416371;A595688;A938797	0.0949571363233159	3	"Near
150 um"	3.1733333333333333	3.25	4
independent_eligible	Valdeolivas	A798015	historical_raw_6nn	stromal_retention	near150	four_gene_mean	2	0	72	0	0	NA	NA	NA	NA	NA	NA	NA	NA	NA	no_evaluable_maps	7	5	5	14	8	504	146	146	A120838;A121573;A416371;A551763;A595688;A798015;A938797	A120838;A121573;A416371;A595688;A938797	A120838;A121573;A416371;A595688;A938797	0.0949571363233159	3	"Near
150 um"	3.186666666666667	3.25	5
independent_eligible	Valdeolivas	A938797	historical_raw_6nn	stromal_retention	near150	four_gene_mean	2	2	72	20	20	0.1163020200320007	0.4895751588383755	0.2246618403505429	0.4493165313191291	0.8469199035669606	0.071714058717603	0.0518393511325673	0.3192729826481578	0.2061552712174615	evaluable	7	5	5	14	8	504	146	146	A120838;A121573;A416371;A551763;A595688;A798015;A938797	A120838;A121573;A416371;A595688;A938797	A120838;A121573;A416371;A595688;A938797	0.0949571363233159	3	"Near
150 um"	3.2	3.25	6
historical_restricted	Valdeolivas	A120838	historical_raw_6nn	stromal_retention	far500	four_gene_mean	2	0	72	0	0	NA	NA	NA	NA	NA	NA	NA	NA	NA	no_evaluable_maps	7	4	4	14	6	504	116	116	A120838;A121573;A416371;A551763;A595688;A798015;A938797	A121573;A416371;A595688;A938797	A121573;A416371;A595688;A938797	0.1156251999298969	4	"Far
500 um"	3.8	3.75	0
historical_restricted	Valdeolivas	A121573	historical_raw_6nn	stromal_retention	far500	four_gene_mean	2	2	72	56	56	0.1008947239856712	0.4229698915255883	0.4719991546914623	0.6006819351518271	0.4138832030219473	0.0555351386028762	0.0368641046212744	0.2338452673809015	0.1559461969920841	evaluable	7	4	4	14	6	504	116	116	A120838;A121573;A416371;A551763;A595688;A798015;A938797	A121573;A416371;A595688;A938797	A121573;A416371;A595688;A938797	0.1156251999298969	4	"Far
500 um"	3.813333333333333	3.75	1
historical_restricted	Valdeolivas	A416371	historical_raw_6nn	stromal_retention	far500	four_gene_mean	2	2	72	35	35	0.0478177672124709	0.2117293074869728	0.2216216216216216	0.3132675824820946	0.585667475819361	-0.0023342733841823	0.0002534034039171	-0.0094112441567845	0.0019445986957495	evaluable	7	4	4	14	6	504	116	116	A120838;A121573;A416371;A551763;A595688;A798015;A938797	A121573;A416371;A595688;A938797	A121573;A416371;A595688;A938797	0.1156251999298969	4	"Far
500 um"	3.8266666666666667	3.75	2
historical_restricted	Valdeolivas	A551763	historical_raw_6nn	stromal_retention	far500	four_gene_mean	2	0	72	0	0	NA	NA	NA	NA	NA	NA	NA	NA	NA	no_evaluable_maps	7	4	4	14	6	504	116	116	A120838;A121573;A416371;A551763;A595688;A798015;A938797	A121573;A416371;A595688;A938797	A121573;A416371;A595688;A938797	0.1156251999298969	4	"Far
500 um"	3.84	3.75	3
historical_restricted	Valdeolivas	A595688	historical_raw_6nn	stromal_retention	far500	four_gene_mean	2	1	72	7	7	0.1028573507382812	0.4504585741236054	0.6417910447761194	0.6704545454545454	0.4696969696969697	0.0644892451622625	0.0171949014878898	0.2824273930213984	0.0753042028677097	evaluable	7	4	4	14	6	504	116	116	A120838;A121573;A416371;A551763;A595688;A798015;A938797	A121573;A416371;A595688;A938797	A121573;A416371;A595688;A938797	0.1156251999298969	4	"Far
500 um"	3.853333333333333	3.75	4
historical_restricted	Valdeolivas	A798015	historical_raw_6nn	stromal_retention	far500	four_gene_mean	2	0	72	0	0	NA	NA	NA	NA	NA	NA	NA	NA	NA	no_evaluable_maps	7	4	4	14	6	504	116	116	A120838;A121573;A416371;A551763;A595688;A798015;A938797	A121573;A416371;A595688;A938797	A121573;A416371;A595688;A938797	0.1156251999298969	4	"Far
500 um"	3.8666666666666667	3.75	5
historical_restricted	Valdeolivas	A938797	historical_raw_6nn	stromal_retention	far500	four_gene_mean	2	1	72	18	18	0.1232999476400715	0.6020293327853725	0.2541436464088398	0.5250596658711217	0.8903531727742147	0.0960314798764909	0.0358062776239473	0.4688872044390612	0.1748291855759651	evaluable	7	4	4	14	6	504	116	116	A120838;A121573;A416371;A551763;A595688;A798015;A938797	A121573;A416371;A595688;A938797	A121573;A416371;A595688;A938797	0.1156251999298969	4	"Far
500 um"	3.88	3.75	6
independent_eligible	Valdeolivas	A120838	historical_raw_6nn	stromal_retention	far500	four_gene_mean	2	1	72	3	3	0.2111831085393524	0.5283981346924191	0.2668539325842696	0.5516826923076923	0.8677323395487407	0.1157155497062916	-0.0183995728285656	0.2895301667004237	-0.0460372992375937	evaluable	7	5	5	14	8	504	148	148	A120838;A121573;A416371;A551763;A595688;A798015;A938797	A120838;A121573;A416371;A595688;A938797	A120838;A121573;A416371;A595688;A938797	0.1396312450355975	4	"Far
500 um"	4.12	4.25	0
independent_eligible	Valdeolivas	A121573	historical_raw_6nn	stromal_retention	far500	four_gene_mean	2	2	72	69	69	0.0980841115264403	0.4104759682364799	0.4291420118343195	0.5864642305712815	0.3920274495750735	0.0500460966404762	0.0331577525494474	0.2103714730804967	0.1396312450355975	evaluable	7	5	5	14	8	504	148	148	A120838;A121573;A416371;A551763;A595688;A798015;A938797	A120838;A121573;A416371;A595688;A938797	A120838;A121573;A416371;A595688;A938797	0.1396312450355975	4	"Far
500 um"	4.133333333333334	4.25	1
independent_eligible	Valdeolivas	A416371	historical_raw_6nn	stromal_retention	far500	four_gene_mean	2	2	72	40	40	0.0785849003799421	0.3460183396483434	0.2277390293519325	0.3411089585534813	0.5444689069585693	0.0279876429947592	-0.0009235635963926	0.1231383942085244	-0.0036196444912673	evaluable	7	5	5	14	8	504	148	148	A120838;A121573;A416371;A551763;A595688;A798015;A938797	A120838;A121573;A416371;A595688;A938797	A120838;A121573;A416371;A595688;A938797	0.1396312450355975	4	"Far
500 um"	4.1466666666666665	4.25	2
independent_eligible	Valdeolivas	A551763	historical_raw_6nn	stromal_retention	far500	four_gene_mean	2	0	72	0	0	NA	NA	NA	NA	NA	NA	NA	NA	NA	no_evaluable_maps	7	5	5	14	8	504	148	148	A120838;A121573;A416371;A551763;A595688;A798015;A938797	A120838;A121573;A416371;A595688;A938797	A120838;A121573;A416371;A595688;A938797	0.1396312450355975	4	"Far
500 um"	4.16	4.25	3
independent_eligible	Valdeolivas	A595688	historical_raw_6nn	stromal_retention	far500	four_gene_mean	2	1	72	16	16	0.117930545528332	0.5164708696365462	0.7761194029850746	0.4375	0.4790345313601127	0.0717571051707724	0.0506459557132653	0.3142566189626117	0.2218014058496836	evaluable	7	5	5	14	8	504	148	148	A120838;A121573;A416371;A551763;A595688;A798015;A938797	A120838;A121573;A416371;A595688;A938797	A120838;A121573;A416371;A595688;A938797	0.1396312450355975	4	"Far
500 um"	4.173333333333334	4.25	4
independent_eligible	Valdeolivas	A798015	historical_raw_6nn	stromal_retention	far500	four_gene_mean	2	0	72	0	0	NA	NA	NA	NA	NA	NA	NA	NA	NA	no_evaluable_maps	7	5	5	14	8	504	148	148	A120838;A121573;A416371;A551763;A595688;A798015;A938797	A120838;A121573;A416371;A595688;A938797	A120838;A121573;A416371;A595688;A938797	0.1396312450355975	4	"Far
500 um"	4.1866666666666665	4.25	5
independent_eligible	Valdeolivas	A938797	historical_raw_6nn	stromal_retention	far500	four_gene_mean	2	2	72	20	20	0.1218577305726136	0.5025249216454246	0.2246618403505429	0.4622922847010015	0.8469199035669606	0.075149897295305	0.0628314935026966	0.3257914332237427	0.2386350690609861	evaluable	7	5	5	14	8	504	148	148	A120838;A121573;A416371;A551763;A595688;A798015;A938797	A120838;A121573;A416371;A595688;A938797	A120838;A121573;A416371;A595688;A938797	0.1396312450355975	4	"Far
500 um"	4.2	4.25	6
