resource	patient_id	sample_id	gene	n_stroma	stroma_detected_fraction	stroma_median	stroma_q25	stroma_q75	n_near	near_detected_fraction	near_median	near_q25	near_q75	n_far	far_detected_fraction	far_median	far_q25	far_q75	near_minus_far	bands_meet_original_requirements
GSE294385	Patient1	M-ST-13	CNN1	1207	0.6255178127589064	1.291195129528562	0.0	2.371428896521516	483	0.4803312629399586	0.0	0.0	1.2776877166287113	244	0.6516393442622951	1.5732207941893266	0.0	2.3782640366345573	-1.5732207941893266	True
GSE294385	Patient1	M-ST-13	DES	1207	0.5285832642916322	0.8441106066930245	0.0	2.6603426971879607	483	0.34782608695652173	0.0	0.0	1.0171791381903903	244	0.5450819672131147	1.3702762127108492	0.0	2.5020614977046653	-1.3702762127108492	True
GSE294385	Patient1	M-ST-13	MYH11	1207	0.4134217067108534	0.0	0.0	1.7214138074355225	483	0.23395445134575568	0.0	0.0	0.0	244	0.36885245901639346	0.0	0.0	1.5771209817993252	0.0	True
GSE294385	Patient6	M-ST-15	CNN1	482	0.6514522821576764	0.8410196809114667	0.0	1.6173128283889513	291	0.5567010309278351	0.6016251960129656	0.0	1.3562867073721234	84	0.8809523809523809	1.4793630544470906	0.8477508943887261	1.9440360688274765	-0.877737858434125	True
GSE294385	Patient6	M-ST-15	DES	482	0.5456431535269709	0.3805990005733749	0.0	1.5213674857199917	291	0.48109965635738833	0.0	0.0	1.3180597745841416	84	0.7142857142857143	0.8295018854981597	0.0	2.561398864498072	-0.8295018854981597	True
GSE294385	Patient6	M-ST-15	MYH11	482	0.4211618257261411	0.0	0.0	0.9435154128631051	291	0.3161512027491409	0.0	0.0	0.6144098051732465	84	0.7261904761904762	0.8302583591636857	0.0	1.5882994872446479	-0.8302583591636857	True
GSE294385	Patient11	M-ST-29	CNN1	2567	0.5952473704713673	0.3637014121473648	0.0	0.8947487053460492	1466	0.6173260572987722	0.3560503388350367	0.0	0.8108101980772002	316	0.5474683544303798	0.5204213519147238	0.0	1.1502833381129558	-0.16437101307968716	True
GSE294385	Patient11	M-ST-29	DES	2567	0.17413322945072068	0.0	0.0	0.0	1466	0.1432469304229195	0.0	0.0	0.0	316	0.2310126582278481	0.0	0.0	0.0	0.0	True
GSE294385	Patient11	M-ST-29	MYH11	2567	0.41488118426178416	0.0	0.0	0.5404916693662586	1466	0.39836289222373805	0.0	0.0	0.42775961598455176	316	0.3924050632911392	0.0	0.0	0.7342815211885574	0.0	True
GSE294385	Patient11	M-ST-30	CNN1	376	0.9122340425531915	0.8112131456504618	0.3989883376600255	2.0802594616477323	173	0.8786127167630058	0.6632942174102642	0.29964188638823736	1.9402742466274483	75	0.9333333333333333	0.5580879364060496	0.3747594075254203	1.0456907162990974	0.10520628100421459	True
GSE294385	Patient11	M-ST-30	DES	376	0.8271276595744681	0.8366183914005221	0.2038993160471006	3.2829343246788647	173	0.8208092485549133	0.5078391226418674	0.16177500502932518	3.211044823491468	75	0.84	0.6160737161398144	0.22847086995138444	1.2910220757262878	-0.10823459349794706	True
GSE294385	Patient11	M-ST-30	MYH11	376	0.8297872340425532	0.9471043886626369	0.21863514738627815	2.5624041241041384	173	0.7861271676300579	0.5051572721797541	0.134394081391182	2.326233044346673	75	0.8266666666666667	0.7080975873944817	0.21246552686645742	1.7428898792750647	-0.20294031521472755	True
GSE294385	Patient9	M-ST-31	CNN1	1268	0.7168769716088328	0.8418841387000551	0.0	1.4322360055848598	694	0.8184438040345822	0.9834923111882807	0.4444785527933361	1.4262494008165838	251	0.601593625498008	0.6622009010510902	0.0	1.522959170992931	0.32129141013719054	True
GSE294385	Patient9	M-ST-31	DES	1268	0.2752365930599369	0.0	0.0	0.18557790943473718	694	0.34870317002881845	0.0	0.0	0.38544006750024007	251	0.1553784860557769	0.0	0.0	0.0	0.0	True
GSE294385	Patient9	M-ST-31	MYH11	1268	0.5402208201892744	0.3186038236315128	0.0	1.0432569037189294	694	0.6714697406340058	0.6414740136498271	0.0	1.226863849958558	251	0.33067729083665337	0.0	0.0	0.5942752634929784	0.6414740136498271	True
GSE294385	Patient9	M-ST-32	CNN1	1565	0.4645367412140575	0.0	0.0	1.4682814812398004	910	0.5164835164835165	0.3303274364179199	0.0	1.4077974737592083	291	0.37800687285223367	0.0	0.0	1.6369679662590064	0.3303274364179199	True
GSE294385	Patient9	M-ST-32	DES	1565	0.25431309904153354	0.0	0.0	0.16187473406721303	910	0.26043956043956046	0.0	0.0	0.1901384771569241	291	0.24054982817869416	0.0	0.0	0.0	0.0	True
GSE294385	Patient9	M-ST-32	MYH11	1565	0.27731629392971247	0.0	0.0	0.547848325479679	910	0.3505494505494505	0.0	0.0	0.8201220184218823	291	0.15463917525773196	0.0	0.0	0.0	0.0	True
GSE294385	Patient10	M-ST-33	CNN1	780	0.8897435897435897	1.528078566635362	0.7532584555063746	2.1986780875805145	478	0.8765690376569037	1.2753421411172825	0.5870247650913548	1.8499633081603963	132	0.9393939393939394	1.939960729738043	1.3210920996935016	2.7106985867083355	-0.6646185886207605	True
GSE294385	Patient10	M-ST-33	DES	780	0.8525641025641025	1.9341050736409322	0.666940966335362	2.9351541049301977	478	0.8138075313807531	1.4796179706373875	0.4314793172780321	2.418959804121124	132	0.9318181818181818	2.6467571446013842	1.5291051825526747	3.64038004906014	-1.1671391739639967	True
GSE294385	Patient10	M-ST-33	MYH11	780	0.9320512820512821	2.0081627548493906	1.0395060103982787	2.8331827822725577	478	0.9246861924686193	1.7078985660728168	0.8711792661917135	2.4790424543554725	132	0.9772727272727273	2.7058827539565433	1.6575139814176294	3.3901908453397196	-0.9979841878837266	True
GSE294385	Patient10	M-ST-34	CNN1	2698	0.7564862861378799	0.6998217383851354	0.2485023751235214	1.0974469817635344	1583	0.7466835123183828	0.6561793993932288	0.0	0.9999469059372659	422	0.7559241706161137	0.7026442754847682	0.2642399387291608	1.1034090381112118	-0.046464876091539375	True
GSE294385	Patient10	M-ST-34	DES	2698	0.10934025203854707	0.0	0.0	0.0	1583	0.08149084017687934	0.0	0.0	0.0	422	0.14218009478672985	0.0	0.0	0.0	0.0	True
GSE294385	Patient10	M-ST-34	MYH11	2698	0.43587842846553004	0.0	0.0	0.6679410529620942	1583	0.5167403663929249	0.240658569818669	0.0	0.8124611923844686	422	0.3127962085308057	0.0	0.0	0.42777987417057617	0.240658569818669	True
Valdeolivas	A121573	SN048_A121573_Rep1	CNN1	249	0.18875502008032127	0.0	0.0	0.0	140	0.16428571428571428	0.0	0.0	0.0	49	0.20408163265306123	0.0	0.0	0.0	0.0	True
Valdeolivas	A121573	SN048_A121573_Rep1	DES	249	0.10040160642570281	0.0	0.0	0.0	140	0.07857142857142857	0.0	0.0	0.0	49	0.10204081632653061	0.0	0.0	0.0	0.0	True
Valdeolivas	A121573	SN048_A121573_Rep1	MYH11	249	0.22088353413654618	0.0	0.0	0.0	140	0.25	0.0	0.0	0.095587125214358	49	0.24489795918367346	0.0	0.0	0.0	0.0	True
Valdeolivas	A121573	SN048_A121573_Rep2	CNN1	396	0.22727272727272727	0.0	0.0	0.0	169	0.25443786982248523	0.0	0.0	0.2693252067338879	111	0.2072072072072072	0.0	0.0	0.0	0.0	True
Valdeolivas	A121573	SN048_A121573_Rep2	DES	396	0.16161616161616163	0.0	0.0	0.0	169	0.11834319526627218	0.0	0.0	0.0	111	0.1981981981981982	0.0	0.0	0.0	0.0	True
Valdeolivas	A121573	SN048_A121573_Rep2	MYH11	396	0.21717171717171718	0.0	0.0	0.0	169	0.17751479289940827	0.0	0.0	0.0	111	0.21621621621621623	0.0	0.0	0.0	0.0	True
Valdeolivas	A416371	SN048_A416371_Rep1	CNN1	728	0.10302197802197802	0.0	0.0	0.0	155	0.13548387096774195	0.0	0.0	0.0	298	0.09731543624161074	0.0	0.0	0.0	0.0	True
Valdeolivas	A416371	SN048_A416371_Rep1	DES	728	0.04532967032967033	0.0	0.0	0.0	155	0.04516129032258064	0.0	0.0	0.0	298	0.053691275167785234	0.0	0.0	0.0	0.0	True
Valdeolivas	A416371	SN048_A416371_Rep1	MYH11	728	0.061813186813186816	0.0	0.0	0.0	155	0.08387096774193549	0.0	0.0	0.0	298	0.05704697986577181	0.0	0.0	0.0	0.0	True
Valdeolivas	A416371	SN048_A416371_Rep2	CNN1	524	0.15648854961832062	0.0	0.0	0.0	111	0.16216216216216217	0.0	0.0	0.0	222	0.11261261261261261	0.0	0.0	0.0	0.0	True
Valdeolivas	A416371	SN048_A416371_Rep2	DES	524	0.04961832061068702	0.0	0.0	0.0	111	0.04504504504504504	0.0	0.0	0.0	222	0.04954954954954955	0.0	0.0	0.0	0.0	True
Valdeolivas	A416371	SN048_A416371_Rep2	MYH11	524	0.10687022900763359	0.0	0.0	0.0	111	0.14414414414414414	0.0	0.0	0.0	222	0.07657657657657657	0.0	0.0	0.0	0.0	True
Valdeolivas	A551763	SN123_A551763_Rep1	CNN1	70	0.4142857142857143	0.0	0.0	0.8770780001112101	52	0.34615384615384615	0.0	0.0	0.7337767969257722	2	1.0	1.464505333042645	1.4178460129627868	1.5111646531225031	-1.464505333042645	False
Valdeolivas	A551763	SN123_A551763_Rep1	DES	70	0.05714285714285714	0.0	0.0	0.0	52	0.057692307692307696	0.0	0.0	0.0	2	0.0	0.0	0.0	0.0	0.0	False
Valdeolivas	A551763	SN123_A551763_Rep1	MYH11	70	0.32857142857142857	0.0	0.0	0.6328995145766865	52	0.2692307692307692	0.0	0.0	0.5020360056736664	2	1.0	1.0105431652285877	0.8468219847774144	1.1742643456797608	-1.0105431652285877	False
Valdeolivas	A595688	SN123_A595688_Rep1	CNN1	209	0.5311004784688995	0.39640819654913007	0.0	0.8932273829432321	67	0.6716417910447762	0.5825026367555137	0.0	0.7976538428785221	75	0.4266666666666667	0.0	0.0	0.9972859983389268	0.5825026367555137	True
Valdeolivas	A595688	SN123_A595688_Rep1	DES	209	0.2727272727272727	0.0	0.0	0.3823189071667289	67	0.26865671641791045	0.0	0.0	0.346607482224024	75	0.30666666666666664	0.0	0.0	0.8077608945960356	0.0	True
Valdeolivas	A595688	SN123_A595688_Rep1	MYH11	209	0.69377990430622	0.7880212504576635	0.0	1.3193135012591803	67	0.7611940298507462	0.6977284557208971	0.26368602363370564	1.1248060481867281	75	0.64	1.1147351145429027	0.0	1.4701959486691347	-0.4170066588220056	True
Valdeolivas	A798015	SN123_A798015_Rep1	CNN1	883	0.7463193657984145	1.4832293623579327	0.0	2.122776081645986	0					0						False
Valdeolivas	A798015	SN123_A798015_Rep1	DES	883	0.7995469988674971	1.7552145986499816	1.002027310093517	2.3790200045268763	0					0						False
Valdeolivas	A798015	SN123_A798015_Rep1	MYH11	883	0.7995469988674971	1.605927177159815	0.8703300716530409	2.1608751535393322	0					0						False
Valdeolivas	A938797	SN123_A938797_Rep1_X	CNN1	1414	0.43988684582743987	0.0	0.0	0.9791137548674038	116	0.6982758620689655	0.5748443764225575	0.0	0.9037037581083015	409	0.5403422982885085	0.5692102793291836	0.0	1.2018885120267286	0.005634097093373924	True
Valdeolivas	A938797	SN123_A938797_Rep1_X	DES	1414	0.12588401697312587	0.0	0.0	0.0	116	0.13793103448275862	0.0	0.0	0.0	409	0.1491442542787286	0.0	0.0	0.0	0.0	True
Valdeolivas	A938797	SN123_A938797_Rep1_X	MYH11	1414	0.38896746817538896	0.0	0.0	0.8500827497616442	116	0.6120689655172413	0.5281367409900299	0.0	0.9450852988388171	409	0.4400977995110024	0.0	0.0	0.9135693976389069	0.5281367409900299	True
Valdeolivas	A551763	SN124_A551763_Rep2	CNN1	50	0.06	0.0	0.0	0.0	33	0.06060606060606061	0.0	0.0	0.0	0						False
Valdeolivas	A551763	SN124_A551763_Rep2	DES	50	0.02	0.0	0.0	0.0	33	0.030303030303030304	0.0	0.0	0.0	0						False
Valdeolivas	A551763	SN124_A551763_Rep2	MYH11	50	0.12	0.0	0.0	0.0	33	0.06060606060606061	0.0	0.0	0.0	0						False
Valdeolivas	A595688	SN124_A595688_Rep2	CNN1	74	0.581081081081081	0.7659460308411803	0.0	1.317005273070108	26	0.5384615384615384	0.5827473824881361	0.0	0.9857544749099832	26	0.6153846153846154	1.2259291728242645	0.0	1.4996689030220753	-0.6431817903361284	True
Valdeolivas	A595688	SN124_A595688_Rep2	DES	74	0.24324324324324326	0.0	0.0	0.0	26	0.19230769230769232	0.0	0.0	0.0	26	0.3076923076923077	0.0	0.0	0.9332204740546263	0.0	True
Valdeolivas	A595688	SN124_A595688_Rep2	MYH11	74	0.6216216216216216	0.7243833509679116	0.0	1.4799895940049508	26	0.5384615384615384	0.4587823077904599	0.0	0.7745669745726561	26	0.6538461538461539	1.2095963569178	0.0	1.9143316373640524	-0.7508140491273402	True
Valdeolivas	A798015	SN124_A798015_Rep2	CNN1	689	0.6531204644412192	1.2841641639873638	0.0	1.9710988609273685	0					0						False
Valdeolivas	A798015	SN124_A798015_Rep2	DES	689	0.7518142235123367	1.662464252791253	0.3128547773437428	2.287426532563204	0					0						False
Valdeolivas	A798015	SN124_A798015_Rep2	MYH11	689	0.7285921625544267	1.5104087580598349	0.0	2.028235094311316	0					0						False
Valdeolivas	A938797	SN124_A938797_Rep2	CNN1	959	0.6986444212721585	0.5820144399495044	0.0	0.9562515075341222	181	0.7734806629834254	0.5269141599378311	0.28047678070800813	0.8182209220566481	336	0.7619047619047619	0.7001929754495693	0.33407312827316094	1.0823828076005668	-0.17327881551173818	True
Valdeolivas	A938797	SN124_A938797_Rep2	DES	959	0.27007299270072993	0.0	0.0	0.33343166128499535	181	0.24861878453038674	0.0	0.0	0.0	336	0.3125	0.0	0.0	0.42727436468477825	0.0	True
Valdeolivas	A938797	SN124_A938797_Rep2	MYH11	959	0.6715328467153284	0.5709799816143268	0.0	0.9407571456890949	181	0.7458563535911602	0.5356106815534897	0.0	0.786585678787135	336	0.7291666666666666	0.658555151413303	0.0	1.0856654916379866	-0.12294446985981333	True
Valdeolivas	A120838	SN84_A120838_Rep1	CNN1	156	0.33974358974358976	0.0	0.0	0.580663912247146	16	0.3125	0.0	0.0	0.43608039280920896	85	0.36470588235294116	0.0	0.0	0.6543402768237773	0.0	False
Valdeolivas	A120838	SN84_A120838_Rep1	DES	156	0.11538461538461539	0.0	0.0	0.0	16	0.125	0.0	0.0	0.0	85	0.10588235294117647	0.0	0.0	0.0	0.0	False
Valdeolivas	A120838	SN84_A120838_Rep1	MYH11	156	0.25	0.0	0.0	0.10002208831580134	16	0.25	0.0	0.0	0.10002208831580134	85	0.23529411764705882	0.0	0.0	0.0	0.0	False
Valdeolivas	A120838	SN84_A120838_Rep2	CNN1	408	0.32598039215686275	0.0	0.0	0.7538375326227522	89	0.3595505617977528	0.0	0.0	0.6206125544040801	169	0.33136094674556216	0.0	0.0	0.8331522414113268	0.0	True
Valdeolivas	A120838	SN84_A120838_Rep2	DES	408	0.18137254901960784	0.0	0.0	0.0	89	0.2808988764044944	0.0	0.0	0.48768115222432307	169	0.15976331360946747	0.0	0.0	0.0	0.0	True
Valdeolivas	A120838	SN84_A120838_Rep2	MYH11	408	0.3627450980392157	0.0	0.0	0.924553168097839	89	0.34831460674157305	0.0	0.0	0.6287749548421938	169	0.35502958579881655	0.0	0.0	1.024962414317116	0.0	True
