dataset_id	patient_id	resource	sample_id	section_id	graph_id	setting_id	full_band_status	n_full_band_near	n_full_band_far	n_near_blocks	n_far_blocks	full_band_contrast	full_band_contrast_low	full_band_contrast_high	primary_scale_mad	full_band_classification	full_band_bootstrap_used	full_band_supported
VALDEOLIVAS	A121573	Valdeolivas	SN048_A121573_Rep1	S5_Rec	historical_raw_6nn	baseline	evaluable	140	49	19	9	0.09243128329205413	-0.043687495212750824	0.20169735194795999	0.23383701382717587	no_supported_difference	1000	False
VALDEOLIVAS	A121573	Valdeolivas	SN048_A121573_Rep1	S5_Rec	historical_raw_6nn	grid4	evaluable	140	49	11	9	0.09243128329205413	-0.031139394384520163	0.18840491316393007	0.23383701382717587	no_supported_difference	1000	False
VALDEOLIVAS	A121573	Valdeolivas	SN048_A121573_Rep1	S5_Rec	historical_raw_6nn	grid8	evaluable	140	49	30	15	0.09243128329205413	-0.03892723327743773	0.2025028259183822	0.23383701382717587	no_supported_difference	1000	False
VALDEOLIVAS	A121573	Valdeolivas	SN048_A121573_Rep1	S5_Rec	historical_raw_6nn	near150	evaluable	140	49	19	9	0.09243128329205413	-0.04845606410986569	0.19376014499980992	0.23383701382717587	no_supported_difference	1000	False
VALDEOLIVAS	A121573	Valdeolivas	SN048_A121573_Rep1	S5_Rec	historical_raw_6nn	far500	evaluable	140	58	19	9	0.08877466306615561	-0.04856182826388159	0.1965959854835606	0.23383701382717587	no_supported_difference	1000	False
VALDEOLIVAS	A121573	Valdeolivas	SN048_A121573_Rep1	S5_Rec	nominal_honeycomb_exact	baseline	evaluable	140	49	19	9	0.09243128329205413	-0.03785853274733509	0.19743366661206677	0.23383701382717587	no_supported_difference	1000	False
VALDEOLIVAS	A121573	Valdeolivas	SN048_A121573_Rep1	S5_Rec	nominal_honeycomb_exact	grid4	evaluable	140	49	11	9	0.09243128329205413	-0.029885980361226007	0.20020395098618027	0.23383701382717587	no_supported_difference	1000	False
VALDEOLIVAS	A121573	Valdeolivas	SN048_A121573_Rep1	S5_Rec	nominal_honeycomb_exact	grid8	evaluable	140	49	30	15	0.09243128329205413	-0.0508523486571331	0.2025438071088166	0.23383701382717587	no_supported_difference	1000	False
VALDEOLIVAS	A121573	Valdeolivas	SN048_A121573_Rep1	S5_Rec	nominal_honeycomb_exact	near150	evaluable	140	49	19	9	0.09243128329205413	-0.04386376953715324	0.19596566621222733	0.23383701382717587	no_supported_difference	1000	False
VALDEOLIVAS	A121573	Valdeolivas	SN048_A121573_Rep1	S5_Rec	nominal_honeycomb_exact	far500	evaluable	140	58	19	9	0.08877466306615561	-0.03700191774783889	0.18662556405864664	0.23383701382717587	no_supported_difference	1000	False
VALDEOLIVAS	A121573	Valdeolivas	SN048_A121573_Rep2	S5_Rec	historical_raw_6nn	baseline	evaluable	169	111	25	15	-0.10782903817559208	-0.309839868381325	0.10143260905009897	0.24390592408620415	no_supported_difference	1000	False
VALDEOLIVAS	A121573	Valdeolivas	SN048_A121573_Rep2	S5_Rec	historical_raw_6nn	grid4	evaluable	169	111	11	11	-0.10782903817559208	-0.279720499786895	0.10195907247358593	0.24390592408620415	no_supported_difference	1000	False
VALDEOLIVAS	A121573	Valdeolivas	SN048_A121573_Rep2	S5_Rec	historical_raw_6nn	grid8	evaluable	169	111	32	18	-0.10782903817559208	-0.29000027447811727	0.07406298878935445	0.24390592408620415	no_supported_difference	1000	False
VALDEOLIVAS	A121573	Valdeolivas	SN048_A121573_Rep2	S5_Rec	historical_raw_6nn	near150	evaluable	169	111	25	15	-0.10782903817559208	-0.2871174231076311	0.11000617531265194	0.24390592408620415	no_supported_difference	1000	False
VALDEOLIVAS	A121573	Valdeolivas	SN048_A121573_Rep2	S5_Rec	historical_raw_6nn	far500	evaluable	169	134	25	15	-0.09392026372852358	-0.2537302720068723	0.13762940995909695	0.24390592408620415	no_supported_difference	1000	False
VALDEOLIVAS	A121573	Valdeolivas	SN048_A121573_Rep2	S5_Rec	nominal_honeycomb_exact	baseline	evaluable	169	111	25	15	-0.10782903817559208	-0.3141767684311154	0.10201858097221653	0.24390592408620415	no_supported_difference	1000	False
VALDEOLIVAS	A121573	Valdeolivas	SN048_A121573_Rep2	S5_Rec	nominal_honeycomb_exact	grid4	evaluable	169	111	11	11	-0.10782903817559208	-0.2828118737542839	0.11123741776804648	0.24390592408620415	no_supported_difference	1000	False
VALDEOLIVAS	A121573	Valdeolivas	SN048_A121573_Rep2	S5_Rec	nominal_honeycomb_exact	grid8	evaluable	169	111	32	18	-0.10782903817559208	-0.28301417361165215	0.059379269303071136	0.24390592408620415	no_supported_difference	1000	False
VALDEOLIVAS	A121573	Valdeolivas	SN048_A121573_Rep2	S5_Rec	nominal_honeycomb_exact	near150	evaluable	169	111	25	15	-0.10782903817559208	-0.2984419562862476	0.1071322905390922	0.24390592408620415	no_supported_difference	1000	False
VALDEOLIVAS	A121573	Valdeolivas	SN048_A121573_Rep2	S5_Rec	nominal_honeycomb_exact	far500	evaluable	169	134	25	15	-0.09392026372852358	-0.2674979727059744	0.13448665712918573	0.24390592408620415	no_supported_difference	1000	False
VALDEOLIVAS	A416371	Valdeolivas	SN048_A416371_Rep1	S3_Col_R	historical_raw_6nn	baseline	evaluable	155	298	28	27	-0.004943783959300396	-0.0831771653439997	0.08584810884171239	0.22456801521535302	no_supported_difference	1000	False
VALDEOLIVAS	A416371	Valdeolivas	SN048_A416371_Rep1	S3_Col_R	historical_raw_6nn	grid4	evaluable	155	298	14	15	-0.004943783959300396	-0.0857733238800338	0.08397005486903324	0.22456801521535302	no_supported_difference	1000	False
VALDEOLIVAS	A416371	Valdeolivas	SN048_A416371_Rep1	S3_Col_R	historical_raw_6nn	grid8	evaluable	155	298	35	35	-0.004943783959300396	-0.07854705620416842	0.09079822228452397	0.22456801521535302	no_supported_difference	1000	False
VALDEOLIVAS	A416371	Valdeolivas	SN048_A416371_Rep1	S3_Col_R	historical_raw_6nn	near150	evaluable	155	298	28	27	-0.004943783959300396	-0.08637097672864151	0.08233759345066471	0.22456801521535302	no_supported_difference	1000	False
VALDEOLIVAS	A416371	Valdeolivas	SN048_A416371_Rep1	S3_Col_R	historical_raw_6nn	far500	evaluable	155	334	28	27	0.0012879666642352516	-0.07974076996331719	0.09018269960349394	0.22456801521535302	no_supported_difference	1000	False
VALDEOLIVAS	A416371	Valdeolivas	SN048_A416371_Rep1	S3_Col_R	nominal_honeycomb_exact	baseline	evaluable	155	299	28	27	-0.003549968420714089	-0.07970120079002807	0.08123512015483436	0.22456801521535302	no_supported_difference	1000	False
VALDEOLIVAS	A416371	Valdeolivas	SN048_A416371_Rep1	S3_Col_R	nominal_honeycomb_exact	grid4	evaluable	155	299	14	15	-0.003549968420714089	-0.07548973855368563	0.08679999339222434	0.22456801521535302	no_supported_difference	1000	False
VALDEOLIVAS	A416371	Valdeolivas	SN048_A416371_Rep1	S3_Col_R	nominal_honeycomb_exact	grid8	evaluable	155	299	35	36	-0.003549968420714089	-0.07767958458167556	0.08553515461770618	0.22456801521535302	no_supported_difference	1000	False
VALDEOLIVAS	A416371	Valdeolivas	SN048_A416371_Rep1	S3_Col_R	nominal_honeycomb_exact	near150	evaluable	155	299	28	27	-0.003549968420714089	-0.08662296225180548	0.08386083854758877	0.22456801521535302	no_supported_difference	1000	False
VALDEOLIVAS	A416371	Valdeolivas	SN048_A416371_Rep1	S3_Col_R	nominal_honeycomb_exact	far500	evaluable	155	335	28	27	0.0011038093280091865	-0.07493839038435274	0.09172863391625542	0.22456801521535302	no_supported_difference	1000	False
VALDEOLIVAS	A416371	Valdeolivas	SN048_A416371_Rep2	S3_Col_R	historical_raw_6nn	baseline	evaluable	111	222	29	21	0.011519528950140745	-0.1068674453163271	0.12380845561264844	0.22871910788601424	no_supported_difference	1000	False
VALDEOLIVAS	A416371	Valdeolivas	SN048_A416371_Rep2	S3_Col_R	historical_raw_6nn	grid4	evaluable	111	222	14	11	0.011519528950140745	-0.07591427450773297	0.13107961620474787	0.22871910788601424	no_supported_difference	1000	False
VALDEOLIVAS	A416371	Valdeolivas	SN048_A416371_Rep2	S3_Col_R	historical_raw_6nn	grid8	evaluable	111	222	37	25	0.011519528950140745	-0.0846540183779355	0.13247052603318132	0.22871910788601424	no_supported_difference	1000	False
VALDEOLIVAS	A416371	Valdeolivas	SN048_A416371_Rep2	S3_Col_R	historical_raw_6nn	near150	evaluable	111	222	29	21	0.011519528950140745	-0.11723207981728137	0.12793472903207675	0.22871910788601424	no_supported_difference	1000	False
VALDEOLIVAS	A416371	Valdeolivas	SN048_A416371_Rep2	S3_Col_R	historical_raw_6nn	far500	evaluable	111	255	29	21	0.021921847076004697	-0.07831283896581091	0.13033523744924636	0.22871910788601424	no_supported_difference	1000	False
VALDEOLIVAS	A416371	Valdeolivas	SN048_A416371_Rep2	S3_Col_R	nominal_honeycomb_exact	baseline	evaluable	111	221	29	21	0.012677892030350024	-0.11701203571142714	0.13315090512974384	0.22871910788601424	no_supported_difference	1000	False
VALDEOLIVAS	A416371	Valdeolivas	SN048_A416371_Rep2	S3_Col_R	nominal_honeycomb_exact	grid4	evaluable	111	221	14	11	0.012677892030350024	-0.07710451559107723	0.12718844534648335	0.22871910788601424	no_supported_difference	1000	False
VALDEOLIVAS	A416371	Valdeolivas	SN048_A416371_Rep2	S3_Col_R	nominal_honeycomb_exact	grid8	evaluable	111	221	37	25	0.012677892030350024	-0.08392761598937185	0.12849521012658072	0.22871910788601424	no_supported_difference	1000	False
VALDEOLIVAS	A416371	Valdeolivas	SN048_A416371_Rep2	S3_Col_R	nominal_honeycomb_exact	near150	evaluable	111	221	29	21	0.012677892030350024	-0.11580486122743432	0.13557811275063383	0.22871910788601424	no_supported_difference	1000	False
VALDEOLIVAS	A416371	Valdeolivas	SN048_A416371_Rep2	S3_Col_R	nominal_honeycomb_exact	far500	evaluable	111	254	29	21	0.025390198165882505	-0.0863873092828712	0.13230415970970347	0.22871910788601424	no_supported_difference	1000	False
VALDEOLIVAS	A551763	Valdeolivas	SN123_A551763_Rep1	S1_Cec	historical_raw_6nn	baseline	not_evaluable	52	2	19	2	-0.4509950860396974	NA	NA	0.35608857166648644	uncertain	0	False
VALDEOLIVAS	A551763	Valdeolivas	SN123_A551763_Rep1	S1_Cec	historical_raw_6nn	grid4	not_evaluable	52	2	12	1	-0.4509950860396974	NA	NA	0.35608857166648644	uncertain	0	False
VALDEOLIVAS	A551763	Valdeolivas	SN123_A551763_Rep1	S1_Cec	historical_raw_6nn	grid8	not_evaluable	52	2	24	1	-0.4509950860396974	NA	NA	0.35608857166648644	uncertain	0	False
VALDEOLIVAS	A551763	Valdeolivas	SN123_A551763_Rep1	S1_Cec	historical_raw_6nn	near150	not_evaluable	52	2	19	2	-0.4509950860396974	NA	NA	0.35608857166648644	uncertain	0	False
VALDEOLIVAS	A551763	Valdeolivas	SN123_A551763_Rep1	S1_Cec	historical_raw_6nn	far500	not_evaluable	52	2	19	2	-0.4509950860396974	NA	NA	0.35608857166648644	uncertain	0	False
VALDEOLIVAS	A551763	Valdeolivas	SN123_A551763_Rep1	S1_Cec	nominal_honeycomb_exact	baseline	not_evaluable	52	2	19	2	-0.4509950860396974	NA	NA	0.35608857166648644	uncertain	0	False
VALDEOLIVAS	A551763	Valdeolivas	SN123_A551763_Rep1	S1_Cec	nominal_honeycomb_exact	grid4	not_evaluable	52	2	12	1	-0.4509950860396974	NA	NA	0.35608857166648644	uncertain	0	False
VALDEOLIVAS	A551763	Valdeolivas	SN123_A551763_Rep1	S1_Cec	nominal_honeycomb_exact	grid8	not_evaluable	52	2	24	1	-0.4509950860396974	NA	NA	0.35608857166648644	uncertain	0	False
VALDEOLIVAS	A551763	Valdeolivas	SN123_A551763_Rep1	S1_Cec	nominal_honeycomb_exact	near150	not_evaluable	52	2	19	2	-0.4509950860396974	NA	NA	0.35608857166648644	uncertain	0	False
VALDEOLIVAS	A551763	Valdeolivas	SN123_A551763_Rep1	S1_Cec	nominal_honeycomb_exact	far500	not_evaluable	52	2	19	2	-0.4509950860396974	NA	NA	0.35608857166648644	uncertain	0	False
VALDEOLIVAS	A595688	Valdeolivas	SN123_A595688_Rep1	S2_Col_R	historical_raw_6nn	baseline	evaluable	67	75	15	16	0.08856802678396214	-0.14170576448318992	0.24887661776139303	0.22833920064324786	no_supported_difference	1000	False
VALDEOLIVAS	A595688	Valdeolivas	SN123_A595688_Rep1	S2_Col_R	historical_raw_6nn	grid4	evaluable	67	75	10	9	0.08856802678396214	-0.20354125652760952	0.27914920462911513	0.22833920064324786	no_supported_difference	1000	False
VALDEOLIVAS	A595688	Valdeolivas	SN123_A595688_Rep1	S2_Col_R	historical_raw_6nn	grid8	evaluable	67	75	23	19	0.08856802678396214	-0.18045812735118696	0.24395717016799615	0.22833920064324786	no_supported_difference	1000	False
VALDEOLIVAS	A595688	Valdeolivas	SN123_A595688_Rep1	S2_Col_R	historical_raw_6nn	near150	evaluable	67	75	15	16	0.08856802678396214	-0.1336210755885125	0.24919527334539163	0.22833920064324786	no_supported_difference	1000	False
VALDEOLIVAS	A595688	Valdeolivas	SN123_A595688_Rep1	S2_Col_R	historical_raw_6nn	far500	evaluable	67	88	15	17	0.09528796790531313	-0.15175095412418751	0.2259222893868908	0.22833920064324786	no_supported_difference	1000	False
VALDEOLIVAS	A595688	Valdeolivas	SN123_A595688_Rep1	S2_Col_R	nominal_honeycomb_exact	baseline	evaluable	67	74	15	16	0.09528796790531313	-0.1191681318058868	0.25683151994152487	0.22833920064324786	no_supported_difference	1000	False
VALDEOLIVAS	A595688	Valdeolivas	SN123_A595688_Rep1	S2_Col_R	nominal_honeycomb_exact	grid4	evaluable	67	74	10	8	0.09528796790531313	-0.16780030805760882	0.274893347583342	0.22833920064324786	no_supported_difference	1000	False
VALDEOLIVAS	A595688	Valdeolivas	SN123_A595688_Rep1	S2_Col_R	nominal_honeycomb_exact	grid8	evaluable	67	74	23	18	0.09528796790531313	-0.16211834714412324	0.2653598478991845	0.22833920064324786	no_supported_difference	1000	False
VALDEOLIVAS	A595688	Valdeolivas	SN123_A595688_Rep1	S2_Col_R	nominal_honeycomb_exact	near150	evaluable	67	74	15	16	0.09528796790531313	-0.12663810096378106	0.2489436779620644	0.22833920064324786	no_supported_difference	1000	False
VALDEOLIVAS	A595688	Valdeolivas	SN123_A595688_Rep1	S2_Col_R	nominal_honeycomb_exact	far500	evaluable	67	87	15	17	0.10200790902666412	-0.13347850882137338	0.23579779515388458	0.22833920064324786	no_supported_difference	1000	False
VALDEOLIVAS	A798015	Valdeolivas	SN123_A798015_Rep1	S7_Rec/Sig	historical_raw_6nn	baseline	not_evaluable	0	0	0	0	NA	NA	NA	0.3085366052359353	uncertain	0	False
VALDEOLIVAS	A798015	Valdeolivas	SN123_A798015_Rep1	S7_Rec/Sig	historical_raw_6nn	grid4	not_evaluable	0	0	0	0	NA	NA	NA	0.3085366052359353	uncertain	0	False
VALDEOLIVAS	A798015	Valdeolivas	SN123_A798015_Rep1	S7_Rec/Sig	historical_raw_6nn	grid8	not_evaluable	0	0	0	0	NA	NA	NA	0.3085366052359353	uncertain	0	False
VALDEOLIVAS	A798015	Valdeolivas	SN123_A798015_Rep1	S7_Rec/Sig	historical_raw_6nn	near150	not_evaluable	0	0	0	0	NA	NA	NA	0.3085366052359353	uncertain	0	False
VALDEOLIVAS	A798015	Valdeolivas	SN123_A798015_Rep1	S7_Rec/Sig	historical_raw_6nn	far500	not_evaluable	0	0	0	0	NA	NA	NA	0.3085366052359353	uncertain	0	False
VALDEOLIVAS	A798015	Valdeolivas	SN123_A798015_Rep1	S7_Rec/Sig	nominal_honeycomb_exact	baseline	not_evaluable	0	0	0	0	NA	NA	NA	0.3085366052359353	uncertain	0	False
VALDEOLIVAS	A798015	Valdeolivas	SN123_A798015_Rep1	S7_Rec/Sig	nominal_honeycomb_exact	grid4	not_evaluable	0	0	0	0	NA	NA	NA	0.3085366052359353	uncertain	0	False
VALDEOLIVAS	A798015	Valdeolivas	SN123_A798015_Rep1	S7_Rec/Sig	nominal_honeycomb_exact	grid8	not_evaluable	0	0	0	0	NA	NA	NA	0.3085366052359353	uncertain	0	False
VALDEOLIVAS	A798015	Valdeolivas	SN123_A798015_Rep1	S7_Rec/Sig	nominal_honeycomb_exact	near150	not_evaluable	0	0	0	0	NA	NA	NA	0.3085366052359353	uncertain	0	False
VALDEOLIVAS	A798015	Valdeolivas	SN123_A798015_Rep1	S7_Rec/Sig	nominal_honeycomb_exact	far500	not_evaluable	0	0	0	0	NA	NA	NA	0.3085366052359353	uncertain	0	False
VALDEOLIVAS	A938797	Valdeolivas	SN123_A938797_Rep1_X	S6_Rec	historical_raw_6nn	baseline	evaluable	116	409	14	22	-0.09076272166082511	-0.30977122368800636	0.04211763329041908	0.2987825938539158	no_supported_difference	1000	False
VALDEOLIVAS	A938797	Valdeolivas	SN123_A938797_Rep1_X	S6_Rec	historical_raw_6nn	grid4	evaluable	116	409	9	11	-0.09076272166082511	-0.3034465095778956	0.047377999082833314	0.2987825938539158	no_supported_difference	1000	False
VALDEOLIVAS	A938797	Valdeolivas	SN123_A938797_Rep1_X	S6_Rec	historical_raw_6nn	grid8	evaluable	116	409	24	35	-0.09076272166082511	-0.2823838857857216	0.029209261172990404	0.2987825938539158	no_supported_difference	1000	False
VALDEOLIVAS	A938797	Valdeolivas	SN123_A938797_Rep1_X	S6_Rec	historical_raw_6nn	near150	evaluable	116	409	14	22	-0.09076272166082511	-0.3097277861766294	0.044106633569697004	0.2987825938539158	no_supported_difference	1000	False
VALDEOLIVAS	A938797	Valdeolivas	SN123_A938797_Rep1_X	S6_Rec	historical_raw_6nn	far500	evaluable	116	535	14	23	-0.09076272166082511	-0.31093877386551055	0.039836711998180535	0.2987825938539158	no_supported_difference	1000	False
VALDEOLIVAS	A938797	Valdeolivas	SN123_A938797_Rep1_X	S6_Rec	nominal_honeycomb_exact	baseline	evaluable	116	409	14	22	-0.09076272166082511	-0.31242881565369984	0.031856420375783304	0.2987825938539158	no_supported_difference	1000	False
VALDEOLIVAS	A938797	Valdeolivas	SN123_A938797_Rep1_X	S6_Rec	nominal_honeycomb_exact	grid4	evaluable	116	409	9	11	-0.09076272166082511	-0.3034488604281151	0.047918167885921764	0.2987825938539158	no_supported_difference	1000	False
VALDEOLIVAS	A938797	Valdeolivas	SN123_A938797_Rep1_X	S6_Rec	nominal_honeycomb_exact	grid8	evaluable	116	409	24	35	-0.09076272166082511	-0.2886325546198277	0.03436494939761792	0.2987825938539158	no_supported_difference	1000	False
VALDEOLIVAS	A938797	Valdeolivas	SN123_A938797_Rep1_X	S6_Rec	nominal_honeycomb_exact	near150	evaluable	116	409	14	22	-0.09076272166082511	-0.302751002464437	0.04431342953152685	0.2987825938539158	no_supported_difference	1000	False
VALDEOLIVAS	A938797	Valdeolivas	SN123_A938797_Rep1_X	S6_Rec	nominal_honeycomb_exact	far500	evaluable	116	535	14	23	-0.09076272166082511	-0.30730478895251956	0.04808227526409481	0.2987825938539158	no_supported_difference	1000	False
VALDEOLIVAS	A551763	Valdeolivas	SN124_A551763_Rep2	S1_Cec	historical_raw_6nn	baseline	not_evaluable	33	0	11	0	NA	NA	NA	0.3003324413392738	uncertain	0	False
VALDEOLIVAS	A551763	Valdeolivas	SN124_A551763_Rep2	S1_Cec	historical_raw_6nn	grid4	not_evaluable	33	0	7	0	NA	NA	NA	0.3003324413392738	uncertain	0	False
VALDEOLIVAS	A551763	Valdeolivas	SN124_A551763_Rep2	S1_Cec	historical_raw_6nn	grid8	not_evaluable	33	0	15	0	NA	NA	NA	0.3003324413392738	uncertain	0	False
VALDEOLIVAS	A551763	Valdeolivas	SN124_A551763_Rep2	S1_Cec	historical_raw_6nn	near150	not_evaluable	33	0	11	0	NA	NA	NA	0.3003324413392738	uncertain	0	False
VALDEOLIVAS	A551763	Valdeolivas	SN124_A551763_Rep2	S1_Cec	historical_raw_6nn	far500	not_evaluable	33	0	11	0	NA	NA	NA	0.3003324413392738	uncertain	0	False
VALDEOLIVAS	A551763	Valdeolivas	SN124_A551763_Rep2	S1_Cec	nominal_honeycomb_exact	baseline	not_evaluable	33	1	11	1	0.5617743559051368	NA	NA	0.3003324413392738	uncertain	0	False
VALDEOLIVAS	A551763	Valdeolivas	SN124_A551763_Rep2	S1_Cec	nominal_honeycomb_exact	grid4	not_evaluable	33	1	7	1	0.5617743559051368	NA	NA	0.3003324413392738	uncertain	0	False
VALDEOLIVAS	A551763	Valdeolivas	SN124_A551763_Rep2	S1_Cec	nominal_honeycomb_exact	grid8	not_evaluable	33	1	15	1	0.5617743559051368	NA	NA	0.3003324413392738	uncertain	0	False
VALDEOLIVAS	A551763	Valdeolivas	SN124_A551763_Rep2	S1_Cec	nominal_honeycomb_exact	near150	not_evaluable	33	1	11	1	0.5617743559051368	NA	NA	0.3003324413392738	uncertain	0	False
VALDEOLIVAS	A551763	Valdeolivas	SN124_A551763_Rep2	S1_Cec	nominal_honeycomb_exact	far500	not_evaluable	33	1	11	1	0.5617743559051368	NA	NA	0.3003324413392738	uncertain	0	False
VALDEOLIVAS	A595688	Valdeolivas	SN124_A595688_Rep2	S2_Col_R	historical_raw_6nn	baseline	evaluable	26	26	8	5	-0.09744883780953195	-0.434045286421322	0.21074560223971714	0.24339089917042234	no_supported_difference	1000	False
VALDEOLIVAS	A595688	Valdeolivas	SN124_A595688_Rep2	S2_Col_R	historical_raw_6nn	grid4	evaluable	26	26	7	4	-0.09744883780953195	-0.525442675206361	0.23830915567497565	0.24339089917042234	no_supported_difference	1000	False
VALDEOLIVAS	A595688	Valdeolivas	SN124_A595688_Rep2	S2_Col_R	historical_raw_6nn	grid8	evaluable	26	26	11	8	-0.09744883780953195	-0.4851599518824626	0.23631899388351552	0.24339089917042234	no_supported_difference	1000	False
VALDEOLIVAS	A595688	Valdeolivas	SN124_A595688_Rep2	S2_Col_R	historical_raw_6nn	near150	evaluable	26	26	8	5	-0.09744883780953195	-0.43997032803492464	0.21215912655067548	0.24339089917042234	no_supported_difference	1000	False
VALDEOLIVAS	A595688	Valdeolivas	SN124_A595688_Rep2	S2_Col_R	historical_raw_6nn	far500	evaluable	26	32	8	5	-0.09416657148148566	-0.3367181839696134	0.2197006710472115	0.24339089917042234	no_supported_difference	1000	False
VALDEOLIVAS	A595688	Valdeolivas	SN124_A595688_Rep2	S2_Col_R	nominal_honeycomb_exact	baseline	evaluable	26	26	8	5	-0.09744883780953195	-0.39557872503815616	0.21215912655067548	0.24339089917042234	no_supported_difference	1000	False
VALDEOLIVAS	A595688	Valdeolivas	SN124_A595688_Rep2	S2_Col_R	nominal_honeycomb_exact	grid4	evaluable	26	26	7	4	-0.09744883780953195	-0.4684552366279464	0.2591755151770485	0.24339089917042234	no_supported_difference	1000	False
VALDEOLIVAS	A595688	Valdeolivas	SN124_A595688_Rep2	S2_Col_R	nominal_honeycomb_exact	grid8	evaluable	26	26	11	8	-0.09744883780953195	-0.46713833722967246	0.23482716395047332	0.24339089917042234	no_supported_difference	1000	False
VALDEOLIVAS	A595688	Valdeolivas	SN124_A595688_Rep2	S2_Col_R	nominal_honeycomb_exact	near150	evaluable	26	26	8	5	-0.09744883780953195	-0.4147094210282528	0.21365095648371768	0.24339089917042234	no_supported_difference	1000	False
VALDEOLIVAS	A595688	Valdeolivas	SN124_A595688_Rep2	S2_Col_R	nominal_honeycomb_exact	far500	evaluable	26	32	8	5	-0.09416657148148566	-0.33673874269141885	0.21520470576785494	0.24339089917042234	no_supported_difference	1000	False
VALDEOLIVAS	A798015	Valdeolivas	SN124_A798015_Rep2	S7_Rec/Sig	historical_raw_6nn	baseline	not_evaluable	0	0	0	0	NA	NA	NA	0.32781558919511866	uncertain	0	False
VALDEOLIVAS	A798015	Valdeolivas	SN124_A798015_Rep2	S7_Rec/Sig	historical_raw_6nn	grid4	not_evaluable	0	0	0	0	NA	NA	NA	0.32781558919511866	uncertain	0	False
VALDEOLIVAS	A798015	Valdeolivas	SN124_A798015_Rep2	S7_Rec/Sig	historical_raw_6nn	grid8	not_evaluable	0	0	0	0	NA	NA	NA	0.32781558919511866	uncertain	0	False
VALDEOLIVAS	A798015	Valdeolivas	SN124_A798015_Rep2	S7_Rec/Sig	historical_raw_6nn	near150	not_evaluable	0	0	0	0	NA	NA	NA	0.32781558919511866	uncertain	0	False
VALDEOLIVAS	A798015	Valdeolivas	SN124_A798015_Rep2	S7_Rec/Sig	historical_raw_6nn	far500	not_evaluable	0	0	0	0	NA	NA	NA	0.32781558919511866	uncertain	0	False
VALDEOLIVAS	A798015	Valdeolivas	SN124_A798015_Rep2	S7_Rec/Sig	nominal_honeycomb_exact	baseline	not_evaluable	0	0	0	0	NA	NA	NA	0.32781558919511866	uncertain	0	False
VALDEOLIVAS	A798015	Valdeolivas	SN124_A798015_Rep2	S7_Rec/Sig	nominal_honeycomb_exact	grid4	not_evaluable	0	0	0	0	NA	NA	NA	0.32781558919511866	uncertain	0	False
VALDEOLIVAS	A798015	Valdeolivas	SN124_A798015_Rep2	S7_Rec/Sig	nominal_honeycomb_exact	grid8	not_evaluable	0	0	0	0	NA	NA	NA	0.32781558919511866	uncertain	0	False
VALDEOLIVAS	A798015	Valdeolivas	SN124_A798015_Rep2	S7_Rec/Sig	nominal_honeycomb_exact	near150	not_evaluable	0	0	0	0	NA	NA	NA	0.32781558919511866	uncertain	0	False
VALDEOLIVAS	A798015	Valdeolivas	SN124_A798015_Rep2	S7_Rec/Sig	nominal_honeycomb_exact	far500	not_evaluable	0	0	0	0	NA	NA	NA	0.32781558919511866	uncertain	0	False
VALDEOLIVAS	A938797	Valdeolivas	SN124_A938797_Rep2	S6_Rec	historical_raw_6nn	baseline	evaluable	181	336	21	25	-0.1712400744863125	-0.2869824477403171	-0.041581129854866464	0.20480720942550623	near_depletion	1000	True
VALDEOLIVAS	A938797	Valdeolivas	SN124_A938797_Rep2	S6_Rec	historical_raw_6nn	grid4	evaluable	181	336	13	14	-0.1712400744863125	-0.32262849687689515	-0.07150699827858287	0.20480720942550623	near_depletion	1000	True
VALDEOLIVAS	A938797	Valdeolivas	SN124_A938797_Rep2	S6_Rec	historical_raw_6nn	grid8	evaluable	181	336	30	37	-0.1712400744863125	-0.2771985336700316	-0.05456747776303462	0.20480720942550623	near_depletion	1000	True
VALDEOLIVAS	A938797	Valdeolivas	SN124_A938797_Rep2	S6_Rec	historical_raw_6nn	near150	evaluable	181	336	21	25	-0.1712400744863125	-0.27910017806278503	-0.05352686267250473	0.20480720942550623	near_depletion	1000	True
VALDEOLIVAS	A938797	Valdeolivas	SN124_A938797_Rep2	S6_Rec	historical_raw_6nn	far500	evaluable	181	419	21	25	-0.1676584849795173	-0.2715506687757555	-0.05709188071410112	0.20480720942550623	near_depletion	1000	True
VALDEOLIVAS	A938797	Valdeolivas	SN124_A938797_Rep2	S6_Rec	nominal_honeycomb_exact	baseline	evaluable	181	336	21	25	-0.1712400744863125	-0.2930488487812174	-0.05064170468975659	0.20480720942550623	near_depletion	1000	True
VALDEOLIVAS	A938797	Valdeolivas	SN124_A938797_Rep2	S6_Rec	nominal_honeycomb_exact	grid4	evaluable	181	336	13	14	-0.1712400744863125	-0.32376436477853765	-0.07384105633999487	0.20480720942550623	near_depletion	1000	True
VALDEOLIVAS	A938797	Valdeolivas	SN124_A938797_Rep2	S6_Rec	nominal_honeycomb_exact	grid8	evaluable	181	336	30	37	-0.1712400744863125	-0.28794588632917645	-0.06291034671904182	0.20480720942550623	near_depletion	1000	True
VALDEOLIVAS	A938797	Valdeolivas	SN124_A938797_Rep2	S6_Rec	nominal_honeycomb_exact	near150	evaluable	181	336	21	25	-0.1712400744863125	-0.2923418109751289	-0.06309108534620776	0.20480720942550623	near_depletion	1000	True
VALDEOLIVAS	A938797	Valdeolivas	SN124_A938797_Rep2	S6_Rec	nominal_honeycomb_exact	far500	evaluable	181	419	21	25	-0.1676584849795173	-0.2825738021187427	-0.04694595198182961	0.20480720942550623	near_depletion	1000	True
VALDEOLIVAS	A120838	Valdeolivas	SN84_A120838_Rep1	S4_Col_Sig	historical_raw_6nn	baseline	not_evaluable	16	85	10	17	-0.36505938293728724	NA	NA	0.2693716899430536	uncertain	0	False
VALDEOLIVAS	A120838	Valdeolivas	SN84_A120838_Rep1	S4_Col_Sig	historical_raw_6nn	grid4	not_evaluable	16	85	7	7	-0.36505938293728724	NA	NA	0.2693716899430536	uncertain	0	False
VALDEOLIVAS	A120838	Valdeolivas	SN84_A120838_Rep1	S4_Col_Sig	historical_raw_6nn	grid8	not_evaluable	16	85	10	21	-0.36505938293728724	NA	NA	0.2693716899430536	uncertain	0	False
VALDEOLIVAS	A120838	Valdeolivas	SN84_A120838_Rep1	S4_Col_Sig	historical_raw_6nn	near150	not_evaluable	16	85	10	17	-0.36505938293728724	NA	NA	0.2693716899430536	uncertain	0	False
VALDEOLIVAS	A120838	Valdeolivas	SN84_A120838_Rep1	S4_Col_Sig	historical_raw_6nn	far500	not_evaluable	16	103	10	18	-0.3754483196764218	NA	NA	0.2693716899430536	uncertain	0	False
VALDEOLIVAS	A120838	Valdeolivas	SN84_A120838_Rep1	S4_Col_Sig	nominal_honeycomb_exact	baseline	not_evaluable	16	85	10	17	-0.36505938293728724	NA	NA	0.2693716899430536	uncertain	0	False
VALDEOLIVAS	A120838	Valdeolivas	SN84_A120838_Rep1	S4_Col_Sig	nominal_honeycomb_exact	grid4	not_evaluable	16	85	7	7	-0.36505938293728724	NA	NA	0.2693716899430536	uncertain	0	False
VALDEOLIVAS	A120838	Valdeolivas	SN84_A120838_Rep1	S4_Col_Sig	nominal_honeycomb_exact	grid8	not_evaluable	16	85	10	21	-0.36505938293728724	NA	NA	0.2693716899430536	uncertain	0	False
VALDEOLIVAS	A120838	Valdeolivas	SN84_A120838_Rep1	S4_Col_Sig	nominal_honeycomb_exact	near150	not_evaluable	16	85	10	17	-0.36505938293728724	NA	NA	0.2693716899430536	uncertain	0	False
VALDEOLIVAS	A120838	Valdeolivas	SN84_A120838_Rep1	S4_Col_Sig	nominal_honeycomb_exact	far500	not_evaluable	16	103	10	18	-0.3754483196764218	NA	NA	0.2693716899430536	uncertain	0	False
VALDEOLIVAS	A120838	Valdeolivas	SN84_A120838_Rep2	S4_Col_Sig	historical_raw_6nn	baseline	evaluable	89	169	21	17	-0.22387223867117423	-0.641713119955037	0.10416996235750801	0.39966664277170905	no_supported_difference	1000	False
VALDEOLIVAS	A120838	Valdeolivas	SN84_A120838_Rep2	S4_Col_Sig	historical_raw_6nn	grid4	evaluable	89	169	11	11	-0.22387223867117423	-0.6860604056790716	0.2018321292682812	0.39966664277170905	no_supported_difference	1000	False
VALDEOLIVAS	A120838	Valdeolivas	SN84_A120838_Rep2	S4_Col_Sig	historical_raw_6nn	grid8	evaluable	89	169	27	25	-0.22387223867117423	-0.6137508864638042	0.08155720474266968	0.39966664277170905	no_supported_difference	1000	False
VALDEOLIVAS	A120838	Valdeolivas	SN84_A120838_Rep2	S4_Col_Sig	historical_raw_6nn	near150	evaluable	89	169	21	17	-0.22387223867117423	-0.6351522480105904	0.12669458513222281	0.39966664277170905	no_supported_difference	1000	False
VALDEOLIVAS	A120838	Valdeolivas	SN84_A120838_Rep2	S4_Col_Sig	historical_raw_6nn	far500	evaluable	89	208	21	17	-0.2736224019031608	-0.6896309487995596	0.0908689175830248	0.39966664277170905	no_supported_difference	1000	False
VALDEOLIVAS	A120838	Valdeolivas	SN84_A120838_Rep2	S4_Col_Sig	nominal_honeycomb_exact	baseline	evaluable	89	169	21	17	-0.22387223867117423	-0.6417200985580449	0.13338535956023323	0.39966664277170905	no_supported_difference	1000	False
VALDEOLIVAS	A120838	Valdeolivas	SN84_A120838_Rep2	S4_Col_Sig	nominal_honeycomb_exact	grid4	evaluable	89	169	11	11	-0.22387223867117423	-0.6675746778111306	0.20895691485155082	0.39966664277170905	no_supported_difference	1000	False
VALDEOLIVAS	A120838	Valdeolivas	SN84_A120838_Rep2	S4_Col_Sig	nominal_honeycomb_exact	grid8	evaluable	89	169	27	25	-0.22387223867117423	-0.6245092738198721	0.11227497787632035	0.39966664277170905	no_supported_difference	1000	False
VALDEOLIVAS	A120838	Valdeolivas	SN84_A120838_Rep2	S4_Col_Sig	nominal_honeycomb_exact	near150	evaluable	89	169	21	17	-0.22387223867117423	-0.6254372488775745	0.15786063266618416	0.39966664277170905	no_supported_difference	1000	False
VALDEOLIVAS	A120838	Valdeolivas	SN84_A120838_Rep2	S4_Col_Sig	nominal_honeycomb_exact	far500	evaluable	89	208	21	17	-0.2736224019031608	-0.6476085555753665	0.0987575645582131	0.39966664277170905	no_supported_difference	1000	False
GSE294385_CRC_METASTASIS_PATHOLOGY	Patient1	GSE294385	M-ST-13	Primary Colon M-ST-13	historical_raw_6nn	baseline	evaluable	483	244	17	10	-0.3388764160359691	-0.5340148773562654	-0.11961562036737199	0.45664052851335346	near_depletion	1000	True
GSE294385_CRC_METASTASIS_PATHOLOGY	Patient1	GSE294385	M-ST-13	Primary Colon M-ST-13	historical_raw_6nn	grid4	evaluable	483	244	9	7	-0.3388764160359691	-0.5153749934173402	-0.06556656204606304	0.45664052851335346	near_depletion	1000	True
GSE294385_CRC_METASTASIS_PATHOLOGY	Patient1	GSE294385	M-ST-13	Primary Colon M-ST-13	historical_raw_6nn	grid8	evaluable	483	244	29	15	-0.3388764160359691	-0.5194967904519697	-0.13129050950927637	0.45664052851335346	near_depletion	1000	True
GSE294385_CRC_METASTASIS_PATHOLOGY	Patient1	GSE294385	M-ST-13	Primary Colon M-ST-13	historical_raw_6nn	near150	evaluable	483	244	17	10	-0.3388764160359691	-0.5417749197080217	-0.12538211626716608	0.45664052851335346	near_depletion	1000	True
GSE294385_CRC_METASTASIS_PATHOLOGY	Patient1	GSE294385	M-ST-13	Primary Colon M-ST-13	historical_raw_6nn	far500	evaluable	483	288	17	10	-0.37839521065410053	-0.5862428385954703	-0.13990527078774398	0.45664052851335346	near_depletion	1000	True
GSE294385_CRC_METASTASIS_PATHOLOGY	Patient1	GSE294385	M-ST-13	Primary Colon M-ST-13	nominal_honeycomb_exact	baseline	evaluable	483	244	17	10	-0.3388764160359691	-0.5453603303963337	-0.12802728511729833	0.45664052851335346	near_depletion	1000	True
GSE294385_CRC_METASTASIS_PATHOLOGY	Patient1	GSE294385	M-ST-13	Primary Colon M-ST-13	nominal_honeycomb_exact	grid4	evaluable	483	244	9	7	-0.3388764160359691	-0.5068207427300386	-0.0691801962194296	0.45664052851335346	near_depletion	1000	True
GSE294385_CRC_METASTASIS_PATHOLOGY	Patient1	GSE294385	M-ST-13	Primary Colon M-ST-13	nominal_honeycomb_exact	grid8	evaluable	483	244	29	15	-0.3388764160359691	-0.5039162578081613	-0.12833644943900016	0.45664052851335346	near_depletion	1000	True
GSE294385_CRC_METASTASIS_PATHOLOGY	Patient1	GSE294385	M-ST-13	Primary Colon M-ST-13	nominal_honeycomb_exact	near150	evaluable	483	244	17	10	-0.3388764160359691	-0.5437942478496731	-0.11853709271730437	0.45664052851335346	near_depletion	1000	True
GSE294385_CRC_METASTASIS_PATHOLOGY	Patient1	GSE294385	M-ST-13	Primary Colon M-ST-13	nominal_honeycomb_exact	far500	evaluable	483	288	17	10	-0.37839521065410053	-0.5912759002292469	-0.13341747845334906	0.45664052851335346	near_depletion	1000	True
GSE294385_CRC_METASTASIS_PATHOLOGY	Patient6	GSE294385	M-ST-15	Primary Colon M-ST-15	historical_raw_6nn	baseline	evaluable	291	84	21	10	-0.923682539963862	-1.2322096996505463	-0.5902110782719678	0.5533058995270252	near_depletion	1000	True
GSE294385_CRC_METASTASIS_PATHOLOGY	Patient6	GSE294385	M-ST-15	Primary Colon M-ST-15	historical_raw_6nn	grid4	evaluable	291	84	13	7	-0.923682539963862	-1.1800989981315615	-0.5170018864066075	0.5533058995270252	near_depletion	1000	True
GSE294385_CRC_METASTASIS_PATHOLOGY	Patient6	GSE294385	M-ST-15	Primary Colon M-ST-15	historical_raw_6nn	grid8	evaluable	291	84	31	13	-0.923682539963862	-1.1988493265771256	-0.6324598053218713	0.5533058995270252	near_depletion	1000	True
GSE294385_CRC_METASTASIS_PATHOLOGY	Patient6	GSE294385	M-ST-15	Primary Colon M-ST-15	historical_raw_6nn	near150	evaluable	291	84	21	10	-0.923682539963862	-1.232264165645817	-0.5648070414110893	0.5533058995270252	near_depletion	1000	True
GSE294385_CRC_METASTASIS_PATHOLOGY	Patient6	GSE294385	M-ST-15	Primary Colon M-ST-15	historical_raw_6nn	far500	evaluable	291	98	21	10	-0.9450892339057153	-1.2673331792898768	-0.5797344208324028	0.5533058995270252	near_depletion	1000	True
GSE294385_CRC_METASTASIS_PATHOLOGY	Patient6	GSE294385	M-ST-15	Primary Colon M-ST-15	nominal_honeycomb_exact	baseline	evaluable	291	84	21	11	-0.923682539963862	-1.1990545254931497	-0.5721431144387854	0.5533058995270252	near_depletion	1000	True
GSE294385_CRC_METASTASIS_PATHOLOGY	Patient6	GSE294385	M-ST-15	Primary Colon M-ST-15	nominal_honeycomb_exact	grid4	evaluable	291	84	13	8	-0.923682539963862	-1.1788060217385836	-0.4397327765494898	0.5533058995270252	near_depletion	1000	True
GSE294385_CRC_METASTASIS_PATHOLOGY	Patient6	GSE294385	M-ST-15	Primary Colon M-ST-15	nominal_honeycomb_exact	grid8	evaluable	291	84	31	14	-0.923682539963862	-1.2068541878860304	-0.5906991591127639	0.5533058995270252	near_depletion	1000	True
GSE294385_CRC_METASTASIS_PATHOLOGY	Patient6	GSE294385	M-ST-15	Primary Colon M-ST-15	nominal_honeycomb_exact	near150	evaluable	291	84	21	11	-0.923682539963862	-1.2158410000419524	-0.5719732981487895	0.5533058995270252	near_depletion	1000	True
GSE294385_CRC_METASTASIS_PATHOLOGY	Patient6	GSE294385	M-ST-15	Primary Colon M-ST-15	nominal_honeycomb_exact	far500	evaluable	291	97	21	11	-0.9509504813808771	-1.281299940481864	-0.5231960255151041	0.5533058995270252	near_depletion	1000	True
GSE294385_CRC_METASTASIS_PATHOLOGY	Patient11	GSE294385	M-ST-29	Primary Colon M-ST-29	historical_raw_6nn	baseline	evaluable	1466	316	26	19	-0.1276837666471642	-0.3097514906970213	0.031533629461635834	0.2972928363379834	no_supported_difference	1000	False
GSE294385_CRC_METASTASIS_PATHOLOGY	Patient11	GSE294385	M-ST-29	Primary Colon M-ST-29	historical_raw_6nn	grid4	evaluable	1466	316	14	12	-0.1276837666471642	-0.33155754265935217	0.07774811105515496	0.2972928363379834	no_supported_difference	1000	False
GSE294385_CRC_METASTASIS_PATHOLOGY	Patient11	GSE294385	M-ST-29	Primary Colon M-ST-29	historical_raw_6nn	grid8	evaluable	1466	316	44	25	-0.1276837666471642	-0.29250246330368307	0.014488458961531853	0.2972928363379834	no_supported_difference	1000	False
GSE294385_CRC_METASTASIS_PATHOLOGY	Patient11	GSE294385	M-ST-29	Primary Colon M-ST-29	historical_raw_6nn	near150	evaluable	1466	316	26	19	-0.1276837666471642	-0.30345570154530466	0.018879082584066648	0.2972928363379834	no_supported_difference	1000	False
GSE294385_CRC_METASTASIS_PATHOLOGY	Patient11	GSE294385	M-ST-29	Primary Colon M-ST-29	historical_raw_6nn	far500	evaluable	1466	367	26	19	-0.10742894400496539	-0.28494146002704746	0.0638038616495442	0.2972928363379834	no_supported_difference	1000	False
GSE294385_CRC_METASTASIS_PATHOLOGY	Patient11	GSE294385	M-ST-29	Primary Colon M-ST-29	nominal_honeycomb_exact	baseline	evaluable	1466	316	26	19	-0.1276837666471642	-0.3083648361040184	0.03484341266502981	0.2972928363379834	no_supported_difference	1000	False
GSE294385_CRC_METASTASIS_PATHOLOGY	Patient11	GSE294385	M-ST-29	Primary Colon M-ST-29	nominal_honeycomb_exact	grid4	evaluable	1466	316	14	12	-0.1276837666471642	-0.3417830629123742	0.06841689159679572	0.2972928363379834	no_supported_difference	1000	False
GSE294385_CRC_METASTASIS_PATHOLOGY	Patient11	GSE294385	M-ST-29	Primary Colon M-ST-29	nominal_honeycomb_exact	grid8	evaluable	1466	316	44	25	-0.1276837666471642	-0.30472374578910033	0.014888461435303044	0.2972928363379834	no_supported_difference	1000	False
GSE294385_CRC_METASTASIS_PATHOLOGY	Patient11	GSE294385	M-ST-29	Primary Colon M-ST-29	nominal_honeycomb_exact	near150	evaluable	1466	316	26	19	-0.1276837666471642	-0.30780260490564804	0.015868636788176422	0.2972928363379834	no_supported_difference	1000	False
GSE294385_CRC_METASTASIS_PATHOLOGY	Patient11	GSE294385	M-ST-29	Primary Colon M-ST-29	nominal_honeycomb_exact	far500	evaluable	1466	367	26	19	-0.10742894400496539	-0.27810777937434433	0.05534888067882371	0.2972928363379834	no_supported_difference	1000	False
GSE294385_CRC_METASTASIS_PATHOLOGY	Patient11	GSE294385	M-ST-30	Primary Colon M-ST-30	historical_raw_6nn	baseline	evaluable	173	75	12	10	0.08457644318359692	-0.20584777573783453	0.30086338453969275	0.32088399480429375	no_supported_difference	1000	False
GSE294385_CRC_METASTASIS_PATHOLOGY	Patient11	GSE294385	M-ST-30	Primary Colon M-ST-30	historical_raw_6nn	grid4	evaluable	173	75	11	8	0.08457644318359692	-0.07348835892065743	0.26796393332837953	0.32088399480429375	no_supported_difference	1000	False
GSE294385_CRC_METASTASIS_PATHOLOGY	Patient11	GSE294385	M-ST-30	Primary Colon M-ST-30	historical_raw_6nn	grid8	evaluable	173	75	17	14	0.08457644318359692	-0.15397374196470928	0.2764241638476485	0.32088399480429375	no_supported_difference	1000	False
GSE294385_CRC_METASTASIS_PATHOLOGY	Patient11	GSE294385	M-ST-30	Primary Colon M-ST-30	historical_raw_6nn	near150	evaluable	173	75	12	10	0.08457644318359692	-0.21399612778491023	0.29498177399761394	0.32088399480429375	no_supported_difference	1000	False
GSE294385_CRC_METASTASIS_PATHOLOGY	Patient11	GSE294385	M-ST-30	Primary Colon M-ST-30	historical_raw_6nn	far500	evaluable	173	80	12	10	0.07548553093438604	-0.210498482539779	0.2852036203327148	0.32088399480429375	no_supported_difference	1000	False
GSE294385_CRC_METASTASIS_PATHOLOGY	Patient11	GSE294385	M-ST-30	Primary Colon M-ST-30	nominal_honeycomb_exact	baseline	evaluable	173	76	12	10	0.08111283904637423	-0.18438457366548242	0.28654045765764125	0.32088399480429375	no_supported_difference	1000	False
GSE294385_CRC_METASTASIS_PATHOLOGY	Patient11	GSE294385	M-ST-30	Primary Colon M-ST-30	nominal_honeycomb_exact	grid4	evaluable	173	76	11	8	0.08111283904637423	-0.06853910079786907	0.25030072632726064	0.32088399480429375	no_supported_difference	1000	False
GSE294385_CRC_METASTASIS_PATHOLOGY	Patient11	GSE294385	M-ST-30	Primary Colon M-ST-30	nominal_honeycomb_exact	grid8	evaluable	173	76	17	15	0.08111283904637423	-0.15891086469101212	0.2711748676987828	0.32088399480429375	no_supported_difference	1000	False
GSE294385_CRC_METASTASIS_PATHOLOGY	Patient11	GSE294385	M-ST-30	Primary Colon M-ST-30	nominal_honeycomb_exact	near150	evaluable	173	76	12	10	0.08111283904637423	-0.20245746662572908	0.3001535759536973	0.32088399480429375	no_supported_difference	1000	False
GSE294385_CRC_METASTASIS_PATHOLOGY	Patient11	GSE294385	M-ST-30	Primary Colon M-ST-30	nominal_honeycomb_exact	far500	evaluable	173	81	12	10	0.07332182695962053	-0.2165881049041302	0.2729518436043918	0.32088399480429375	no_supported_difference	1000	False
GSE294385_CRC_METASTASIS_PATHOLOGY	Patient9	GSE294385	M-ST-31	Primary Colon M-ST-31	historical_raw_6nn	baseline	evaluable	694	251	15	13	0.13078551282351314	-0.18150208271088908	0.5060153499130398	0.34183923466125565	no_supported_difference	1000	False
GSE294385_CRC_METASTASIS_PATHOLOGY	Patient9	GSE294385	M-ST-31	Primary Colon M-ST-31	historical_raw_6nn	grid4	evaluable	694	251	7	8	0.13078551282351314	-0.2665511103748707	0.5106278246664642	0.34183923466125565	no_supported_difference	1000	False
GSE294385_CRC_METASTASIS_PATHOLOGY	Patient9	GSE294385	M-ST-31	Primary Colon M-ST-31	historical_raw_6nn	grid8	evaluable	694	251	21	18	0.13078551282351314	-0.17890771792469468	0.4703180021415896	0.34183923466125565	no_supported_difference	1000	False
GSE294385_CRC_METASTASIS_PATHOLOGY	Patient9	GSE294385	M-ST-31	Primary Colon M-ST-31	historical_raw_6nn	near150	evaluable	694	251	15	13	0.13078551282351314	-0.20061193661449783	0.5067835698883396	0.34183923466125565	no_supported_difference	1000	False
GSE294385_CRC_METASTASIS_PATHOLOGY	Patient9	GSE294385	M-ST-31	Primary Colon M-ST-31	historical_raw_6nn	far500	evaluable	694	292	15	13	0.14312790893842786	-0.17246591474815376	0.574281491505164	0.34183923466125565	no_supported_difference	1000	False
GSE294385_CRC_METASTASIS_PATHOLOGY	Patient9	GSE294385	M-ST-31	Primary Colon M-ST-31	nominal_honeycomb_exact	baseline	evaluable	694	246	15	13	0.12847314892085082	-0.2114017278085068	0.524362272135522	0.34183923466125565	no_supported_difference	1000	False
GSE294385_CRC_METASTASIS_PATHOLOGY	Patient9	GSE294385	M-ST-31	Primary Colon M-ST-31	nominal_honeycomb_exact	grid4	evaluable	694	246	7	8	0.12847314892085082	-0.26465463800425054	0.5258996692042714	0.34183923466125565	no_supported_difference	1000	False
GSE294385_CRC_METASTASIS_PATHOLOGY	Patient9	GSE294385	M-ST-31	Primary Colon M-ST-31	nominal_honeycomb_exact	grid8	evaluable	694	246	21	17	0.12847314892085082	-0.18364811694361793	0.4536592224650639	0.34183923466125565	no_supported_difference	1000	False
GSE294385_CRC_METASTASIS_PATHOLOGY	Patient9	GSE294385	M-ST-31	Primary Colon M-ST-31	nominal_honeycomb_exact	near150	evaluable	694	246	15	13	0.12847314892085082	-0.22542784292310428	0.5402125167101322	0.34183923466125565	no_supported_difference	1000	False
GSE294385_CRC_METASTASIS_PATHOLOGY	Patient9	GSE294385	M-ST-31	Primary Colon M-ST-31	nominal_honeycomb_exact	far500	evaluable	694	287	15	13	0.1441239378032455	-0.17304991593657154	0.5714372833743956	0.34183923466125565	no_supported_difference	1000	False
GSE294385_CRC_METASTASIS_PATHOLOGY	Patient9	GSE294385	M-ST-32	Primary Colon M-ST-32	historical_raw_6nn	baseline	evaluable	910	291	23	14	0.20214904253262544	-0.1524619177707662	0.5595064325299676	0.4500696979983717	no_supported_difference	1000	False
GSE294385_CRC_METASTASIS_PATHOLOGY	Patient9	GSE294385	M-ST-32	Primary Colon M-ST-32	historical_raw_6nn	grid4	evaluable	910	291	12	8	0.20214904253262544	-0.1780169660891084	0.6170950201576856	0.4500696979983717	no_supported_difference	1000	False
GSE294385_CRC_METASTASIS_PATHOLOGY	Patient9	GSE294385	M-ST-32	Primary Colon M-ST-32	historical_raw_6nn	grid8	evaluable	910	291	36	20	0.20214904253262544	-0.09106707336941809	0.5493180271180155	0.4500696979983717	no_supported_difference	1000	False
GSE294385_CRC_METASTASIS_PATHOLOGY	Patient9	GSE294385	M-ST-32	Primary Colon M-ST-32	historical_raw_6nn	near150	evaluable	910	291	23	14	0.20214904253262544	-0.13847892981053772	0.5578048951433588	0.4500696979983717	no_supported_difference	1000	False
GSE294385_CRC_METASTASIS_PATHOLOGY	Patient9	GSE294385	M-ST-32	Primary Colon M-ST-32	historical_raw_6nn	far500	evaluable	910	318	23	14	0.23878299102961364	-0.14738633771861503	0.5844517679747514	0.4500696979983717	no_supported_difference	1000	False
GSE294385_CRC_METASTASIS_PATHOLOGY	Patient9	GSE294385	M-ST-32	Primary Colon M-ST-32	nominal_honeycomb_exact	baseline	evaluable	910	291	23	14	0.20214904253262544	-0.13078405396792475	0.5598603567003041	0.4500696979983717	no_supported_difference	1000	False
GSE294385_CRC_METASTASIS_PATHOLOGY	Patient9	GSE294385	M-ST-32	Primary Colon M-ST-32	nominal_honeycomb_exact	grid4	evaluable	910	291	12	8	0.20214904253262544	-0.16212422512155003	0.6140265088399561	0.4500696979983717	no_supported_difference	1000	False
GSE294385_CRC_METASTASIS_PATHOLOGY	Patient9	GSE294385	M-ST-32	Primary Colon M-ST-32	nominal_honeycomb_exact	grid8	evaluable	910	291	36	20	0.20214904253262544	-0.08929291853169281	0.5363703404524487	0.4500696979983717	no_supported_difference	1000	False
GSE294385_CRC_METASTASIS_PATHOLOGY	Patient9	GSE294385	M-ST-32	Primary Colon M-ST-32	nominal_honeycomb_exact	near150	evaluable	910	291	23	14	0.20214904253262544	-0.15493325162607527	0.5688355235047508	0.4500696979983717	no_supported_difference	1000	False
GSE294385_CRC_METASTASIS_PATHOLOGY	Patient9	GSE294385	M-ST-32	Primary Colon M-ST-32	nominal_honeycomb_exact	far500	evaluable	910	318	23	14	0.23878299102961364	-0.15412553750261718	0.5805065478792465	0.4500696979983717	no_supported_difference	1000	False
GSE294385_CRC_METASTASIS_PATHOLOGY	Patient10	GSE294385	M-ST-33	Primary Colon M-ST-33	historical_raw_6nn	baseline	evaluable	478	132	17	15	-0.4044037525761004	-0.760017737824277	0.002954062662267444	0.33607541382235817	no_supported_difference	1000	False
GSE294385_CRC_METASTASIS_PATHOLOGY	Patient10	GSE294385	M-ST-33	Primary Colon M-ST-33	historical_raw_6nn	grid4	evaluable	478	132	9	9	-0.4044037525761004	-0.7592347866873373	0.015450981064937919	0.33607541382235817	no_supported_difference	1000	False
GSE294385_CRC_METASTASIS_PATHOLOGY	Patient10	GSE294385	M-ST-33	Primary Colon M-ST-33	historical_raw_6nn	grid8	evaluable	478	132	25	17	-0.4044037525761004	-0.7157452134233682	-0.07910373268673264	0.33607541382235817	near_depletion	1000	True
GSE294385_CRC_METASTASIS_PATHOLOGY	Patient10	GSE294385	M-ST-33	Primary Colon M-ST-33	historical_raw_6nn	near150	evaluable	478	132	17	15	-0.4044037525761004	-0.7627624256097254	-0.013812844374487808	0.33607541382235817	near_depletion	1000	True
GSE294385_CRC_METASTASIS_PATHOLOGY	Patient10	GSE294385	M-ST-33	Primary Colon M-ST-33	historical_raw_6nn	far500	evaluable	478	146	17	16	-0.4328922243633615	-0.7935355900344904	-0.0203323258662646	0.33607541382235817	near_depletion	1000	True
GSE294385_CRC_METASTASIS_PATHOLOGY	Patient10	GSE294385	M-ST-33	Primary Colon M-ST-33	nominal_honeycomb_exact	baseline	evaluable	478	130	17	14	-0.4174912399563211	-0.772501919020789	0.017573969041139677	0.33607541382235817	no_supported_difference	1000	False
GSE294385_CRC_METASTASIS_PATHOLOGY	Patient10	GSE294385	M-ST-33	Primary Colon M-ST-33	nominal_honeycomb_exact	grid4	evaluable	478	130	9	9	-0.4174912399563211	-0.7885818590374446	0.03726501168168517	0.33607541382235817	no_supported_difference	1000	False
GSE294385_CRC_METASTASIS_PATHOLOGY	Patient10	GSE294385	M-ST-33	Primary Colon M-ST-33	nominal_honeycomb_exact	grid8	evaluable	478	130	25	17	-0.4174912399563211	-0.7566177441471756	-0.08412967135491936	0.33607541382235817	near_depletion	1000	True
GSE294385_CRC_METASTASIS_PATHOLOGY	Patient10	GSE294385	M-ST-33	Primary Colon M-ST-33	nominal_honeycomb_exact	near150	evaluable	478	130	17	14	-0.4174912399563211	-0.7746204483697592	-0.031246001463497125	0.33607541382235817	near_depletion	1000	True
GSE294385_CRC_METASTASIS_PATHOLOGY	Patient10	GSE294385	M-ST-33	Primary Colon M-ST-33	nominal_honeycomb_exact	far500	evaluable	478	144	17	15	-0.43716771350367	-0.8297952297349865	-0.040407366493486724	0.33607541382235817	near_depletion	1000	True
GSE294385_CRC_METASTASIS_PATHOLOGY	Patient10	GSE294385	M-ST-34	Primary Colon M-ST-34	historical_raw_6nn	baseline	evaluable	1583	422	28	26	-0.28128538526208824	-0.35331378698830046	-0.17310100758195132	0.25196194765365987	near_depletion	1000	True
GSE294385_CRC_METASTASIS_PATHOLOGY	Patient10	GSE294385	M-ST-34	Primary Colon M-ST-34	historical_raw_6nn	grid4	evaluable	1583	422	15	15	-0.28128538526208824	-0.37766597253021283	-0.13456513063092498	0.25196194765365987	near_depletion	1000	True
GSE294385_CRC_METASTASIS_PATHOLOGY	Patient10	GSE294385	M-ST-34	Primary Colon M-ST-34	historical_raw_6nn	grid8	evaluable	1583	422	46	37	-0.28128538526208824	-0.35125169107530474	-0.17388678454170117	0.25196194765365987	near_depletion	1000	True
GSE294385_CRC_METASTASIS_PATHOLOGY	Patient10	GSE294385	M-ST-34	Primary Colon M-ST-34	historical_raw_6nn	near150	evaluable	1583	422	28	26	-0.28128538526208824	-0.3459661268487403	-0.17827885794466233	0.25196194765365987	near_depletion	1000	True
GSE294385_CRC_METASTASIS_PATHOLOGY	Patient10	GSE294385	M-ST-34	Primary Colon M-ST-34	historical_raw_6nn	far500	evaluable	1583	475	28	27	-0.2925796131401184	-0.36244285389067477	-0.17543652894193515	0.25196194765365987	near_depletion	1000	True
GSE294385_CRC_METASTASIS_PATHOLOGY	Patient10	GSE294385	M-ST-34	Primary Colon M-ST-34	nominal_honeycomb_exact	baseline	evaluable	1583	422	28	26	-0.28128538526208824	-0.3454131707393144	-0.1815729920088024	0.25196194765365987	near_depletion	1000	True
GSE294385_CRC_METASTASIS_PATHOLOGY	Patient10	GSE294385	M-ST-34	Primary Colon M-ST-34	nominal_honeycomb_exact	grid4	evaluable	1583	422	15	15	-0.28128538526208824	-0.3863504392193946	-0.12288146961930327	0.25196194765365987	near_depletion	1000	True
GSE294385_CRC_METASTASIS_PATHOLOGY	Patient10	GSE294385	M-ST-34	Primary Colon M-ST-34	nominal_honeycomb_exact	grid8	evaluable	1583	422	46	37	-0.28128538526208824	-0.35307332623074517	-0.18906274774192627	0.25196194765365987	near_depletion	1000	True
GSE294385_CRC_METASTASIS_PATHOLOGY	Patient10	GSE294385	M-ST-34	Primary Colon M-ST-34	nominal_honeycomb_exact	near150	evaluable	1583	422	28	26	-0.28128538526208824	-0.3505944596097295	-0.17705741206241807	0.25196194765365987	near_depletion	1000	True
GSE294385_CRC_METASTASIS_PATHOLOGY	Patient10	GSE294385	M-ST-34	Primary Colon M-ST-34	nominal_honeycomb_exact	far500	evaluable	1583	473	28	27	-0.29525583319291004	-0.3719781531597714	-0.19231988885085693	0.25196194765365987	near_depletion	1000	True
