eligibility_frame	resource	patient_id	sample_id	graph_id	estimator_id	setting_id	readout_id	n_declared_maps	n_evaluable_maps	n_standardized_maps	abs_deviation_score	abs_deviation_mad	near_retention	far_retention	selected_stroma_purity	count_only_excess_abs_deviation_score	block_matched_excess_abs_deviation_score	count_only_excess_abs_deviation_mad	block_matched_excess_abs_deviation_mad	n_eligible_maps
historical_restricted	GSE294385	Patient1	M-ST-13	historical_raw_6nn	stromal_retention	baseline	four_gene_mean	42	41	41	0.13005781647417758	0.2848144401409047	0.48654244306418215	0.8811475409836066	0.5964649207669286	0.09988596947296996	0.09784205055533832	0.21874092034309872	0.21426492929542312	41
historical_restricted	GSE294385	Patient1	M-ST-13	historical_raw_6nn	stricter_adjacency	baseline	four_gene_mean	42	27	27	0.1425316149919228	0.31213089091314583	0.09730848861283643	0.8954918032786885	0.5966892400300978	0.1146608688590609	0.10722405288241432	0.25109656655389906	0.23481063590981455	27
historical_restricted	GSE294385	Patient10	M-ST-33	historical_raw_6nn	stromal_retention	baseline	four_gene_mean	42	23	23	0.1261137534895489	0.3752543277569533	0.49372384937238495	0.5416666666666666	0.17813765182186234	0.10057544029715138	0.058667744623872586	0.299264498861298	0.17456720191642172	23
historical_restricted	GSE294385	Patient10	M-ST-33	historical_raw_6nn	stricter_adjacency	baseline	four_gene_mean	42	14	14	0.14010470267980968	0.4168847137204325	0.44142259414225943	0.8409090909090909	0.17813765182186234	0.09769089943288212	0.09578671303252717	0.2906814822357678	0.28501553250532585	14
historical_restricted	GSE294385	Patient10	M-ST-34	historical_raw_6nn	stromal_retention	baseline	four_gene_mean	42	40	40	0.15257286771729395	0.6055393250373526	0.4077700568540745	0.6007109004739337	0.635464608728644	0.14115116516169685	0.1284394779543236	0.5602082634942933	0.50975744214707	40
historical_restricted	GSE294385	Patient10	M-ST-34	historical_raw_6nn	stricter_adjacency	baseline	four_gene_mean	42	31	31	0.23427507690865368	0.9298034051978432	0.22362602653190145	0.6540284360189573	0.6737120211360634	0.22111421272094378	0.1205607867433649	0.8775698663231538	0.4784880727667835	31
historical_restricted	GSE294385	Patient11	M-ST-29	historical_raw_6nn	stromal_retention	baseline	four_gene_mean	42	36	36	0.1351973894562819	0.45476167916330146	0.495225102319236	0.7800632911392404	0.5598596522483006	0.12180486272487001	0.09427958657559099	0.40971341329729744	0.3171270042592191	36
historical_restricted	GSE294385	Patient11	M-ST-29	historical_raw_6nn	stricter_adjacency	baseline	four_gene_mean	42	35	35	0.10702545948222802	0.36000012916743795	0.11630286493860845	0.7800632911392404	0.5598596522483006	0.07840597254288167	0.07218863509085827	0.263733137699101	0.24281996155732843	35
historical_restricted	GSE294385	Patient11	M-ST-30	historical_raw_6nn	stromal_retention	baseline	four_gene_mean	42	24	24	0.07193015642796619	0.22416249358848886	0.4624277456647399	0.6666666666666666	0.11384820239680427	0.030620599161503392	0.016142440986073092	0.0954257602663505	0.050306158136426596	24
historical_restricted	GSE294385	Patient11	M-ST-30	historical_raw_6nn	stricter_adjacency	baseline	four_gene_mean	42	16	16	0.043266104381036286	0.13483409918099581	0.3439306358381503	0.7333333333333333	0.11384820239680427	0.003636431818460406	-0.007802229963590479	0.011332543465367464	-0.02431479939767341	16
historical_restricted	GSE294385	Patient6	M-ST-15	historical_raw_6nn	stromal_retention	baseline	four_gene_mean	42	18	18	0.6005326333655807	1.0853537507532915	0.27147766323024053	0.5595238095238095	0.09018463154492566	0.5529272719497941	0.024011673558379243	0.9993156993671044	0.04339674234253567	18
historical_restricted	GSE294385	Patient6	M-ST-15	historical_raw_6nn	stricter_adjacency	baseline	four_gene_mean	42	6	6	0.5139935570946303	0.928950075417595	0.18900343642611683	0.8333333333333334	0.07989397955319955	0.4526919715601093	0.22423694865973487	0.8181585845136978	0.4052675904077947	6
historical_restricted	GSE294385	Patient9	M-ST-31	historical_raw_6nn	stromal_retention	baseline	four_gene_mean	42	33	33	0.05082247124702044	0.14867360470597468	0.4265129682997118	0.5219123505976095	0.48326055312954874	0.028947597832076455	-0.027070725956848563	0.08468190569394989	-0.07919139528753684	33
historical_restricted	GSE294385	Patient9	M-ST-31	historical_raw_6nn	stricter_adjacency	baseline	four_gene_mean	42	30	30	0.04170804335365297	0.12201069720678319	0.2564841498559078	0.5159362549800797	0.4836010794844824	0.0049427658056059864	-0.02926652610765068	0.01445932855104828	-0.08561488307991398	30
historical_restricted	GSE294385	Patient9	M-ST-32	historical_raw_6nn	stromal_retention	baseline	four_gene_mean	42	25	25	0.1887532871868775	0.41938679281527724	0.4423076923076923	0.6786941580756014	0.49904035708883593	0.1478663982788176	0.012796251875327763	0.3285411102689978	0.028431711648745698	25
historical_restricted	GSE294385	Patient9	M-ST-32	historical_raw_6nn	stricter_adjacency	baseline	four_gene_mean	42	14	14	0.2053800176137297	0.4563293608237379	0.11758241758241758	0.5326460481099656	0.5146927871772039	0.1789807789170909	0.007739284476791952	0.39767347082704163	0.017195746594830634	14
historical_restricted	Valdeolivas	A120838	SN84_A120838_Rep1	historical_raw_6nn	stromal_retention	baseline	four_gene_mean	36	0	0	NA	NA	NA	NA	NA	NA	NA	NA	NA	0
historical_restricted	Valdeolivas	A120838	SN84_A120838_Rep1	historical_raw_6nn	stricter_adjacency	baseline	four_gene_mean	36	0	0	NA	NA	NA	NA	NA	NA	NA	NA	NA	0
historical_restricted	Valdeolivas	A120838	SN84_A120838_Rep2	historical_raw_6nn	stromal_retention	baseline	four_gene_mean	36	0	0	NA	NA	NA	NA	NA	NA	NA	NA	NA	0
historical_restricted	Valdeolivas	A120838	SN84_A120838_Rep2	historical_raw_6nn	stricter_adjacency	baseline	four_gene_mean	36	0	0	NA	NA	NA	NA	NA	NA	NA	NA	NA	0
historical_restricted	Valdeolivas	A121573	SN048_A121573_Rep1	historical_raw_6nn	stromal_retention	baseline	four_gene_mean	36	21	21	0.09512734829284686	0.4068104819502764	0.5357142857142857	0.6530612244897959	0.4039408866995074	0.06317364369140227	0.058983594484370266	0.2701610094032958	0.2522423354583369	21
historical_restricted	Valdeolivas	A121573	SN048_A121573_Rep1	historical_raw_6nn	stricter_adjacency	baseline	four_gene_mean	36	15	15	0.0292451954667462	0.12506657944392294	0.4785714285714286	0.8571428571428571	0.37292161520190026	-0.001752429676965428	0.001287233552746181	-0.007494235614301048	0.005504832326064294	15
historical_restricted	Valdeolivas	A121573	SN048_A121573_Rep2	historical_raw_6nn	stromal_retention	baseline	four_gene_mean	36	35	35	0.10089343821046315	0.41365718601736046	0.40828402366863903	0.5495495495495496	0.4238255193443873	0.03451815555683119	0.024071920549411124	0.1415224156041055	0.09869346404601201	35
historical_restricted	Valdeolivas	A121573	SN048_A121573_Rep2	historical_raw_6nn	stricter_adjacency	baseline	four_gene_mean	36	23	23	0.10054334947431529	0.4122218427084209	0.2544378698224852	0.5382882882882882	0.4725517986570589	0.03374640201048945	0.045317139067752116	0.1383582712757825	0.18579761536146858	23
historical_restricted	Valdeolivas	A416371	SN048_A416371_Rep1	historical_raw_6nn	stromal_retention	baseline	four_gene_mean	36	14	14	0.060596881148816284	0.26983754160496076	0.2	0.2751677852348993	0.5071283095723014	0.01768076268475466	0.019928210341330466	0.0787323282338289	0.08874019892022467	14
historical_restricted	Valdeolivas	A416371	SN048_A416371_Rep1	historical_raw_6nn	stricter_adjacency	baseline	four_gene_mean	36	1	1	0.02000855436026905	0.0890979703457838	0.14838709677419354	0.42953020134228187	0.5071283095723014	-0.02032054443320719	-0.022351948373250996	-0.09048726023481342	-0.09953308957117622	1
historical_restricted	Valdeolivas	A416371	SN048_A416371_Rep2	historical_raw_6nn	stromal_retention	baseline	four_gene_mean	36	21	21	0.03147436770897394	0.13761144838261474	0.24324324324324326	0.33783783783783783	0.6642066420664207	-0.036313449936412445	-0.023295023012172844	-0.15876876344983745	-0.1018499207498758	21
historical_restricted	Valdeolivas	A416371	SN048_A416371_Rep2	historical_raw_6nn	stricter_adjacency	baseline	four_gene_mean	36	0	0	NA	NA	NA	NA	NA	NA	NA	NA	NA	0
historical_restricted	Valdeolivas	A551763	SN123_A551763_Rep1	historical_raw_6nn	stromal_retention	baseline	four_gene_mean	36	0	0	NA	NA	NA	NA	NA	NA	NA	NA	NA	0
historical_restricted	Valdeolivas	A551763	SN123_A551763_Rep1	historical_raw_6nn	stricter_adjacency	baseline	four_gene_mean	36	0	0	NA	NA	NA	NA	NA	NA	NA	NA	NA	0
historical_restricted	Valdeolivas	A551763	SN124_A551763_Rep2	historical_raw_6nn	stromal_retention	baseline	four_gene_mean	36	0	0	NA	NA	NA	NA	NA	NA	NA	NA	NA	0
historical_restricted	Valdeolivas	A551763	SN124_A551763_Rep2	historical_raw_6nn	stricter_adjacency	baseline	four_gene_mean	36	0	0	NA	NA	NA	NA	NA	NA	NA	NA	NA	0
historical_restricted	Valdeolivas	A595688	SN123_A595688_Rep1	historical_raw_6nn	stromal_retention	baseline	four_gene_mean	36	7	7	0.06498358731583731	0.284592339522841	0.6417910447761194	0.7066666666666667	0.4696969696969697	0.03511042180060997	0.017194901487889824	0.15376431949354907	0.07530420286770978	7
historical_restricted	Valdeolivas	A595688	SN123_A595688_Rep1	historical_raw_6nn	stricter_adjacency	baseline	four_gene_mean	36	6	6	0.06170219774328256	0.27022165957252653	0.6417910447761195	0.7333333333333334	0.4863822271797732	0.03844595028323672	0.026269746542915584	0.16837209806696235	0.1150470285825291	6
historical_restricted	Valdeolivas	A595688	SN124_A595688_Rep2	historical_raw_6nn	stromal_retention	baseline	four_gene_mean	36	0	0	NA	NA	NA	NA	NA	NA	NA	NA	NA	0
historical_restricted	Valdeolivas	A595688	SN124_A595688_Rep2	historical_raw_6nn	stricter_adjacency	baseline	four_gene_mean	36	0	0	NA	NA	NA	NA	NA	NA	NA	NA	NA	0
historical_restricted	Valdeolivas	A798015	SN123_A798015_Rep1	historical_raw_6nn	stromal_retention	baseline	four_gene_mean	36	0	0	NA	NA	NA	NA	NA	NA	NA	NA	NA	0
historical_restricted	Valdeolivas	A798015	SN123_A798015_Rep1	historical_raw_6nn	stricter_adjacency	baseline	four_gene_mean	36	0	0	NA	NA	NA	NA	NA	NA	NA	NA	NA	0
historical_restricted	Valdeolivas	A798015	SN124_A798015_Rep2	historical_raw_6nn	stromal_retention	baseline	four_gene_mean	36	0	0	NA	NA	NA	NA	NA	NA	NA	NA	NA	0
historical_restricted	Valdeolivas	A798015	SN124_A798015_Rep2	historical_raw_6nn	stricter_adjacency	baseline	four_gene_mean	36	0	0	NA	NA	NA	NA	NA	NA	NA	NA	NA	0
historical_restricted	Valdeolivas	A938797	SN123_A938797_Rep1_X	historical_raw_6nn	stromal_retention	baseline	four_gene_mean	36	0	0	NA	NA	NA	NA	NA	NA	NA	NA	NA	0
historical_restricted	Valdeolivas	A938797	SN123_A938797_Rep1_X	historical_raw_6nn	stricter_adjacency	baseline	four_gene_mean	36	0	0	NA	NA	NA	NA	NA	NA	NA	NA	NA	0
historical_restricted	Valdeolivas	A938797	SN124_A938797_Rep2	historical_raw_6nn	stromal_retention	baseline	four_gene_mean	36	18	18	0.13065116944636346	0.6379227069830504	0.2541436464088398	0.5342261904761905	0.8903531727742147	0.1033211291981625	0.03628278501869775	0.5044799423222605	0.17715579993728078	18
historical_restricted	Valdeolivas	A938797	SN124_A938797_Rep2	historical_raw_6nn	stricter_adjacency	baseline	four_gene_mean	36	8	8	0.10554758183048296	0.5153509103832274	0.16574585635359115	0.5327380952380952	0.9050191778493184	0.07036395940509044	0.051195891429399065	0.3435619263719506	0.24997113906783813	8
