resource	graph_id	estimator_id	setting_id	eligibility_frame	purity_min	n_declared_maps	n_retained_maps	n_attempted_sections	n_retained_sections	n_attempted_patients	n_retained_patients	abs_deviation_score	abs_deviation_mad	near_retention	far_retention	selected_stroma_purity	count_only_excess_abs_deviation_score	block_matched_excess_abs_deviation_score	count_only_excess_abs_deviation_mad	block_matched_excess_abs_deviation_mad	map_median_abs_deviation_score	map_median_abs_deviation_mad	map_median_count_only_excess_abs_deviation_mad	median_block_matched_excess_abs_deviation_mad
GSE294385	historical_raw_6nn	stromal_retention	baseline	independent_eligible	0.0	336	261	8	8	5	5	0.1300578164741775	0.3289879083168915	0.4507469531132297	0.5595238095238095	0.4061440293622499	0.0998859694729699	0.0560598364530552	0.246968901257808	0.1862831116786016	0.1294661839783387	0.339477795208415	0.2482473001179398	0.137700581598826
GSE294385	historical_raw_6nn	stromal_retention	baseline	independent_eligible	0.5	336	113	8	5	5	4	0.1276872496679393	0.3515977803813098	0.4921922152570941	0.6261060951466795	0.6133359599624163	0.111839438860769	0.1016661496253199	0.3103206567904889	0.2783448196225472	0.1343011938761318	0.3902947280291824	0.3451867230075071	0.2786393107001765
GSE294385	historical_raw_6nn	stromal_retention	baseline	independent_eligible	0.75	336	0	8	0	5	0	NA	NA	NA	NA	NA	NA	NA	NA	NA	NA	NA	NA	NA
GSE294385	historical_raw_6nn	stricter_adjacency	baseline	independent_eligible	0.0	336	195	8	8	5	5	0.1425316149919228	0.3121308909131458	0.2114656688405397	0.7351190476190477	0.4061440293622499	0.1146608688590609	0.1004940428417767	0.251096566553899	0.2348106359098145	0.130700606900316	0.313744117910084	0.2492638507695576	0.1980894116429331
GSE294385	historical_raw_6nn	stricter_adjacency	baseline	independent_eligible	0.5	336	104	8	5	5	4	0.1747884529582728	0.3934017256746698	0.2244635632426433	0.6172198392225088	0.6133359599624163	0.130154094215451	0.0895405999953688	0.2944081190487855	0.2380366153755003	0.1379201210752373	0.3779787785157324	0.3188110272548186	0.2403409682780547
GSE294385	historical_raw_6nn	stricter_adjacency	baseline	independent_eligible	0.75	336	0	8	0	5	0	NA	NA	NA	NA	NA	NA	NA	NA	NA	NA	NA	NA	NA
Valdeolivas	historical_raw_6nn	stromal_retention	baseline	independent_eligible	0.0	504	146	14	8	7	5	0.1102973960800791	0.4830418770380357	0.2668539325842696	0.4493165313191291	0.5444689069585693	0.055862432356011	0.0228448907723239	0.24464670191821	0.0955709388784998	0.0899588826232553	0.3840017073254379	0.1864213431332974	0.0799029828458762
Valdeolivas	historical_raw_6nn	stromal_retention	baseline	independent_eligible	0.5	504	66	14	7	7	5	0.0691829109179844	0.3049031543913808	0.2668539325842696	0.4493165313191291	0.5816248411687815	0.0208441950252021	-0.0135175808251811	0.0916525590591761	-0.0339798515750398	0.0888754638989868	0.3660699237325804	0.1690090310115506	0.0
Valdeolivas	historical_raw_6nn	stromal_retention	baseline	independent_eligible	0.75	504	22	14	3	7	2	0.1836783564029621	0.5588676975807212	0.2412689361911632	0.4709600408074935	0.8573261215578507	0.111506033818171	0.019600255007654	0.3485170677348853	0.088797701453776	0.1306511694463634	0.6379227069830504	0.4624884183162642	0.1965866932006597
Valdeolivas	historical_raw_6nn	stricter_adjacency	baseline	independent_eligible	0.0	504	63	14	5	7	4	0.089064308590851	0.4084337158851224	0.266125252775274	0.4811341482901885	0.4977502012977786	0.0457767154770758	0.0373161548035841	0.2155997596740112	0.1730982016014225	0.0745453950880501	0.3104071395517231	0.1222516719599036	0.1088203068093066
Valdeolivas	historical_raw_6nn	stricter_adjacency	baseline	independent_eligible	0.5	504	19	14	4	7	4	0.0768140559649171	0.3629585821446402	0.1570664765638923	0.4811341482901885	0.5202015967287319	0.0520015815582053	0.0340429298604147	0.2454415602638233	0.1619699511991131	0.1207593982382986	0.589624743079281	0.3996563937961127	0.2801504174566745
Valdeolivas	historical_raw_6nn	stricter_adjacency	baseline	independent_eligible	0.75	504	8	14	1	7	1	0.1055475818304829	0.5153509103832274	0.1657458563535911	0.5327380952380952	0.9050191778493184	0.0703639594050904	0.051195891429399	0.3435619263719506	0.2499711390678381	0.1195837800767931	0.5838846220903611	0.3921922061012065	0.2700675635735021
