eligibility_frame	resource	graph_id	estimator_id	setting_id	readout_id	n_attempted_patients	n_evaluable_patients	n_standardized_patients	n_declared_maps	n_evaluable_maps	n_standardized_maps	n_attempted_sections	n_evaluable_sections	abs_deviation_score	abs_deviation_mad	near_retention	far_retention	selected_stroma_purity	count_only_excess_abs_deviation_score	block_matched_excess_abs_deviation_score	count_only_excess_abs_deviation_mad	block_matched_excess_abs_deviation_mad
historical_restricted	GSE294385	historical_raw_6nn	stromal_retention	baseline	ACTA2	5	5	5	336	240	240	8	8	0.18872651145588293	0.3409764074671122	0.45074695311322976	0.6003032543366055	0.40680113027525316	0.1298953375682943	0.057362540937021395	0.23851913747260003	0.1042100555855065
historical_restricted	GSE294385	historical_raw_6nn	stromal_retention	baseline	ACTA2_TAGLN	5	5	5	336	240	240	8	8	0.20517274007392539	0.38513263088583344	0.45074695311322976	0.6003032543366055	0.40680113027525316	0.17023178899549124	0.07819590118851938	0.3191740940478876	0.09215248261182221
historical_restricted	GSE294385	historical_raw_6nn	stromal_retention	baseline	CXCL12	5	5	3	336	240	156	8	8	0.1707299286271785	0.3751502753430189	0.45074695311322976	0.6003032543366055	0.40680113027525316	0.11557244465279126	0.012447991646844347	0.2603390243519953	0.16095104538202695
historical_restricted	GSE294385	historical_raw_6nn	stromal_retention	baseline	TAGLN	5	5	5	336	240	240	8	8	0.22836568698498938	0.42683437056754386	0.45074695311322976	0.6003032543366055	0.40680113027525316	0.16905341111358718	0.051498566587347694	0.3225146184738757	0.11227180195174327
historical_restricted	GSE294385	historical_raw_6nn	stromal_retention	baseline	TGFB1	5	5	2	336	240	64	8	8	0.01778290184513904	0.4089575551745461	0.45074695311322976	0.6003032543366055	0.40680113027525316	0.012756454092030026	0.002463202986441676	0.19120552889286888	0.04227636558811048
historical_restricted	GSE294385	historical_raw_6nn	stromal_retention	baseline	TGFB1_CXCL12	5	5	4	336	240	174	8	8	0.0839457842585542	0.37815370491526246	0.45074695311322976	0.6003032543366055	0.40680113027525316	0.06675905654556205	0.04151710469208497	0.27959469067850873	0.22935668130829118
historical_restricted	GSE294385	historical_raw_6nn	stromal_retention	baseline	four_gene_mean	5	5	5	336	240	240	8	8	0.13005781647417758	0.33946208637589514	0.45074695311322976	0.6003032543366055	0.40680113027525316	0.09988596947296996	0.05521101378083204	0.25256958678182395	0.18371658119782283
historical_restricted	GSE294385	historical_raw_6nn	stromal_retention	far500	four_gene_mean	5	5	5	336	240	240	8	8	0.16115159646807514	0.37650890795237413	0.45074695311322976	0.5881903161885069	0.40680113027525316	0.14016406923292174	0.057829252067420345	0.3219103413584513	0.192543874488032
historical_restricted	GSE294385	historical_raw_6nn	stromal_retention	grid4	four_gene_mean	5	5	5	336	234	234	8	8	0.1327371555144864	0.35069696105706194	0.45074695311322976	0.6003032543366055	0.40680113027525316	0.10058340770702262	0.04782044894289039	0.2665816409781399	0.16085301459643897
historical_restricted	GSE294385	historical_raw_6nn	stromal_retention	grid8	four_gene_mean	5	5	5	336	240	240	8	8	0.13005781647417758	0.33946208637589514	0.45074695311322976	0.6003032543366055	0.40680113027525316	0.09944818077772957	0.05129804477838146	0.2528541086602407	0.17047472022091614
historical_restricted	GSE294385	historical_raw_6nn	stromal_retention	near150	four_gene_mean	5	5	5	336	240	240	8	8	0.13005781647417758	0.33946208637589514	0.45074695311322976	0.6003032543366055	0.40680113027525316	0.0994616036398587	0.05596283378196126	0.25569279734561473	0.18610326431766747
historical_restricted	GSE294385	historical_raw_6nn	stricter_adjacency	baseline	ACTA2	5	5	5	336	173	173	8	8	0.2721233499508655	0.32617493644281603	0.18900343642611683	0.7566983122362869	0.4259248364789629	0.18134162017311883	0.173340076038073	0.2642556374074167	0.2525955830656085
historical_restricted	GSE294385	historical_raw_6nn	stricter_adjacency	baseline	ACTA2_TAGLN	5	5	5	336	173	173	8	8	0.2676155318106814	0.39589688380608207	0.18900343642611683	0.7566983122362869	0.4259248364789629	0.21187214202814553	0.17107617525956975	0.30495188203231216	0.21554271479024364
historical_restricted	GSE294385	historical_raw_6nn	stricter_adjacency	baseline	CXCL12	5	5	3	336	173	126	8	8	0.14690545875210287	0.3242510723850806	0.18900343642611683	0.7566983122362869	0.4259248364789629	0.10386996186650407	0.05845788072553676	0.23377658648939642	0.1331207377032243
historical_restricted	GSE294385	historical_raw_6nn	stricter_adjacency	baseline	TAGLN	5	5	5	336	173	173	8	8	0.2579256061488555	0.32263129124314943	0.18900343642611683	0.7566983122362869	0.4259248364789629	0.19585311118511517	0.16102478827889044	0.23772199090611482	0.17714954944286018
historical_restricted	GSE294385	historical_raw_6nn	stricter_adjacency	baseline	TGFB1	5	5	2	336	173	47	8	8	0.012095050557132447	0.3952267161371266	0.18900343642611683	0.7566983122362869	0.4259248364789629	0.0	0.0003060658238310948	0.11298822948579784	0.015471324234688402
historical_restricted	GSE294385	historical_raw_6nn	stricter_adjacency	baseline	TGFB1_CXCL12	5	5	4	336	173	132	8	8	0.0769390028564475	0.3735464877347265	0.18900343642611683	0.7566983122362869	0.4259248364789629	0.0632110981735768	0.022688239930527043	0.2685254715267863	0.2365143680767297
historical_restricted	GSE294385	historical_raw_6nn	stricter_adjacency	baseline	four_gene_mean	5	5	5	336	173	173	8	8	0.1425316149919228	0.31213089091314583	0.18900343642611683	0.7566983122362869	0.4259248364789629	0.1146608688590609	0.10722405288241432	0.25109656655389906	0.23481063590981455
historical_restricted	GSE294385	historical_raw_6nn	stricter_adjacency	far500	four_gene_mean	5	5	5	336	173	173	8	8	0.17924774103648378	0.3925357690436408	0.18900343642611683	0.7371594005449591	0.4259248364789629	0.12229663506146354	0.08670412697855912	0.26781817956372495	0.1898739195595155
historical_restricted	GSE294385	historical_raw_6nn	stricter_adjacency	grid4	four_gene_mean	5	5	5	336	166	166	8	8	0.13792012107523732	0.30203215103191206	0.23011675038837937	0.7566983122362869	0.4259248364789629	0.11394781563320433	0.10595177684808621	0.24953504675586888	0.23560593000074956
historical_restricted	GSE294385	historical_raw_6nn	stricter_adjacency	grid8	four_gene_mean	5	5	5	336	173	173	8	8	0.1425316149919228	0.31213089091314583	0.18900343642611683	0.7566983122362869	0.4259248364789629	0.11408259978157065	0.09582324009639753	0.24983021142030443	0.20984392342125496
historical_restricted	GSE294385	historical_raw_6nn	stricter_adjacency	near150	four_gene_mean	5	5	5	336	173	173	8	8	0.1425316149919228	0.31213089091314583	0.18900343642611683	0.7566983122362869	0.4259248364789629	0.11401932359339678	0.10823764626612498	0.24969164249305684	0.2370303105125278
historical_restricted	GSE294385	nominal_honeycomb_exact	stromal_retention	baseline	ACTA2	5	5	5	336	240	240	8	8	0.18951534396227032	0.34586758969179776	0.45074695311322976	0.6056072416394267	0.40680113027525316	0.13257741409642404	0.057256808224732336	0.24353100182401136	0.10399220981583562
historical_restricted	GSE294385	nominal_honeycomb_exact	stromal_retention	baseline	ACTA2_TAGLN	5	5	5	336	240	240	8	8	0.2108932234998273	0.3856591857622578	0.45074695311322976	0.6056072416394267	0.40680113027525316	0.1755766070499291	0.0748971415335602	0.3099412179815162	0.09857022075694641
historical_restricted	GSE294385	nominal_honeycomb_exact	stromal_retention	baseline	CXCL12	5	5	3	336	240	156	8	8	0.1820841276484688	0.39412586761030916	0.45074695311322976	0.6056072416394267	0.40680113027525316	0.12331314023802388	0.012447991646844347	0.2614368270036347	0.15384003927910186
historical_restricted	GSE294385	nominal_honeycomb_exact	stromal_retention	baseline	TAGLN	5	5	5	336	240	240	8	8	0.22836568698498916	0.4268343705675435	0.45074695311322976	0.6056072416394267	0.40680113027525316	0.17259113130924447	0.054487536526795666	0.3222517784755421	0.11708640417554592
historical_restricted	GSE294385	nominal_honeycomb_exact	stromal_retention	baseline	TGFB1	5	5	2	336	240	64	8	8	0.01778290184513904	0.3816224874673456	0.45074695311322976	0.6056072416394267	0.40680113027525316	0.012646152986286241	0.00264251702882198	0.18960323508658256	0.03874329233107361
historical_restricted	GSE294385	nominal_honeycomb_exact	stromal_retention	baseline	TGFB1_CXCL12	5	5	4	336	240	174	8	8	0.0874718702326342	0.372417862690948	0.45074695311322976	0.6056072416394267	0.40680113027525316	0.06444584027719351	0.041360916221529376	0.2805482501095603	0.2439865316782387
historical_restricted	GSE294385	nominal_honeycomb_exact	stromal_retention	baseline	four_gene_mean	5	5	5	336	240	240	8	8	0.13005781647417758	0.33960987337878956	0.45074695311322976	0.6056072416394267	0.40680113027525316	0.09996238382775652	0.05456985747411208	0.2597534137597185	0.18173967265179777
historical_restricted	GSE294385	nominal_honeycomb_exact	stromal_retention	far500	four_gene_mean	5	5	5	336	240	240	8	8	0.16229321832530857	0.37650890795237413	0.45074695311322976	0.5925755483969934	0.40680113027525316	0.1409989757065645	0.05671424664416705	0.3209431988593754	0.18917048628300331
historical_restricted	GSE294385	nominal_honeycomb_exact	stromal_retention	grid4	four_gene_mean	5	5	5	336	234	234	8	8	0.1327371555144864	0.35084474805995636	0.45074695311322976	0.6056072416394267	0.40680113027525316	0.10141542372919476	0.04785655242921921	0.2690230467879756	0.16097445541813366
historical_restricted	GSE294385	nominal_honeycomb_exact	stromal_retention	grid8	four_gene_mean	5	5	5	336	240	240	8	8	0.13005781647417758	0.33960987337878956	0.45074695311322976	0.6056072416394267	0.40680113027525316	0.09957444937054966	0.04993026490283359	0.2554758599683681	0.16617473075797162
historical_restricted	GSE294385	nominal_honeycomb_exact	stromal_retention	near150	four_gene_mean	5	5	5	336	240	240	8	8	0.13005781647417758	0.33960987337878956	0.45074695311322976	0.6056072416394267	0.40680113027525316	0.09880454595065563	0.0543652719181037	0.2557764030139932	0.18109270547239792
historical_restricted	GSE294385	nominal_honeycomb_exact	stricter_adjacency	baseline	ACTA2	5	5	5	336	165	165	8	8	0.26421408622171816	0.3500330864599355	0.23026953922828822	0.7584526982011992	0.4259248364789629	0.19709252449261694	0.16510402941169378	0.2872082572015857	0.25286097138836494
historical_restricted	GSE294385	nominal_honeycomb_exact	stricter_adjacency	baseline	ACTA2_TAGLN	5	5	5	336	165	165	8	8	0.2634978215895487	0.37919144603930194	0.23026953922828822	0.7584526982011992	0.4259248364789629	0.22876305056184487	0.18152803300513864	0.31314720979582733	0.2287112450643347
historical_restricted	GSE294385	nominal_honeycomb_exact	stricter_adjacency	baseline	CXCL12	5	5	3	336	165	125	8	8	0.13721975234374562	0.2996646291914433	0.23026953922828822	0.7584526982011992	0.4259248364789629	0.09370136902065138	0.05562782895252999	0.20798501134124026	0.12481218064851815
historical_restricted	GSE294385	nominal_honeycomb_exact	stricter_adjacency	baseline	TAGLN	5	5	5	336	165	165	8	8	0.23834106764300855	0.33003859368999355	0.23026953922828822	0.7584526982011992	0.4259248364789629	0.18942955265938236	0.15729356443414333	0.23839615321703042	0.1730446868932346
historical_restricted	GSE294385	nominal_honeycomb_exact	stricter_adjacency	baseline	TGFB1	5	5	2	336	165	47	8	8	0.017547298172858855	0.3887967615897783	0.23026953922828822	0.7584526982011992	0.4259248364789629	0.01064274495620196	0.005459682358580048	0.16645851661744854	0.05882607633514192
historical_restricted	GSE294385	nominal_honeycomb_exact	stricter_adjacency	baseline	TGFB1_CXCL12	5	5	4	336	165	131	8	8	0.07736019355051382	0.36302727080129826	0.23026953922828822	0.7584526982011992	0.4259248364789629	0.060234969995535764	0.03120331970350984	0.2724056607745098	0.2448788559600214
historical_restricted	GSE294385	nominal_honeycomb_exact	stricter_adjacency	baseline	four_gene_mean	5	5	5	336	165	165	8	8	0.15612424242342554	0.3418974722451952	0.23026953922828822	0.7584526982011992	0.4259248364789629	0.12191324486470864	0.10718419532822904	0.2669785909314958	0.23472335159820285
historical_restricted	GSE294385	nominal_honeycomb_exact	stricter_adjacency	far500	four_gene_mean	5	5	5	336	165	165	8	8	0.1813451058302239	0.3971288015556001	0.23026953922828822	0.7388569314091566	0.4259248364789629	0.15172690649136622	0.11842228648677378	0.3322677182976528	0.31559416048719735
historical_restricted	GSE294385	nominal_honeycomb_exact	stricter_adjacency	grid4	four_gene_mean	5	5	5	336	159	159	8	8	0.1493660620560171	0.32709769004143313	0.23026953922828822	0.7584526982011992	0.4259248364789629	0.12237759419121191	0.11226354950313366	0.26799547247728195	0.2458466616369352
historical_restricted	GSE294385	nominal_honeycomb_exact	stricter_adjacency	grid8	four_gene_mean	5	5	5	336	165	165	8	8	0.15612424242342554	0.3418974722451952	0.23026953922828822	0.7584526982011992	0.4259248364789629	0.12168324006022505	0.09670465873202083	0.26647490194613044	0.2117741477018129
historical_restricted	GSE294385	nominal_honeycomb_exact	stricter_adjacency	near150	four_gene_mean	5	5	5	336	165	165	8	8	0.15612424242342554	0.3418974722451952	0.23026953922828822	0.7584526982011992	0.4259248364789629	0.12258250250426489	0.10876282315845937	0.26844420249631923	0.23818039873190722
historical_restricted	Valdeolivas	historical_raw_6nn	stromal_retention	baseline	ACTA2	7	4	4	504	116	102	14	6	0.21385587877705667	0.39628473793578173	0.3630714005501511	0.5677657887479316	0.5276822227581653	0.12028302481029893	0.08568803385509532	0.22314723046709328	0.15704782095897368
historical_restricted	Valdeolivas	historical_raw_6nn	stromal_retention	baseline	ACTA2_TAGLN	7	4	4	504	116	116	14	6	0.11889993518765818	0.3318623537805679	0.3630714005501511	0.5677657887479316	0.5276822227581653	0.048413722532138825	0.016216877364722153	0.12983089826117986	0.040296958154351026
historical_restricted	Valdeolivas	historical_raw_6nn	stromal_retention	baseline	CXCL12	7	4	0	504	116	0	14	6	0.0	NA	0.3630714005501511	0.5677657887479316	0.5276822227581653	0.0	0.0	NA	NA
historical_restricted	Valdeolivas	historical_raw_6nn	stromal_retention	baseline	TAGLN	7	4	4	504	116	102	14	6	0.15529156678123218	0.2915540990538351	0.3630714005501511	0.5677657887479316	0.5276822227581653	0.07801087040907728	0.06329577601309314	0.14087047470126585	0.02679140457190935
historical_restricted	Valdeolivas	historical_raw_6nn	stromal_retention	baseline	TGFB1	7	4	2	504	116	25	14	6	0.15707885055052767	0.711755751711876	0.3630714005501511	0.5677657887479316	0.5276822227581653	0.06979143581520986	0.004194850993552712	0.6311969321909374	0.07366676707949592
historical_restricted	Valdeolivas	historical_raw_6nn	stromal_retention	baseline	TGFB1_CXCL12	7	4	2	504	116	25	14	6	0.08598924031129446	0.3424909283395049	0.3630714005501511	0.5677657887479316	0.5276822227581653	0.03869970042543447	0.0	0.16933303704043962	0.052785016844992844
historical_restricted	Valdeolivas	historical_raw_6nn	stromal_retention	baseline	four_gene_mean	7	4	4	504	116	116	14	6	0.08149699028374616	0.3474130867533297	0.3630714005501511	0.5677657887479316	0.5276822227581653	0.04197816071236335	0.026738843253293787	0.17980301599862486	0.12538605130994213
historical_restricted	Valdeolivas	historical_raw_6nn	stromal_retention	far500	four_gene_mean	7	4	4	504	116	116	14	6	0.10187603736197626	0.43671423282459687	0.3630714005501511	0.5628708005114744	0.5276822227581653	0.0600121918825694	0.026500589555918608	0.25813633020114995	0.11562519992989695
historical_restricted	Valdeolivas	historical_raw_6nn	stromal_retention	grid4	four_gene_mean	7	4	4	504	114	114	14	6	0.08149699028374616	0.3474130867533297	0.3630714005501511	0.5677657887479316	0.5276822227581653	0.04164675238781791	0.02854323019485122	0.17840504137512708	0.1212752168245683
historical_restricted	Valdeolivas	historical_raw_6nn	stromal_retention	grid8	four_gene_mean	7	4	4	504	116	116	14	6	0.08149699028374616	0.3474130867533297	0.3630714005501511	0.5677657887479316	0.5276822227581653	0.04068227763292259	0.002359865078553944	0.174096765751935	0.013497662357595988
historical_restricted	Valdeolivas	historical_raw_6nn	stromal_retention	near150	four_gene_mean	7	4	4	504	116	116	14	6	0.08149699028374616	0.3474130867533297	0.3630714005501511	0.5677657887479316	0.5276822227581653	0.039418837694502704	0.027158571600090387	0.1687370526002005	0.11928573204193196
historical_restricted	Valdeolivas	historical_raw_6nn	stricter_adjacency	baseline	ACTA2	7	4	3	504	53	52	14	5	0.05293363339038759	0.17061784439988006	0.26612525277527405	0.6152268339768339	0.4967552683760373	-0.0028037365127283886	-0.005976415744032182	-0.014658573364784343	-0.03124606333178453
historical_restricted	Valdeolivas	historical_raw_6nn	stricter_adjacency	baseline	ACTA2_TAGLN	7	4	4	504	53	53	14	5	0.10828328212410337	0.2977470771358471	0.26612525277527405	0.6152268339768339	0.4967552683760373	0.04497206792241769	0.022659761473905582	0.122898735354837	0.06535389741205236
historical_restricted	Valdeolivas	historical_raw_6nn	stricter_adjacency	baseline	CXCL12	7	4	0	504	53	0	14	5	0.0	NA	0.26612525277527405	0.6152268339768339	0.4967552683760373	0.0	0.0	NA	NA
historical_restricted	Valdeolivas	historical_raw_6nn	stricter_adjacency	baseline	TAGLN	7	4	3	504	53	52	14	5	0.17422021740179527	0.3355518758717552	0.26612525277527405	0.6152268339768339	0.4967552683760373	0.08488064320784205	0.08876347304520496	0.18570914620224088	0.21780665961863602
historical_restricted	Valdeolivas	historical_raw_6nn	stricter_adjacency	baseline	TGFB1	7	4	2	504	53	14	14	5	0.22317369214892935	0.6688445200277836	0.26612525277527405	0.6152268339768339	0.4967552683760373	0.02558242801126978	-0.005427718319118396	0.5596353655519438	0.08471304571281306
historical_restricted	Valdeolivas	historical_raw_6nn	stricter_adjacency	baseline	TGFB1_CXCL12	7	4	2	504	53	14	14	5	0.07309163653333976	0.32594122460750874	0.26612525277527405	0.6152268339768339	0.4967552683760373	-0.004179425023210226	-0.003488903316983691	0.07833190254559254	0.0092737447778877
historical_restricted	Valdeolivas	historical_raw_6nn	stricter_adjacency	baseline	four_gene_mean	7	4	4	504	53	53	14	5	0.06329823510690666	0.2694329353243492	0.26612525277527405	0.6152268339768339	0.4967552683760373	0.027221468224999365	0.024785966426582366	0.11690205794885154	0.10534912621314776
historical_restricted	Valdeolivas	historical_raw_6nn	stricter_adjacency	far500	four_gene_mean	7	4	4	504	53	53	14	5	0.07404940552544896	0.31657242317329154	0.26612525277527405	0.591279455225723	0.4967552683760373	0.0412412113665555	0.028006534241462024	0.17810967234344732	0.12040622775642756
historical_restricted	Valdeolivas	historical_raw_6nn	stricter_adjacency	grid4	four_gene_mean	7	4	4	504	53	53	14	5	0.06329823510690666	0.2694329353243492	0.26612525277527405	0.6152268339768339	0.4967552683760373	0.026566716794541673	0.021253250538580466	0.11414895405331639	0.08985314036646669
historical_restricted	Valdeolivas	historical_raw_6nn	stricter_adjacency	grid8	four_gene_mean	7	4	4	504	53	53	14	5	0.06329823510690666	0.2694329353243492	0.26612525277527405	0.6152268339768339	0.4967552683760373	0.027343070705704485	0.015584688667028473	0.11754520954858282	0.07180475850120338
historical_restricted	Valdeolivas	historical_raw_6nn	stricter_adjacency	near150	four_gene_mean	7	4	4	504	53	53	14	5	0.06329823510690666	0.2694329353243492	0.26612525277527405	0.6152268339768339	0.4967552683760373	0.026917817564367	0.02443107332544188	0.11564696198865151	0.10378795388702822
historical_restricted	Valdeolivas	nominal_honeycomb_exact	stromal_retention	baseline	ACTA2	7	4	4	504	116	102	14	6	0.21385587877705667	0.39628473793578173	0.3630714005501511	0.5677657887479316	0.5276822227581653	0.11995654257024654	0.08588158936547521	0.2212696327883179	0.15809546011494138
historical_restricted	Valdeolivas	nominal_honeycomb_exact	stromal_retention	baseline	ACTA2_TAGLN	7	4	4	504	116	116	14	6	0.12045089864631942	0.3405640367934993	0.3630714005501511	0.5677657887479316	0.5276822227581653	0.039699133160053454	0.018070861202794275	0.10231838287409872	0.044998061862686074
historical_restricted	Valdeolivas	nominal_honeycomb_exact	stromal_retention	baseline	CXCL12	7	4	0	504	116	0	14	6	0.0	NA	0.3630714005501511	0.5677657887479316	0.5276822227581653	0.0	0.0	NA	NA
historical_restricted	Valdeolivas	nominal_honeycomb_exact	stromal_retention	baseline	TAGLN	7	4	4	504	116	102	14	6	0.15529156678123218	0.2917350442390803	0.3630714005501511	0.5677657887479316	0.5276822227581653	0.07863443950911483	0.06200893818410088	0.14296597212810877	0.022994209465452446
historical_restricted	Valdeolivas	nominal_honeycomb_exact	stromal_retention	baseline	TGFB1	7	4	2	504	116	25	14	6	0.15707885055052767	0.727782256823614	0.3630714005501511	0.5677657887479316	0.5276822227581653	0.06605862056616109	0.004194850993552712	0.6460729723918816	0.059145132676027404
historical_restricted	Valdeolivas	nominal_honeycomb_exact	stromal_retention	baseline	TGFB1_CXCL12	7	4	2	504	116	25	14	6	0.1315272258784452	0.4782448959734335	0.3630714005501511	0.5677657887479316	0.5276822227581653	0.05154647210236553	0.0	0.20684994179980518	0.052785016844992844
historical_restricted	Valdeolivas	nominal_honeycomb_exact	stromal_retention	baseline	four_gene_mean	7	4	4	504	116	116	14	6	0.07779726318490646	0.3312103187291915	0.3630714005501511	0.5677657887479316	0.5276822227581653	0.044500279059019814	0.026738843253293787	0.1908447415589839	0.124820653628093
historical_restricted	Valdeolivas	nominal_honeycomb_exact	stromal_retention	far500	four_gene_mean	7	4	4	504	116	116	14	6	0.098331169727924	0.42118966400738933	0.3630714005501511	0.5628708005114744	0.5276822227581653	0.0652842090100302	0.021928870111579735	0.28116463341255604	0.09651631348623714
historical_restricted	Valdeolivas	nominal_honeycomb_exact	stromal_retention	grid4	four_gene_mean	7	4	4	504	114	114	14	6	0.07779726318490646	0.3312103187291915	0.3630714005501511	0.5677657887479316	0.5276822227581653	0.04197354187636206	0.0280091611515262	0.17999582257411756	0.11895695399111542
historical_restricted	Valdeolivas	nominal_honeycomb_exact	stromal_retention	grid8	four_gene_mean	7	4	4	504	116	116	14	6	0.07779726318490646	0.3312103187291915	0.3630714005501511	0.5677657887479316	0.5276822227581653	0.044612818266605125	0.0025580494501111634	0.19141680702283345	0.014465325420400934
historical_restricted	Valdeolivas	nominal_honeycomb_exact	stromal_retention	near150	four_gene_mean	7	4	4	504	116	116	14	6	0.07779726318490646	0.3312103187291915	0.3630714005501511	0.5677657887479316	0.5276822227581653	0.04439433192060934	0.026857818538549738	0.19043007542704074	0.12333343004876099
historical_restricted	Valdeolivas	nominal_honeycomb_exact	stricter_adjacency	baseline	ACTA2	7	3	3	504	52	52	14	4	0.08037375698026916	0.21006207275438493	0.3715553677092138	0.6977155727155726	0.4863822271797732	0.0033859392567483493	-0.013775260332806183	0.008849373790845758	-0.03600254420047684
historical_restricted	Valdeolivas	nominal_honeycomb_exact	stricter_adjacency	baseline	ACTA2_TAGLN	7	3	3	504	52	52	14	4	0.1160937487832201	0.3090145850517652	0.3715553677092138	0.6977155727155726	0.4863822271797732	0.05216351177439438	0.03364789576347252	0.16099002601024578	0.08310997368062085
historical_restricted	Valdeolivas	nominal_honeycomb_exact	stricter_adjacency	baseline	CXCL12	7	3	0	504	52	0	14	4	0.0	NA	0.3715553677092138	0.6977155727155726	0.4863822271797732	0.0	0.0	NA	NA
historical_restricted	Valdeolivas	nominal_honeycomb_exact	stricter_adjacency	baseline	TAGLN	7	3	3	504	52	52	14	4	0.1786464957649445	0.35496215226508765	0.3715553677092138	0.6977155727155726	0.4863822271797732	0.08590161879329539	0.08674935306782428	0.20135655523801022	0.20334367557024843
historical_restricted	Valdeolivas	nominal_honeycomb_exact	stricter_adjacency	baseline	TGFB1	7	3	2	504	52	14	14	4	0.11599788616195689	0.7005533671071936	0.3715553677092138	0.6977155727155726	0.4863822271797732	0.06529054254838751	0.0	0.6009989144168182	0.0648815555194497
historical_restricted	Valdeolivas	nominal_honeycomb_exact	stricter_adjacency	baseline	TGFB1_CXCL12	7	3	2	504	52	14	14	4	0.10607434650967723	0.5333410135372361	0.3715553677092138	0.6977155727155726	0.4863822271797732	0.060500017783511495	0.004389381591553165	0.26094057896739487	0.05906363837948768
historical_restricted	Valdeolivas	nominal_honeycomb_exact	stricter_adjacency	baseline	four_gene_mean	7	3	3	504	52	52	14	4	0.06198828968854553	0.2555331410786998	0.3715553677092138	0.6977155727155726	0.4863822271797732	0.02912685175348173	0.01904969428554623	0.127559576592321	0.07777616490450269
historical_restricted	Valdeolivas	nominal_honeycomb_exact	stricter_adjacency	far500	four_gene_mean	7	3	3	504	52	52	14	4	0.07242322882304764	0.31717387386408563	0.3715553677092138	0.6777856407617087	0.4863822271797732	0.05172132573019678	0.025663067647526572	0.226510934541656	0.1123901089923757
historical_restricted	Valdeolivas	nominal_honeycomb_exact	stricter_adjacency	grid4	four_gene_mean	7	3	3	504	52	52	14	4	0.06198828968854553	0.2555331410786998	0.3715553677092138	0.6977155727155726	0.4863822271797732	0.02843583015765691	0.020889052133490613	0.12453328240420893	0.08519671336636642
historical_restricted	Valdeolivas	nominal_honeycomb_exact	stricter_adjacency	grid8	four_gene_mean	7	3	3	504	52	52	14	4	0.06198828968854553	0.2555331410786998	0.3715553677092138	0.6977155727155726	0.4863822271797732	0.02910574364678009	0.01147575750660984	0.12746713470480375	0.05378857996543457
historical_restricted	Valdeolivas	nominal_honeycomb_exact	stricter_adjacency	near150	four_gene_mean	7	3	3	504	52	52	14	4	0.06198828968854553	0.2555331410786998	0.3715553677092138	0.6977155727155726	0.4863822271797732	0.028294627265080363	0.019085418146865804	0.12391489146573333	0.07790335065687634
independent_eligible	GSE294385	historical_raw_6nn	stromal_retention	baseline	ACTA2	5	5	5	336	261	261	8	8	0.1928330076076612	0.35248535668022696	0.45074695311322976	0.5595238095238095	0.40614402936224997	0.13763690606309573	0.07274952328506601	0.25303106864841884	0.10998732814437144
independent_eligible	GSE294385	historical_raw_6nn	stromal_retention	baseline	ACTA2_TAGLN	5	5	5	336	261	261	8	8	0.2171398198272969	0.42889125037500586	0.45074695311322976	0.5595238095238095	0.40614402936224997	0.17082942583482602	0.07819590118851938	0.3495529498887869	0.08574294818926696
independent_eligible	GSE294385	historical_raw_6nn	stromal_retention	baseline	CXCL12	5	5	3	336	261	176	8	8	0.15652862134113582	0.33226967691550136	0.45074695311322976	0.5595238095238095	0.40614402936224997	0.09866929067889571	0.012447991646844347	0.2021635268558119	0.086310634976035
independent_eligible	GSE294385	historical_raw_6nn	stromal_retention	baseline	TAGLN	5	5	5	336	261	261	8	8	0.22620874709922512	0.42255670414162155	0.45074695311322976	0.5595238095238095	0.40614402936224997	0.17203966929232462	0.05089564837858229	0.30973375687735805	0.11107608806271238
independent_eligible	GSE294385	historical_raw_6nn	stromal_retention	baseline	TGFB1	5	5	2	336	261	71	8	8	0.01778290184513904	0.4089575551745461	0.45074695311322976	0.5595238095238095	0.40614402936224997	0.012756454092030026	0.0027331080783668943	0.186475313614311	0.043613577338479675
independent_eligible	GSE294385	historical_raw_6nn	stromal_retention	baseline	TGFB1_CXCL12	5	5	4	336	261	194	8	8	0.08044274886853806	0.34319687394725085	0.45074695311322976	0.5595238095238095	0.40614402936224997	0.05480667484017228	0.04151710469208497	0.25157910659530236	0.2307148891262748
independent_eligible	GSE294385	historical_raw_6nn	stromal_retention	baseline	four_gene_mean	5	5	5	336	261	261	8	8	0.13005781647417758	0.32898790831689156	0.45074695311322976	0.5595238095238095	0.40614402936224997	0.09988596947296996	0.056059836453055234	0.24696890125780807	0.18628311167860168
independent_eligible	GSE294385	historical_raw_6nn	stromal_retention	far500	four_gene_mean	5	5	5	336	261	261	8	8	0.16626084092584542	0.37650890795237413	0.45074695311322976	0.5561224489795918	0.40614402936224997	0.14558823737412846	0.055992313371023505	0.3219103413584513	0.18562870375185525
independent_eligible	GSE294385	historical_raw_6nn	stromal_retention	grid4	four_gene_mean	5	5	5	336	253	253	8	8	0.1327371555144864	0.3717179873868266	0.45074695311322976	0.5943271587190756	0.40614402936224997	0.10058340770702262	0.06602975420833934	0.2790356728935113	0.21759104066951557
independent_eligible	GSE294385	historical_raw_6nn	stromal_retention	grid8	four_gene_mean	5	5	5	336	266	266	8	8	0.13005781647417758	0.32898790831689156	0.45074695311322976	0.5595238095238095	0.40614402936224997	0.09944818077772957	0.04625150560497171	0.24663084087828974	0.17918303787251932
independent_eligible	GSE294385	historical_raw_6nn	stromal_retention	near150	four_gene_mean	5	5	5	336	261	261	8	8	0.13005781647417758	0.32898790831689156	0.45074695311322976	0.5595238095238095	0.40614402936224997	0.0994616036398587	0.055928846418161426	0.2452938379793873	0.18591726593192295
independent_eligible	GSE294385	historical_raw_6nn	stricter_adjacency	baseline	ACTA2	5	5	5	336	195	195	8	8	0.2208840702713495	0.3218779049562751	0.21146566884053972	0.7351190476190477	0.40614402936224997	0.16168763164665606	0.10499308243030187	0.2642556374074167	0.2525955830656085
independent_eligible	GSE294385	historical_raw_6nn	stricter_adjacency	baseline	ACTA2_TAGLN	5	5	5	336	195	195	8	8	0.2610215904269577	0.39589688380608207	0.21146566884053972	0.7351190476190477	0.40614402936224997	0.18029521327967407	0.14027232920292892	0.25729848114289094	0.21554271479024364
independent_eligible	GSE294385	historical_raw_6nn	stricter_adjacency	baseline	CXCL12	5	5	3	336	195	143	8	8	0.16875761508167308	0.3641997245784087	0.21146566884053972	0.7351190476190477	0.40614402936224997	0.1061976412035442	0.052189640595918074	0.22358005295062763	0.10668140286638585
independent_eligible	GSE294385	historical_raw_6nn	stricter_adjacency	baseline	TAGLN	5	5	5	336	195	195	8	8	0.26045332703843194	0.4258270317837488	0.21146566884053972	0.7351190476190477	0.40614402936224997	0.19585311118511517	0.15298021541874873	0.2801793148286926	0.17714954944286018
independent_eligible	GSE294385	historical_raw_6nn	stricter_adjacency	baseline	TGFB1	5	5	2	336	195	55	8	8	0.014294407410358909	0.41773507270875115	0.21146566884053972	0.7351190476190477	0.40614402936224997	0.0026778907952209156	0.0004206593266596545	0.135932378241579	0.04106066799100774
independent_eligible	GSE294385	historical_raw_6nn	stricter_adjacency	baseline	TGFB1_CXCL12	5	5	4	336	195	153	8	8	0.0905522850944651	0.38511044702760455	0.21146566884053972	0.7351190476190477	0.40614402936224997	0.06159686629969708	0.0154411554864603	0.2623170073195276	0.21856745082092338
independent_eligible	GSE294385	historical_raw_6nn	stricter_adjacency	baseline	four_gene_mean	5	5	5	336	195	195	8	8	0.1425316149919228	0.31213089091314583	0.21146566884053972	0.7351190476190477	0.40614402936224997	0.1146608688590609	0.10049404284177671	0.25109656655389906	0.23481063590981455
independent_eligible	GSE294385	historical_raw_6nn	stricter_adjacency	far500	four_gene_mean	5	5	5	336	195	195	8	8	0.17351030387192376	0.3925357690436408	0.21146566884053972	0.7168367346938775	0.40614402936224997	0.12229663506146354	0.08670412697855912	0.26781817956372495	0.1898739195595155
independent_eligible	GSE294385	historical_raw_6nn	stricter_adjacency	grid4	four_gene_mean	5	5	5	336	185	185	8	8	0.13792012107523732	0.30443294391157905	0.25257731958762886	0.7351190476190477	0.40614402936224997	0.11394781563320433	0.10758721639642244	0.24953504675586888	0.23560593000074956
independent_eligible	GSE294385	historical_raw_6nn	stricter_adjacency	grid8	four_gene_mean	5	5	5	336	199	199	8	8	0.1425316149919228	0.31213089091314583	0.21146566884053972	0.7351190476190477	0.40614402936224997	0.11408259978157065	0.09306569556074248	0.24983021142030443	0.20984392342125496
independent_eligible	GSE294385	historical_raw_6nn	stricter_adjacency	near150	four_gene_mean	5	5	5	336	195	195	8	8	0.1425316149919228	0.31213089091314583	0.21146566884053972	0.7351190476190477	0.40614402936224997	0.11401932359339678	0.09947609726917529	0.24969164249305684	0.2370303105125278
independent_eligible	GSE294385	nominal_honeycomb_exact	stromal_retention	baseline	ACTA2	5	5	5	336	261	261	8	8	0.19520006588905758	0.35960652323658454	0.45074695311322976	0.5595238095238095	0.40614402936224997	0.14167385380336564	0.07322302069591857	0.26058172740898583	0.11003428150054503
independent_eligible	GSE294385	nominal_honeycomb_exact	stromal_retention	baseline	ACTA2_TAGLN	5	5	5	336	261	261	8	8	0.22286030325319883	0.392535760149583	0.45074695311322976	0.5595238095238095	0.40614402936224997	0.17575737484125192	0.0748971415335602	0.3181923951562137	0.08212581002876276
independent_eligible	GSE294385	nominal_honeycomb_exact	stromal_retention	baseline	CXCL12	5	5	3	336	261	176	8	8	0.15659977040999684	0.3324420668889656	0.45074695311322976	0.5595238095238095	0.40614402936224997	0.09990915110531615	0.012447991646844347	0.2052301642524611	0.08613249681367645
independent_eligible	GSE294385	nominal_honeycomb_exact	stromal_retention	baseline	TAGLN	5	5	5	336	261	261	8	8	0.22958317575542708	0.42255670414162116	0.45074695311322976	0.5595238095238095	0.40614402936224997	0.18202506744115882	0.053843778809473886	0.30841752705734876	0.11580969693303506
independent_eligible	GSE294385	nominal_honeycomb_exact	stromal_retention	baseline	TGFB1	5	5	2	336	261	71	8	8	0.01778290184513904	0.37773024275272243	0.45074695311322976	0.5595238095238095	0.40614402936224997	0.012646152986286241	0.0027830748905179337	0.16918990129064013	0.039439669057151364
independent_eligible	GSE294385	nominal_honeycomb_exact	stromal_retention	baseline	TGFB1_CXCL12	5	5	4	336	261	194	8	8	0.0874718702326342	0.366191875232055	0.45074695311322976	0.5595238095238095	0.40614402936224997	0.06399705534481519	0.041360916221529376	0.27970966965026844	0.24035712763862763
independent_eligible	GSE294385	nominal_honeycomb_exact	stromal_retention	baseline	four_gene_mean	5	5	5	336	261	261	8	8	0.13005781647417758	0.31848584329854485	0.45074695311322976	0.5595238095238095	0.40614402936224997	0.09996238382775652	0.054337149687189945	0.24363260572493053	0.18095691653231435
independent_eligible	GSE294385	nominal_honeycomb_exact	stromal_retention	far500	four_gene_mean	5	5	5	336	261	261	8	8	0.16740246278307885	0.37650890795237413	0.45074695311322976	0.5618556701030928	0.40614402936224997	0.14655567194991148	0.05259476948857439	0.3209431988593754	0.17496436759424233
independent_eligible	GSE294385	nominal_honeycomb_exact	stromal_retention	grid4	four_gene_mean	5	5	5	336	253	253	8	8	0.1327371555144864	0.3612159223684799	0.45074695311322976	0.5995096806638169	0.40614402936224997	0.10141542372919476	0.06441139033288423	0.2734157316922817	0.21255907801484905
independent_eligible	GSE294385	nominal_honeycomb_exact	stromal_retention	grid8	four_gene_mean	5	5	5	336	266	266	8	8	0.13005781647417758	0.31848584329854485	0.45074695311322976	0.5595238095238095	0.40614402936224997	0.09957444937054966	0.046336680274860126	0.24072944315337508	0.1795210836396742
independent_eligible	GSE294385	nominal_honeycomb_exact	stromal_retention	near150	four_gene_mean	5	5	5	336	261	261	8	8	0.13005781647417758	0.31848584329854485	0.45074695311322976	0.5595238095238095	0.40614402936224997	0.09880454595065563	0.05399923461240552	0.24071882105961556	0.1798614706057695
independent_eligible	GSE294385	nominal_honeycomb_exact	stricter_adjacency	baseline	ACTA2	5	5	5	336	187	187	8	8	0.23556530613223792	0.3500330864599355	0.2508591065292096	0.7261904761904762	0.40614402936224997	0.1602115679574096	0.11105953199873098	0.2872082572015857	0.25286097138836494
independent_eligible	GSE294385	nominal_honeycomb_exact	stricter_adjacency	baseline	ACTA2_TAGLN	5	5	5	336	187	187	8	8	0.2520057802868006	0.4078794465883898	0.2508591065292096	0.7261904761904762	0.40614402936224997	0.2085451623657229	0.14947074349984857	0.2884348083509193	0.2287112450643347
independent_eligible	GSE294385	nominal_honeycomb_exact	stricter_adjacency	baseline	CXCL12	5	5	3	336	187	142	8	8	0.15513967811878648	0.3359016557171151	0.2508591065292096	0.7261904761904762	0.40614402936224997	0.09226499585736714	0.05380320979200731	0.2025677605981343	0.11230940860973489
independent_eligible	GSE294385	nominal_honeycomb_exact	stricter_adjacency	baseline	TAGLN	5	5	5	336	187	187	8	8	0.2410160885379432	0.41654270677635286	0.2508591065292096	0.7261904761904762	0.40614402936224997	0.19165325423681434	0.15729356443414333	0.2798351752571585	0.1730446868932346
independent_eligible	GSE294385	nominal_honeycomb_exact	stricter_adjacency	baseline	TGFB1	5	5	2	336	187	55	8	8	0.019166468546452153	0.41040578169802155	0.2508591065292096	0.7261904761904762	0.40614402936224997	0.011563746344274317	0.007490252680154678	0.16935647309921847	0.07597380538038137
independent_eligible	GSE294385	nominal_honeycomb_exact	stricter_adjacency	baseline	TGFB1_CXCL12	5	5	4	336	187	152	8	8	0.08894412803905527	0.3819443116099422	0.2508591065292096	0.7261904761904762	0.40614402936224997	0.0609059820566035	0.015063916697111435	0.2648544495670231	0.23452983993037219
independent_eligible	GSE294385	nominal_honeycomb_exact	stricter_adjacency	baseline	four_gene_mean	5	5	5	336	187	187	8	8	0.15612424242342554	0.3571304166658364	0.2508591065292096	0.7261904761904762	0.40614402936224997	0.12191324486470864	0.10222142121979377	0.2669785909314958	0.23472335159820285
independent_eligible	GSE294385	nominal_honeycomb_exact	stricter_adjacency	far500	four_gene_mean	5	5	5	336	187	187	8	8	0.17725454802502244	0.3971288015556001	0.2508591065292096	0.7061855670103092	0.40614402936224997	0.1433737347958391	0.11465024482102351	0.3322677182976528	0.28338207304194574
independent_eligible	GSE294385	nominal_honeycomb_exact	stricter_adjacency	grid4	four_gene_mean	5	5	5	336	178	178	8	8	0.1493660620560171	0.32709769004143313	0.2508591065292096	0.7261904761904762	0.40614402936224997	0.12237759419121191	0.11075035752779203	0.26799547247728195	0.2458466616369352
independent_eligible	GSE294385	nominal_honeycomb_exact	stricter_adjacency	grid8	four_gene_mean	5	5	5	336	191	191	8	8	0.15612424242342554	0.3571304166658364	0.2508591065292096	0.7261904761904762	0.40614402936224997	0.12168324006022505	0.09567281691926202	0.26647490194613044	0.2117741477018129
independent_eligible	GSE294385	nominal_honeycomb_exact	stricter_adjacency	near150	four_gene_mean	5	5	5	336	187	187	8	8	0.15612424242342554	0.3571304166658364	0.2508591065292096	0.7261904761904762	0.40614402936224997	0.12258250250426489	0.10191496929409025	0.26844420249631923	0.23818039873190722
independent_eligible	Valdeolivas	historical_raw_6nn	stromal_retention	baseline	ACTA2	7	5	5	504	146	130	14	8	0.20326376011281166	0.424831959888481	0.26685393258426965	0.4493165313191291	0.5444689069585693	0.10286423170635181	0.09161464497096267	0.23229672383977307	0.11494605895917705
independent_eligible	Valdeolivas	historical_raw_6nn	stromal_retention	baseline	ACTA2_TAGLN	7	5	5	504	146	146	14	8	0.12940723499119622	0.35407111804154456	0.26685393258426965	0.4493165313191291	0.5444689069585693	0.07070960592294612	0.013331009232002783	0.17003317042241745	0.033371136549600305
independent_eligible	Valdeolivas	historical_raw_6nn	stromal_retention	baseline	CXCL12	7	5	0	504	146	0	14	8	0.0	NA	0.26685393258426965	0.4493165313191291	0.5444689069585693	0.0	0.0	NA	NA
independent_eligible	Valdeolivas	historical_raw_6nn	stromal_retention	baseline	TAGLN	7	5	5	504	146	130	14	8	0.1863293563746634	0.2680567237873366	0.26685393258426965	0.4493165313191291	0.5444689069585693	0.0969268328275249	0.02382626252948744	0.14011481955578142	0.008706618298468891
independent_eligible	Valdeolivas	historical_raw_6nn	stromal_retention	baseline	TGFB1	7	5	2	504	146	36	14	8	0.1761304206454337	0.715247964514411	0.26685393258426965	0.4493165313191291	0.5444689069585693	0.023415975029410056	0.0	0.6268958025516145	0.07913657130473996
independent_eligible	Valdeolivas	historical_raw_6nn	stromal_retention	baseline	TGFB1_CXCL12	7	5	3	504	146	39	14	8	0.11336741080238524	0.33796127837308365	0.26685393258426965	0.4493165313191291	0.5444689069585693	0.01534543645339996	0.0	0.1095505523435181	0.04127086177687223
independent_eligible	Valdeolivas	historical_raw_6nn	stromal_retention	baseline	four_gene_mean	7	5	5	504	146	146	14	8	0.1102973960800791	0.4830418770380357	0.26685393258426965	0.4493165313191291	0.5444689069585693	0.055862432356011016	0.022844890772323913	0.24464670191821003	0.09557093887849985
independent_eligible	Valdeolivas	historical_raw_6nn	stromal_retention	far500	four_gene_mean	7	5	5	504	148	148	14	8	0.11793054552833204	0.5025249216454246	0.26685393258426965	0.4622922847010015	0.5444689069585693	0.07175710517077248	0.03315775254944741	0.28953016670042375	0.13963124503559757
independent_eligible	Valdeolivas	historical_raw_6nn	stromal_retention	grid4	four_gene_mean	7	5	5	504	143	143	14	7	0.1102973960800791	0.4830418770380357	0.26685393258426965	0.492603550295858	0.5444689069585693	0.05601575368597886	0.025467178691189918	0.24531816494136124	0.10634377867235886
independent_eligible	Valdeolivas	historical_raw_6nn	stromal_retention	grid8	four_gene_mean	7	5	5	504	146	146	14	8	0.1102973960800791	0.4830418770380357	0.26685393258426965	0.4493165313191291	0.5444689069585693	0.054963224910202224	0.006436974418717448	0.24070866831173485	0.02668039216007281
independent_eligible	Valdeolivas	historical_raw_6nn	stromal_retention	near150	four_gene_mean	7	5	5	504	146	146	14	8	0.1102973960800791	0.4830418770380357	0.26685393258426965	0.4493165313191291	0.5444689069585693	0.054963224910202224	0.022693628100567582	0.24070866831173485	0.09495713632331595
independent_eligible	Valdeolivas	historical_raw_6nn	stricter_adjacency	baseline	ACTA2	7	4	3	504	63	62	14	5	0.15794785658542193	0.4382893625028418	0.26612525277527405	0.4811341482901885	0.4977502012977786	0.07969588743550238	0.05686820520126	0.22221502978622745	0.13457738474792164
independent_eligible	Valdeolivas	historical_raw_6nn	stricter_adjacency	baseline	ACTA2_TAGLN	7	4	4	504	63	63	14	5	0.11304201180737254	0.30217950536873195	0.26612525277527405	0.4811341482901885	0.4977502012977786	0.04571430688981511	0.03993005256539144	0.12485470682988174	0.11730443517198874
independent_eligible	Valdeolivas	historical_raw_6nn	stricter_adjacency	baseline	CXCL12	7	4	0	504	63	0	14	5	0.0	NA	0.26612525277527405	0.4811341482901885	0.4977502012977786	0.0	0.0	NA	NA
independent_eligible	Valdeolivas	historical_raw_6nn	stricter_adjacency	baseline	TAGLN	7	4	3	504	63	62	14	5	0.1623970189205411	0.2955061879139588	0.26612525277527405	0.4811341482901885	0.4977502012977786	0.06837550999750958	0.07368120044145454	0.12862087640983144	0.16414672680919865
independent_eligible	Valdeolivas	historical_raw_6nn	stricter_adjacency	baseline	TGFB1	7	4	2	504	63	21	14	5	0.22317369214892935	0.7351326137762086	0.26612525277527405	0.4811341482901885	0.4977502012977786	0.02558242801126978	-0.005427718319118396	0.6350671271506787	0.04483132269009671
independent_eligible	Valdeolivas	historical_raw_6nn	stricter_adjacency	baseline	TGFB1_CXCL12	7	4	2	504	63	21	14	5	0.08253474418769949	0.36797106646054156	0.26612525277527405	0.4811341482901885	0.4977502012977786	-0.004179425023210226	0.004021274732159574	0.005806198459053766	0.07384145776370757
independent_eligible	Valdeolivas	historical_raw_6nn	stricter_adjacency	baseline	four_gene_mean	7	4	4	504	63	63	14	5	0.08906430859085104	0.4084337158851224	0.26612525277527405	0.4811341482901885	0.4977502012977786	0.04577671547707581	0.037316154803584196	0.2155997596740112	0.17309820160142259
independent_eligible	Valdeolivas	historical_raw_6nn	stricter_adjacency	far500	four_gene_mean	7	4	4	504	63	63	14	5	0.09277253545031167	0.42542193333717715	0.26612525277527405	0.4664584911322939	0.4977502012977786	0.049889702096011374	0.03024686291612056	0.23417648189335313	0.1405643620850054
independent_eligible	Valdeolivas	historical_raw_6nn	stricter_adjacency	grid4	four_gene_mean	7	4	4	504	63	63	14	5	0.08906430859085104	0.4084337158851224	0.26612525277527405	0.4811341482901885	0.4977502012977786	0.04581148953156666	0.043778281366197554	0.21608280730446877	0.20295010164430072
independent_eligible	Valdeolivas	historical_raw_6nn	stricter_adjacency	grid8	four_gene_mean	7	4	4	504	63	63	14	5	0.08906430859085104	0.4084337158851224	0.26612525277527405	0.4811341482901885	0.4977502012977786	0.04567641640270683	0.020922252456911046	0.21469882882675273	0.09164136095815333
independent_eligible	Valdeolivas	historical_raw_6nn	stricter_adjacency	near150	four_gene_mean	7	4	4	504	63	63	14	5	0.08906430859085104	0.4084337158851224	0.26612525277527405	0.4811341482901885	0.4977502012977786	0.04504635267190966	0.03788047399408263	0.21221259555721975	0.1755245157618055
independent_eligible	Valdeolivas	nominal_honeycomb_exact	stromal_retention	baseline	ACTA2	7	5	5	504	146	130	14	8	0.20326376011281166	0.42446072019062775	0.26685393258426965	0.4493165313191291	0.5444689069585693	0.1073262425586139	0.08954155032694361	0.24122837339747452	0.11287284679702653
independent_eligible	Valdeolivas	nominal_honeycomb_exact	stromal_retention	baseline	ACTA2_TAGLN	7	5	5	504	146	146	14	8	0.13987177497560688	0.35407111804154456	0.26685393258426965	0.4493165313191291	0.5444689069585693	0.07960371287196935	0.017354211716514648	0.17117363728984386	0.04415639543155163
independent_eligible	Valdeolivas	nominal_honeycomb_exact	stromal_retention	baseline	CXCL12	7	5	0	504	146	0	14	8	0.0	NA	0.26685393258426965	0.4493165313191291	0.5444689069585693	0.0	0.0	NA	NA
independent_eligible	Valdeolivas	nominal_honeycomb_exact	stromal_retention	baseline	TAGLN	7	5	5	504	146	130	14	8	0.1863293563746634	0.2680567237873366	0.26685393258426965	0.4493165313191291	0.5444689069585693	0.09183961204528346	0.02125258687150293	0.14089543899160872	0.011361064283341032
independent_eligible	Valdeolivas	nominal_honeycomb_exact	stromal_retention	baseline	TGFB1	7	5	2	504	146	36	14	8	0.1761304206454337	0.7312744696261491	0.26685393258426965	0.4493165313191291	0.5444689069585693	0.020067077163301958	0.0	0.6443446537849066	0.06725888861534964
independent_eligible	Valdeolivas	nominal_honeycomb_exact	stromal_retention	baseline	TGFB1_CXCL12	7	5	3	504	146	39	14	8	0.20459980105918016	0.6099355170188315	0.26685393258426965	0.4493165313191291	0.5444689069585693	0.07315318236023274	0.0	0.24259239252373593	0.03226445825149512
independent_eligible	Valdeolivas	nominal_honeycomb_exact	stromal_retention	baseline	four_gene_mean	7	5	5	504	146	146	14	8	0.11630202003200074	0.4895751588383755	0.26685393258426965	0.4493165313191291	0.5444689069585693	0.0606697010691703	0.02317389348396108	0.26569989252068593	0.09696315456722845
independent_eligible	Valdeolivas	nominal_honeycomb_exact	stromal_retention	far500	four_gene_mean	7	5	5	504	148	148	14	8	0.12185773057261362	0.5025249216454246	0.26685393258426965	0.4622922847010015	0.5444689069585693	0.07705034799239324	0.032119074274298554	0.3033159553118437	0.1353238491524179
independent_eligible	Valdeolivas	nominal_honeycomb_exact	stromal_retention	grid4	four_gene_mean	7	5	5	504	143	143	14	7	0.1170173372014301	0.5124715198782508	0.26685393258426965	0.492603550295858	0.5444689069585693	0.06109201339175763	0.025575519243987266	0.26754938801422207	0.10679907826828244
independent_eligible	Valdeolivas	nominal_honeycomb_exact	stromal_retention	grid8	four_gene_mean	7	5	5	504	146	146	14	8	0.11630202003200074	0.4895751588383755	0.26685393258426965	0.4493165313191291	0.5444689069585693	0.0619163701172091	0.007951187362345735	0.2711596166702268	0.03288857652173315
independent_eligible	Valdeolivas	nominal_honeycomb_exact	stromal_retention	near150	four_gene_mean	7	5	5	504	146	146	14	8	0.11630202003200074	0.4895751588383755	0.26685393258426965	0.4493165313191291	0.5444689069585693	0.06071830788138827	0.02262291624072446	0.2659127636005576	0.09461862067664781
independent_eligible	Valdeolivas	nominal_honeycomb_exact	stricter_adjacency	baseline	ACTA2	7	3	3	504	63	63	14	4	0.2535158890385789	0.4322813196806607	0.35349746407438715	0.5327380952380952	0.4883720930232558	0.16702237411657617	0.10054488957547919	0.2019324071208193	0.11472781293646153
independent_eligible	Valdeolivas	nominal_honeycomb_exact	stricter_adjacency	baseline	ACTA2_TAGLN	7	3	3	504	63	63	14	4	0.1674334253121598	0.38867542100547336	0.35349746407438715	0.5327380952380952	0.4883720930232558	0.08192015242396938	0.06182181379081464	0.19724697925139015	0.18515871777437304
independent_eligible	Valdeolivas	nominal_honeycomb_exact	stricter_adjacency	baseline	CXCL12	7	3	0	504	63	0	14	4	0.0	NA	0.35349746407438715	0.5327380952380952	0.4883720930232558	0.0	0.0	NA	NA
independent_eligible	Valdeolivas	nominal_honeycomb_exact	stricter_adjacency	baseline	TAGLN	7	3	3	504	63	63	14	4	0.1786464957649445	0.3302492605314362	0.35349746407438715	0.5327380952380952	0.4883720930232558	0.07299913789795855	0.0743156079518599	0.11710020518047444	0.11856619142417413
independent_eligible	Valdeolivas	nominal_honeycomb_exact	stricter_adjacency	baseline	TGFB1	7	3	2	504	63	21	14	4	0.11599788616195689	0.7515821287923445	0.35349746407438715	0.5327380952380952	0.4883720930232558	0.06529054254838751	0.0	0.6665047018251811	0.04228428477955676
independent_eligible	Valdeolivas	nominal_honeycomb_exact	stricter_adjacency	baseline	TGFB1_CXCL12	7	3	2	504	63	21	14	4	0.10607434650967723	0.5857916992803589	0.35349746407438715	0.5327380952380952	0.4883720930232558	0.06980384744901802	0.021469486766943338	0.2809336791290808	0.09660878784588742
independent_eligible	Valdeolivas	nominal_honeycomb_exact	stricter_adjacency	baseline	four_gene_mean	7	3	3	504	63	63	14	4	0.10983924330401384	0.5363055510209725	0.35349746407438715	0.5327380952380952	0.4883720930232558	0.07517933587281789	0.03909926052296875	0.3292441055282331	0.19090763763953425
independent_eligible	Valdeolivas	nominal_honeycomb_exact	stricter_adjacency	far500	four_gene_mean	7	3	3	504	63	63	14	4	0.11285103891236636	0.5510110665973077	0.35349746407438715	0.5047732696897375	0.4883720930232558	0.08007033666527524	0.028423390467269494	0.39095467825510766	0.1387812008522475
independent_eligible	Valdeolivas	nominal_honeycomb_exact	stricter_adjacency	grid4	four_gene_mean	7	3	3	504	63	63	14	4	0.10983924330401384	0.5363055510209725	0.35349746407438715	0.5327380952380952	0.4883720930232558	0.07728188966509952	0.06549812587212761	0.33845213370017463	0.2905983190644323
independent_eligible	Valdeolivas	nominal_honeycomb_exact	stricter_adjacency	grid8	four_gene_mean	7	3	3	504	63	63	14	4	0.10983924330401384	0.5363055510209725	0.35349746407438715	0.5327380952380952	0.4883720930232558	0.07728188966509952	0.02378731317439374	0.33845213370017463	0.09609314809960179
independent_eligible	Valdeolivas	nominal_honeycomb_exact	stricter_adjacency	near150	four_gene_mean	7	3	3	504	63	63	14	4	0.10983924330401384	0.5363055510209725	0.35349746407438715	0.5327380952380952	0.4883720930232558	0.07495470086350309	0.038689046599511556	0.3282603278471254	0.18890471047399227
