resource	patient_id	sample_id	section_id	registered_spots	source_label_present_spots	source_label_absent_spots	source_label_absent_fraction	n_tumor	n_stroma	n_normal_epithelium	n_unresolved	n_mixed	n_exclude	public_raw_registered_label_spots	public_qc_registered_label_spots	public_raw_qc_registered_sets_equal
Valdeolivas	A121573	SN048_A121573_Rep1	S5_Rec	2203	2203	0	0.0	337	249	294	0	258	151	NA	NA	NA
Valdeolivas	A121573	SN048_A121573_Rep2	S5_Rec	2385	2385	0	0.0	373	396	238	0	371	94	NA	NA	NA
Valdeolivas	A416371	SN048_A416371_Rep1	S3_Col_R	2317	2317	0	0.0	672	728	0	0	917	0	NA	NA	NA
Valdeolivas	A416371	SN048_A416371_Rep2	S3_Col_R	1803	1802	1	0.0005546311702717693	627	524	0	1	651	0	NA	NA	NA
Valdeolivas	A551763	SN123_A551763_Rep1	S1_Cec	691	691	0	0.0	375	70	0	0	220	26	NA	NA	NA
Valdeolivas	A595688	SN123_A595688_Rep1	S2_Col_R	1192	1192	0	0.0	235	209	71	10	205	81	NA	NA	NA
Valdeolivas	A798015	SN123_A798015_Rep1	S7_Rec/Sig	1685	1682	3	0.0017804154302670622	0	883	83	3	0	50	NA	NA	NA
Valdeolivas	A938797	SN123_A938797_Rep1_X	S6_Rec	2128	2127	1	0.00046992481203007516	121	1414	29	9	218	183	NA	NA	NA
Valdeolivas	A551763	SN124_A551763_Rep2	S1_Cec	1219	1216	3	0.002461033634126333	698	50	0	3	414	54	NA	NA	NA
Valdeolivas	A595688	SN124_A595688_Rep2	S2_Col_R	387	387	0	0.0	162	74	25	1	47	31	NA	NA	NA
Valdeolivas	A798015	SN124_A798015_Rep2	S7_Rec/Sig	1656	1656	0	0.0	0	689	89	0	0	82	NA	NA	NA
Valdeolivas	A938797	SN124_A938797_Rep2	S6_Rec	1691	1691	0	0.0	165	959	60	21	181	206	NA	NA	NA
Valdeolivas	A120838	SN84_A120838_Rep1	S4_Col_Sig	328	328	0	0.0	43	156	0	0	41	88	NA	NA	NA
Valdeolivas	A120838	SN84_A120838_Rep2	S4_Col_Sig	1048	1048	0	0.0	232	408	0	2	211	195	NA	NA	NA
GSE294385	Patient1	M-ST-13	Primary Colon M-ST-13	7746	7601	145	0.018719339013684482	2488	1207	3509	542	0	0	7601.0	7601.0	True
GSE294385	Patient6	M-ST-15	Primary Colon M-ST-15	9530	7858	1672	0.17544596012591815	1899	482	3366	3783	0	0	7858.0	7858.0	True
GSE294385	Patient11	M-ST-29	Primary Colon M-ST-29	10876	10520	356	0.03273262228760574	3610	2567	3859	840	0	0	10520.0	10520.0	True
GSE294385	Patient11	M-ST-30	Primary Colon M-ST-30	6240	6052	188	0.03012820512820513	291	376	5350	223	0	0	6052.0	6052.0	True
GSE294385	Patient9	M-ST-31	Primary Colon M-ST-31	4330	4079	251	0.05796766743648961	1121	1268	1534	407	0	0	4080.0	4079.0	False
GSE294385	Patient9	M-ST-32	Primary Colon M-ST-32	7238	7070	168	0.02321083172147002	3546	1565	1429	698	0	0	7070.0	7070.0	True
GSE294385	Patient10	M-ST-33	Primary Colon M-ST-33	10801	10251	550	0.05092121099898157	2517	780	6852	652	0	0	10252.0	10251.0	False
GSE294385	Patient10	M-ST-34	Primary Colon M-ST-34	7392	7370	22	0.002976190476190476	2251	2698	1742	701	0	0	7370.0	7370.0	True
