name_type	original_name	submission_name	meaning
field	anchor_block_median	full_band_block_median	Same column definition and numerical values; see TABLE_FIELD_DICTIONARY.tsv
field	anchor_bootstrap_used	full_band_bootstrap_used	Same column definition and numerical values; see TABLE_FIELD_DICTIONARY.tsv
field	anchor_change_high	selected_minus_full_high	Same column definition and numerical values; see TABLE_FIELD_DICTIONARY.tsv
field	anchor_change_low	selected_minus_full_low	Same column definition and numerical values; see TABLE_FIELD_DICTIONARY.tsv
field	anchor_conclusion	full_band_classification	Same column definition and numerical values; see TABLE_FIELD_DICTIONARY.tsv
field	anchor_covered	full_band_covered	Same column definition and numerical values; see TABLE_FIELD_DICTIONARY.tsv
field	anchor_delta	full_band_delta	Same column definition and numerical values; see TABLE_FIELD_DICTIONARY.tsv
field	anchor_delta_score	full_band_delta_score	Same column definition and numerical values; see TABLE_FIELD_DICTIONARY.tsv
field	anchor_delta_score_100	full_band_delta_score_100	Same column definition and numerical values; see TABLE_FIELD_DICTIONARY.tsv
field	anchor_delta_score_175	full_band_delta_score_175	Same column definition and numerical values; see TABLE_FIELD_DICTIONARY.tsv
field	anchor_error	full_band_error	Same column definition and numerical values; see TABLE_FIELD_DICTIONARY.tsv
field	anchor_high	full_band_high	Same column definition and numerical values; see TABLE_FIELD_DICTIONARY.tsv
field	anchor_low	full_band_low	Same column definition and numerical values; see TABLE_FIELD_DICTIONARY.tsv
field	anchor_null	full_band_null	Same column definition and numerical values; see TABLE_FIELD_DICTIONARY.tsv
field	anchor_null_rejected	full_band_null_rejected	Same column definition and numerical values; see TABLE_FIELD_DICTIONARY.tsv
field	anchor_pass	full_band_pass	Same column definition and numerical values; see TABLE_FIELD_DICTIONARY.tsv
field	anchor_reason	full_band_reason	Same column definition and numerical values; see TABLE_FIELD_DICTIONARY.tsv
field	anchor_status	full_band_status	Same column definition and numerical values; see TABLE_FIELD_DICTIONARY.tsv
field	anchor_supported	full_band_supported	Same column definition and numerical values; see TABLE_FIELD_DICTIONARY.tsv
field	anchor_truth	full_band_truth	Same column definition and numerical values; see TABLE_FIELD_DICTIONARY.tsv
field	change_vs_anchor	selected_minus_full	Same column definition and numerical values; see TABLE_FIELD_DICTIONARY.tsv
field	computational_conclusion	domain_selected_classification	Same column definition and numerical values; see TABLE_FIELD_DICTIONARY.tsv
field	computational_delta	domain_selected_contrast	Same column definition and numerical values; see TABLE_FIELD_DICTIONARY.tsv
field	computational_delta_new	domain_selected_delta_new	Same column definition and numerical values; see TABLE_FIELD_DICTIONARY.tsv
field	computational_delta_old	domain_selected_delta_old	Same column definition and numerical values; see TABLE_FIELD_DICTIONARY.tsv
field	computational_high	domain_selected_high	Same column definition and numerical values; see TABLE_FIELD_DICTIONARY.tsv
field	computational_low	domain_selected_low	Same column definition and numerical values; see TABLE_FIELD_DICTIONARY.tsv
field	fraction_changed_stroma_outside_anchor_bands	fraction_changed_stroma_outside_full_band_bands	Same column definition and numerical values; see TABLE_FIELD_DICTIONARY.tsv
field	latent_anchor_truth	latent_full_band_truth	Same column definition and numerical values; see TABLE_FIELD_DICTIONARY.tsv
field	map_to_anchor_support_loss	map_to_full_band_support_loss	Same column definition and numerical values; see TABLE_FIELD_DICTIONARY.tsv
field	morphology_anchor_delta	full_band_contrast	Same column definition and numerical values; see TABLE_FIELD_DICTIONARY.tsv
field	morphology_anchor_delta_new	morphology_full_band_delta_new	Same column definition and numerical values; see TABLE_FIELD_DICTIONARY.tsv
field	morphology_anchor_delta_old	morphology_full_band_delta_old	Same column definition and numerical values; see TABLE_FIELD_DICTIONARY.tsv
field	morphology_anchor_high	full_band_contrast_high	Same column definition and numerical values; see TABLE_FIELD_DICTIONARY.tsv
field	morphology_anchor_low	full_band_contrast_low	Same column definition and numerical values; see TABLE_FIELD_DICTIONARY.tsv
field	n_anchor	n_full_band	Same column definition and numerical values; see TABLE_FIELD_DICTIONARY.tsv
field	n_anchor_far	n_full_band_far	Same column definition and numerical values; see TABLE_FIELD_DICTIONARY.tsv
field	n_anchor_far_100	n_full_band_far_100	Same column definition and numerical values; see TABLE_FIELD_DICTIONARY.tsv
field	n_anchor_far_175	n_full_band_far_175	Same column definition and numerical values; see TABLE_FIELD_DICTIONARY.tsv
field	n_anchor_near	n_full_band_near	Same column definition and numerical values; see TABLE_FIELD_DICTIONARY.tsv
field	n_anchor_near_100	n_full_band_near_100	Same column definition and numerical values; see TABLE_FIELD_DICTIONARY.tsv
field	n_anchor_near_175	n_full_band_near_175	Same column definition and numerical values; see TABLE_FIELD_DICTIONARY.tsv
field	n_changed_stroma_outside_anchor_bands	n_changed_stroma_outside_full_band_bands	Same column definition and numerical values; see TABLE_FIELD_DICTIONARY.tsv
field	n_computational_far	n_domain_selected_far	Same column definition and numerical values; see TABLE_FIELD_DICTIONARY.tsv
field	n_computational_near	n_domain_selected_near	Same column definition and numerical values; see TABLE_FIELD_DICTIONARY.tsv
field	paired_anchor_n_accepted	paired_full_band_n_accepted	Same column definition and numerical values; see TABLE_FIELD_DICTIONARY.tsv
field	paired_anchor_n_attempted	paired_full_band_n_attempted	Same column definition and numerical values; see TABLE_FIELD_DICTIONARY.tsv
field	paired_anchor_n_used	paired_full_band_n_used	Same column definition and numerical values; see TABLE_FIELD_DICTIONARY.tsv
field	paired_anchor_reason	paired_full_band_reason	Same column definition and numerical values; see TABLE_FIELD_DICTIONARY.tsv
field	paired_anchor_seed	paired_full_band_seed	Same column definition and numerical values; see TABLE_FIELD_DICTIONARY.tsv
field	paired_anchor_status	paired_full_band_status	Same column definition and numerical values; see TABLE_FIELD_DICTIONARY.tsv
field	primary_anchor_far	primary_full_band_far	Same column definition and numerical values; see TABLE_FIELD_DICTIONARY.tsv
field	primary_anchor_near	primary_full_band_near	Same column definition and numerical values; see TABLE_FIELD_DICTIONARY.tsv
field	reference_reproduces_anchor	reference_reproduces_full_band	Same column definition and numerical values; see TABLE_FIELD_DICTIONARY.tsv
field	supported_reversal_vs_anchor	opposite_supported_directions_vs_full	Same column definition and numerical values; see TABLE_FIELD_DICTIONARY.tsv
field	supported_reversal_vs_reference	opposite_supported_directions_vs_reference	Same column definition and numerical values; see TABLE_FIELD_DICTIONARY.tsv
category	primary_barrier	four_gene_mean	Exploratory mean of log-normalized TGFB1, CXCL12, ACTA2 and TAGLN
category	anchor_retention	stromal_retention	Intersection of fixed annotated bands with the selected stromal domain
category	strict_computational_interface	stricter_adjacency	Retained near spots also adjoin the tumor-like domain
