resource	patient_id	graph_id	estimator_id	setting_id	readout_id	n_attempted_sections	n_evaluable_sections	n_declared_maps	n_evaluable_maps	abs_deviation_score	abs_deviation_mad	near_retention	far_retention	selected_stroma_purity	count_only_excess_abs_deviation_score	block_matched_excess_abs_deviation_score	count_only_excess_abs_deviation_mad	block_matched_excess_abs_deviation_mad
GSE294385	Patient1	historical_raw_6nn	stromal_retention	near175	four_gene_mean	1	1	42	41	0.12173565407471998	0.2665896837300986	0.5931586608442504	0.8811475409836066	0.5964649207669286	0.1047920874605705	0.09895911742932473	0.2294848593525708	0.21671120115312079
GSE294385	Patient1	historical_raw_6nn	stricter_adjacency	near175	four_gene_mean	1	1	42	29	0.141440618474715	0.3097417106957007	0.08879184861717612	0.8954918032786885	0.5966892400300978	0.10618137315397425	0.09104745973603734	0.23252726493563788	0.19938541161130172
GSE294385	Patient1	nominal_honeycomb_exact	stromal_retention	near175	four_gene_mean	1	1	42	41	0.12173565407471998	0.2665896837300986	0.5931586608442504	0.8811475409836066	0.5964649207669286	0.10458404643823394	0.09932099669425926	0.22902926899353307	0.21750368285883503
GSE294385	Patient1	nominal_honeycomb_exact	stricter_adjacency	near175	four_gene_mean	1	1	42	20	0.11817776584491962	0.2587982416489862	0.42285298398835514	0.896516393442623	0.5964649207669286	0.08587978213755805	0.06080238498520718	0.1880686815450869	0.13315152989848808
GSE294385	Patient10	historical_raw_6nn	stromal_retention	near175	four_gene_mean	2	2	84	71	0.13082904189458794	0.4640869096015139	0.5298449820926265	0.5099142737663787	0.40614402936224997	0.11325989795990907	0.04422213919709081	0.4058025211771161	0.1729131989397288
GSE294385	Patient10	historical_raw_6nn	stricter_adjacency	near175	four_gene_mean	2	2	84	56	0.13081320584846337	0.469562683485783	0.23652741271329586	0.6323616531920826	0.4062133263561941	0.08342018994195002	0.05031622559878279	0.3084282048123047	0.18708819702292984
GSE294385	Patient10	nominal_honeycomb_exact	stromal_retention	near175	four_gene_mean	2	2	84	71	0.1373727855846983	0.48355796705164095	0.5298449820926265	0.5055793308339818	0.40614402936224997	0.1200938751836835	0.05175228867775364	0.4261303390989972	0.1948252580053925
GSE294385	Patient10	nominal_honeycomb_exact	stricter_adjacency	near175	four_gene_mean	2	2	84	54	0.12630780025855032	0.45028304809088954	0.2848700626629981	0.7279214118978568	0.40614402936224997	0.07879206213480519	0.058720157554168345	0.29131782099874104	0.20937843634829564
GSE294385	Patient11	historical_raw_6nn	stromal_retention	near175	four_gene_mean	2	2	84	70	0.07615870234690397	0.24982963287691895	0.5164539327534923	0.6882911392405063	0.34176008784582584	0.055834095610450496	0.035799588073229804	0.1853673700410579	0.120894511990287
GSE294385	Patient11	historical_raw_6nn	stricter_adjacency	near175	four_gene_mean	2	2	84	57	0.049612300445496915	0.16295153354102365	0.22566502880379533	0.7041139240506329	0.36899009337790223	0.01285026418722282	0.001908151856703455	0.045081983711849405	0.010440505187826361
GSE294385	Patient11	nominal_honeycomb_exact	stromal_retention	near175	four_gene_mean	2	2	84	70	0.0760505648865214	0.24949263426641322	0.5164539327534923	0.6905854430379746	0.34176008784582584	0.05552831459142868	0.0358176343598291	0.18438794129338268	0.12089979618562813
GSE294385	Patient11	nominal_honeycomb_exact	stricter_adjacency	near175	four_gene_mean	2	2	84	57	0.06080129150611158	0.2014839097196159	0.21030065137994652	0.7062104430379746	0.36899009337790223	0.016523977012592672	-0.0084350946775332	0.058541954987361366	-0.022603910841604957
GSE294385	Patient6	historical_raw_6nn	stromal_retention	near175	four_gene_mean	1	1	42	18	0.6280957841086973	1.1351691435887519	0.3215258855585831	0.5730337078651685	0.09018463154492566	0.5728994901068547	0.04115402869445439	1.035411859148038	0.07437843827371715
GSE294385	Patient6	historical_raw_6nn	stricter_adjacency	near175	four_gene_mean	1	1	42	12	0.5429697774784638	0.9813193351862017	0.20435967302452315	0.6292134831460674	0.09480968858131487	0.45159370932926146	0.047774544778762945	0.8161736748429594	0.08634381961154108
GSE294385	Patient6	nominal_honeycomb_exact	stromal_retention	near175	four_gene_mean	1	1	42	18	0.6298278621883286	1.1382995603819075	0.3215258855585831	0.5795454545454546	0.09018463154492566	0.575370039074768	0.04261818642082871	1.039876928054813	0.07702463765027523
GSE294385	Patient6	nominal_honeycomb_exact	stricter_adjacency	near175	four_gene_mean	1	1	42	10	0.36830050882327087	0.6656363308941764	0.24591280653950953	0.7272727272727273	0.10823675904251509	0.31774949774686506	0.11862760985914389	0.5742745523199417	0.21439787640173125
GSE294385	Patient9	historical_raw_6nn	stromal_retention	near175	four_gene_mean	2	2	84	63	0.11490855313404785	0.275339414269538	0.47985331775052353	0.5213031037362577	0.483664766419942	0.08981553100635292	0.010703838065683147	0.21204504612372368	0.024687083773686263
GSE294385	Patient9	historical_raw_6nn	stricter_adjacency	near175	four_gene_mean	2	2	84	49	0.1259108190198126	0.29769797814412224	0.1591767428574877	0.44427102586218703	0.500575975482395	0.07218690572517612	0.0050641290481522674	0.16315460047116387	0.004056094572415354
GSE294385	Patient9	nominal_honeycomb_exact	stromal_retention	near175	four_gene_mean	2	2	84	63	0.11490855313404785	0.275339414269538	0.47985331775052353	0.5213031037362577	0.483664766419942	0.0900554393210265	0.010461893388973964	0.2126741164646235	0.024149512198027644
GSE294385	Patient9	nominal_honeycomb_exact	stricter_adjacency	near175	four_gene_mean	2	2	84	49	0.13732204187695607	0.322063493366722	0.14038031376161922	0.44427102586218703	0.500575975482395	0.08569372648577488	0.0036878151536362813	0.19562319717797141	-0.0009155787558920159
Valdeolivas	A120838	historical_raw_6nn	stromal_retention	near175	four_gene_mean	2	1	72	10	0.13975064040051632	0.34966801189946284	0.2360248447204969	0.4881656804733728	0.9128440366972477	0.0719611801095863	-0.0037501486126629846	0.18005300520086379	-0.009383191418366837
Valdeolivas	A120838	historical_raw_6nn	stricter_adjacency	near175	four_gene_mean	2	1	72	2	0.06227510736369635	0.1558176257388288	0.13043478260869565	0.47041420118343197	0.9153772422292208	-0.033968790533789345	0.013279903526916437	-0.08499280875234921	0.03322745034416586
Valdeolivas	A120838	nominal_honeycomb_exact	stromal_retention	near175	four_gene_mean	2	1	72	10	0.13975064040051632	0.34966801189946284	0.2360248447204969	0.4881656804733728	0.9128440366972477	0.06913562507428339	-0.0026148030929462607	0.17298322570736507	-0.006542460173339623
Valdeolivas	A120838	nominal_honeycomb_exact	stricter_adjacency	near175	four_gene_mean	2	1	72	2	0.06227510736369635	0.1558176257388288	0.14285714285714285	0.47041420118343197	0.9153772422292208	-0.022972158009542387	0.004133614964344501	-0.057478297038324924	0.010342656909462511
Valdeolivas	A121573	historical_raw_6nn	stromal_retention	near175	four_gene_mean	2	2	72	67	0.06650555648872747	0.2808271280052216	0.43936617200071515	0.5889724310776943	0.3920274495750735	0.03697076972143017	0.017422472198837774	0.15746901832021654	0.07450690510320306
Valdeolivas	A121573	historical_raw_6nn	stricter_adjacency	near175	four_gene_mean	2	2	72	43	0.09094329685885312	0.3781250698291134	0.36450697300196677	0.6494808449695668	0.41935427071810005	0.05113419764249934	0.04641740484498179	0.21208411308535158	0.19299689580311513
Valdeolivas	A121573	nominal_honeycomb_exact	stromal_retention	near175	four_gene_mean	2	2	72	67	0.06650555648872747	0.2808271280052216	0.43936617200071515	0.5889724310776943	0.3920274495750735	0.03491724438367579	0.0164778369004481	0.14878165077160405	0.07046718836662245
Valdeolivas	A121573	nominal_honeycomb_exact	stricter_adjacency	near175	four_gene_mean	2	2	72	43	0.07969757275882272	0.3298982531709793	0.36296486679778295	0.6494808449695668	0.41935427071810005	0.03049674635580983	-0.007825933357485403	0.1250280129458049	-0.03191805367935456
Valdeolivas	A416371	historical_raw_6nn	stromal_retention	near175	four_gene_mean	2	2	72	53	0.047972118581522255	0.21127718014369007	0.20801224419898964	0.29528729541975746	0.6086860948624915	0.00479500833983431	0.005171974342561378	0.02090043446514148	0.02241418651506483
Valdeolivas	A416371	historical_raw_6nn	stricter_adjacency	near175	four_gene_mean	2	1	72	3	0.04456299525404771	0.19843874565713787	0.1184640522875817	0.3993288590604027	0.4973166497961307	0.0021624078468619676	-0.0037195985312465513	0.009629188933198224	-0.01656334953880046
Valdeolivas	A416371	nominal_honeycomb_exact	stromal_retention	near175	four_gene_mean	2	2	72	53	0.047289511056657435	0.20822396075783445	0.20801224419898964	0.2938171290498431	0.6086860948624915	0.00417295552224025	0.005551073853675807	0.018083639313115112	0.024091057075779528
Valdeolivas	A416371	nominal_honeycomb_exact	stricter_adjacency	near175	four_gene_mean	2	1	72	2	0.0519598715062117	0.2313769904248562	0.10294117647058823	0.4096989966555184	0.4935641547861507	0.008723727317856991	0.005506876611591688	0.03884670445829624	0.02452208791314641
Valdeolivas	A551763	historical_raw_6nn	stromal_retention	near175	four_gene_mean	2	0	72	0	NA	NA	NA	NA	NA	NA	NA	NA	NA
Valdeolivas	A551763	historical_raw_6nn	stricter_adjacency	near175	four_gene_mean	2	0	72	0	NA	NA	NA	NA	NA	NA	NA	NA	NA
Valdeolivas	A551763	nominal_honeycomb_exact	stromal_retention	near175	four_gene_mean	2	0	72	0	NA	NA	NA	NA	NA	NA	NA	NA	NA
Valdeolivas	A551763	nominal_honeycomb_exact	stricter_adjacency	near175	four_gene_mean	2	0	72	0	NA	NA	NA	NA	NA	NA	NA	NA	NA
Valdeolivas	A595688	historical_raw_6nn	stromal_retention	near175	four_gene_mean	2	1	72	20	0.06530095117519785	0.2859822185206938	0.7008547008547008	0.48	0.4715909090909091	0.04304564029058011	0.012381642464429854	0.18851620820830353	0.05422477800373252
Valdeolivas	A595688	historical_raw_6nn	stricter_adjacency	near175	four_gene_mean	2	1	72	13	0.15312643624619193	0.6706094959377269	0.6324786324786325	0.3333333333333333	0.4883720930232558	0.09427815223143998	0.08131441304463394	0.4128864074405607	0.3561123662321906
Valdeolivas	A595688	nominal_honeycomb_exact	stromal_retention	near175	four_gene_mean	2	1	72	20	0.07202089229654884	0.3154118613609089	0.7008547008547008	0.4864864864864865	0.4715909090909091	0.04433774990835504	0.005367432124973481	0.19417493703863561	0.023506397980955704
Valdeolivas	A595688	nominal_honeycomb_exact	stricter_adjacency	near175	four_gene_mean	2	1	72	13	0.18878218690148407	0.826762055615817	0.5641025641025641	0.33783783783783783	0.4883720930232558	0.13293278630252137	0.08672220234787154	0.5821724256196054	0.37979550643765453
Valdeolivas	A798015	historical_raw_6nn	stromal_retention	near175	four_gene_mean	2	0	72	0	NA	NA	NA	NA	NA	NA	NA	NA	NA
Valdeolivas	A798015	historical_raw_6nn	stricter_adjacency	near175	four_gene_mean	2	0	72	0	NA	NA	NA	NA	NA	NA	NA	NA	NA
Valdeolivas	A798015	nominal_honeycomb_exact	stromal_retention	near175	four_gene_mean	2	0	72	0	NA	NA	NA	NA	NA	NA	NA	NA	NA
Valdeolivas	A798015	nominal_honeycomb_exact	stricter_adjacency	near175	four_gene_mean	2	0	72	0	NA	NA	NA	NA	NA	NA	NA	NA	NA
Valdeolivas	A938797	historical_raw_6nn	stromal_retention	near175	four_gene_mean	2	2	72	40	0.1066102499234356	0.4167927324384013	0.21400613238905397	0.4738746507160322	0.8762544833230328	0.06757518343512597	0.07097858346271674	0.25889705313549016	0.2683992751138877
Valdeolivas	A938797	historical_raw_6nn	stricter_adjacency	near175	four_gene_mean	2	2	72	30	0.07636925620742052	0.2999187568707984	0.10308383192912478	0.49470798404936545	0.8787646750086877	0.026615603311489072	0.03566923115147724	0.09982797608254362	0.1337510649429928
Valdeolivas	A938797	nominal_honeycomb_exact	stromal_retention	near175	four_gene_mean	2	2	72	40	0.1066102499234356	0.4167927324384013	0.21400613238905397	0.4738746507160322	0.8762544833230328	0.06731855917531507	0.07131179193185366	0.2575930519214287	0.269763562964882
Valdeolivas	A938797	nominal_honeycomb_exact	stricter_adjacency	near175	four_gene_mean	2	2	72	26	0.07060437264156416	0.27607501493511477	0.08449672351337051	0.4954520316684131	0.8811275295480161	0.013347482437957733	0.02370341650469214	0.04615726309599586	0.08875449647721706
